id,pdcodm_code,pdcodm_name,passpartout_code,passpartout_name,cee_code,mapping_type,notes
mapping_100001,100001,Soci C/sottoscrizione,101.00001,SOCI C/SOTTOSCRIZIONE,AA,1:1,
mapping_100002,100002,Associati C/sottoscrizione,101.00003,ASSOCIATI C/SOTTOSCRIZIONE,AA,1:1,
mapping_100003,100003,Soci C/sottoscrizioni Richiamate,101.00002,SOCI C/SOTTOSCRIZIONI RICHIAMATE,AB,1:1,
mapping_100004,100004,Associati C/sottoscriz. Richiamate,101.00004,ASSOCIATI C/SOTTOSCRIZ. RICHIAMATE,AB,1:1,
mapping_110001,110001,Costi di Impianto,102.00001,COSTI DI IMPIANTO,BI1,1:1,
mapping_110002,110002,Costi di Ampliamento,102.00002,COSTI DI AMPLIAMENTO,BI1,1:1,
mapping_110003,110003,Spese di Costituzione,102.00003,SPESE DI COSTITUZIONE,BI1,1:1,
mapping_110004,110004,Spese per Modifiche Statutarie,102.00004,SPESE PER MODIFICHE STATUTARIE,BI1,1:1,
mapping_110005,110005,Costi Impianto — Amm. Diretto,106.00001,COSTI IMPIANTO - amm.diretto,BI1,1:1,
mapping_110006,110006,Costi di Ampliamento — Amm. Diretto,106.00002,COSTI DI AMPLIAMENTO - amm.diretto,BI1,1:1,
mapping_110007,110007,Spese di Costituzione — Amm. Diretto,106.00003,SPESE DI COSTITUZIONE - amm.diretto,BI1,1:1,
mapping_110008,110008,Spese Modifiche Statut.- Amm. Diretto,106.00004,SPESE MODIFICHE STATUT.- amm.diretto,BI1,1:1,
mapping_119001,119001,F.amm. Costi D'impianto,112.00001,F.AMM. COSTI D'IMPIANTO,BI1A,1:1,
mapping_119002,119002,F.amm. Costi di Ampliamento,112.00002,F.AMM. COSTI DI AMPLIAMENTO,BI1A,1:1,
mapping_119003,119003,F.amm. Spese di Costituzione,112.00003,F.AMM. SPESE DI COSTITUZIONE,BI1A,1:1,
mapping_119004,119004,F.amm. Spese Modifiche Statutarie,112.00004,F.AMM. SPESE MODIFICHE STATUTARIE,BI1A,1:1,
mapping_119005,119005,F.amm. Inded. Immob. Immateriali (BI1),112.00005,F.AMM. INDED.IMMOB.IMMATERIALI (BI1),BI1A,1:1,
mapping_118001,118001,F.do Svalut. Costi Impianto,122.00001,F.DO SVALUT.COSTI IMPIANTO,BI1B,1:1,
mapping_118002,118002,F.do Svalut. Costi Ampliamento,122.00002,F.DO SVALUT.COSTI AMPLIAMENTO,BI1B,1:1,
mapping_118003,118003,F.do Svalut. Spese Costituzione,122.00003,F.DO SVALUT.SPESE COSTITUZIONE,BI1B,1:1,
mapping_118004,118004,F.do Svalut. Spese Modifiche Statutar,122.00004,F.DO SVALUT.SPESE MODIFICHE STATUTAR,BI1B,1:1,
mapping_110009,110009,Costi di Sviluppo,102.00011,COSTI DI SVILUPPO,BI2,1:1,
mapping_110010,110010,Costi di Sviluppo-amm. Diretto,106.00011,COSTI DI SVILUPPO-amm.diretto,BI2,1:1,
mapping_119006,119006,F.amm. Costi di Sviluppo,112.00011,F.AMM. COSTI DI SVILUPPO,BI2A,1:1,
mapping_119007,119007,F.amm. Inded. Immob. Immateriali (BI2),112.00015,F.AMM. INDED.IMMOB.IMMATERIALI (BI2),BI2A,1:1,
mapping_118005,118005,F.do Svalut. Costi di Sviluppo,122.00011,F.DO SVALUT.COSTI DI SVILUPPO,BI2B,1:1,
mapping_110011,110011,Diritti di Brevetto,102.00021,DIRITTI DI BREVETTO,BI3,1:1,
mapping_110012,110012,Diritti di Utiliz. delle Opere Ingegn,102.00022,DIRITTI DI UTILIZ.DELLE OPERE INGEGN,BI3,1:1,
mapping_119008,119008,F.amm. Diritti di Brevetto,112.00021,F.AMM. DIRITTI DI BREVETTO,BI3A,1:1,
mapping_119009,119009,F.amm. Diritti Utiliz. Opere Ingegno,112.00022,F.AMM. DIRITTI UTILIZ.OPERE INGEGNO,BI3A,1:1,
mapping_119010,119010,F.amm. Inded. Immob. Immateriali (BI3),112.00025,F.AMM. INDED.IMMOB.IMMATERIALI (BI3),BI3A,1:1,
mapping_118006,118006,F.do Svalut. Diritti di Brevetto,122.00021,F.DO SVALUT.DIRITTI DI BREVETTO,BI3B,1:1,
mapping_118007,118007,F.do Svalut. Diritti Util. Opere Ingeg,122.00022,F.DO SVALUT.DIRITTI UTIL.OPERE INGEG,BI3B,1:1,
mapping_110013,110013,"Concessioni,licenze e Diritti Simili",102.00031,"CONCESSIONI,LICENZE E DIRITTI SIMILI",BI4,1:1,
mapping_110014,110014,Marchi di Fabbrica e di Commercio,102.00032,MARCHI DI FABBRICA E DI COMMERCIO,BI4,1:1,
mapping_110015,110015,Licenze di Programmi Software,102.00033,LICENZE DI PROGRAMMI SOFTWARE,BI4,1:1,
mapping_110016,110016,Know How,102.00034,KNOW HOW,BI4,1:1,
mapping_119011,119011,F.amm. Conces. Licenze-altri Simili,112.00031,F.AMM. CONCES.LICENZE-ALTRI SIMILI,BI4A,1:1,
mapping_119012,119012,F.amm. Marchi di Fabbrica e di Comm.,112.00032,F.AMM. MARCHI DI FABBRICA E DI COMM.,BI4A,1:1,
mapping_119013,119013,F.amm. Licenze Programmi Software,112.00033,F.AMM. LICENZE  PROGRAMMI SOFTWARE,BI4A,1:1,
mapping_119014,119014,F.amm. Know How,112.00034,F.AMM. KNOW HOW,BI4A,1:1,
mapping_119015,119015,F.amm. Inded. Immob. Immateriali (BI4),112.00035,F.AMM. INDED.IMMOB.IMMATERIALI (BI4),BI4A,1:1,
mapping_118008,118008,F.do Svalut. Concessioni-licenze,122.00031,F.DO SVALUT.CONCESSIONI-LICENZE,BI4B,1:1,
mapping_118009,118009,F.do Svalut. Marchi Fabbr. e Commercio,122.00032,F.DO SVALUT.MARCHI FABBR.E COMMERCIO,BI4B,1:1,
mapping_118010,118010,F.do Svalut. Licenze Progr. Software,122.00033,F.DO SVALUT.LICENZE PROGR.SOFTWARE,BI4B,1:1,
mapping_118011,118011,F.do Svalut. Know How,122.00034,F.DO SVALUT.KNOW HOW,BI4B,1:1,
mapping_110017,110017,Avviamento,102.00041,AVVIAMENTO,BI5,1:1,
mapping_119016,119016,F.amm. Avviamento,112.00041,F.AMM. AVVIAMENTO,BI5A,1:1,
mapping_119017,119017,F.amm. Inded. Immob. Immateriali (BI5),112.00045,F.AMM. INDED.IMMOB.IMMATERIALI (BI5),BI5A,1:1,
mapping_118012,118012,F.do Svalut. Avviamento,122.00041,F.DO SVALUT.AVVIAMENTO,BI5B,1:1,
mapping_110018,110018,Immobil. Immateriali in Corso,102.00051,IMMOBIL.IMMATERIALI IN CORSO,BI6,1:1,
mapping_110019,110019,Acconti a Fornitori per Imm. Imm.,102.00052,ACCONTI A FORNITORI PER IMM. IMM.,BI6,1:1,
mapping_118013,118013,F.do Svalut. Immob. Immat. in Corso,122.00051,F.DO SVALUT.IMMOB.IMMAT.IN CORSO,BI6B,1:1,
mapping_118014,118014,F.do Svalut. Acconti Fornit. Immob. Imm,122.00052,F.DO SVALUT.ACCONTI FORNIT.IMMOB.IMM,BI6B,1:1,
mapping_110020,110020,Altre Immobiliz. Immateriali,102.00061,ALTRE IMMOBILIZ. IMMATERIALI,BI7,1:1,
mapping_110021,110021,Costi per Migliorie Beni di Terzi,102.00062,COSTI PER MIGLIORIE BENI DI TERZI,BI7,1:1,
mapping_119018,119018,F.amm. Altre Immob. Immateriali,112.00061,F.AMM. ALTRE IMMOB.IMMATERIALI,BI7A,1:1,
mapping_119019,119019,F.amm. Costi Migliorie Beni di Terzi,112.00062,F.AMM. COSTI MIGLIORIE BENI DI TERZI,BI7A,1:1,
mapping_119020,119020,F.amm. Inded. Immob. Immateriali (BI7),112.00100,F.AMM. INDED.IMMOB.IMMATERIALI (BI7),BI7A,1:1,
mapping_118015,118015,F.do Svalut. Altre Immob. Immateriali,122.00061,F.DO SVALUT.ALTRE IMMOB.IMMATERIALI,BI7B,1:1,
mapping_118016,118016,F.do Svalut. Costi Miglior. Beni Terzi,122.00062,F.DO SVALUT.COSTI MIGLIOR.BENI TERZI,BI7B,1:1,
mapping_120001,120001,Terreni,104.00001,TERRENI,BII1,1:1,
mapping_120002,120002,Fabbricati Civili,104.00002,FABBRICATI CIVILI,BII1,1:1,
mapping_120003,120003,Fabbricati Commerciali,104.00003,FABBRICATI COMMERCIALI,BII1,1:1,
mapping_120004,120004,Costruzioni Leggere,104.00004,COSTRUZIONI LEGGERE,BII1,1:1,
mapping_120005,120005,Fabbricati Industriali,104.00005,FABBRICATI INDUSTRIALI,BII1,1:1,
mapping_120006,120006,Fabbricati Civili Strumentali,104.00006,FABBRICATI CIVILI STRUMENTALI,BII1,1:1,
mapping_120007,120007,Immobili Strum. Categ. A/10-uffici,104.00008,IMMOBILI STRUM.CATEG.A/10-UFFICI,BII1,1:1,
mapping_129001,129001,F.amm. Terreni,114.00001,F.AMM. TERRENI,BII1A,1:1,
mapping_129002,129002,F.amm. Fabbricati Civili,114.00002,F.AMM. FABBRICATI CIVILI,BII1A,1:1,
mapping_129003,129003,F.amm. Fabbricati Commerciali,114.00003,F.AMM. FABBRICATI COMMERCIALI,BII1A,1:1,
mapping_129004,129004,F.amm. Costruzioni Leggere,114.00004,F.AMM. COSTRUZIONI LEGGERE,BII1A,1:1,
mapping_129005,129005,F.amm. Fabbricati Industriali,114.00005,F.AMM. FABBRICATI INDUSTRIALI,BII1A,1:1,
mapping_129006,129006,F.amm. Fabb. Civili Strumentali,114.00006,F.AMM. FABB.CIVILI STRUMENTALI,BII1A,1:1,
mapping_129007,129007,F.amm. Immob. Strumentali Cat. A/10,114.00008,F.AMM. IMMOB.STRUMENTALI CAT.A/10,BII1A,1:1,
mapping_129008,129008,F.amm. Inded. Immob. Materiali (BII1),114.00010,F.AMM. INDED.IMMOB.MATERIALI (BII1),BII1A,1:1,
mapping_129009,129009,F.amm. Ant. Terreni,114.00101,F.AMM. ANT. TERRENI,BII1A,1:1,
mapping_129010,129010,F.amm. Ant. Fabbricati Civili,114.00102,F.AMM. ANT. FABBRICATI CIVILI,BII1A,1:1,
mapping_129011,129011,F.amm. Ant. Fabbricati Commerciali,114.00103,F.AMM. ANT. FABBRICATI COMMERCIALI,BII1A,1:1,
mapping_129012,129012,F.amm. Ant. Costruzioni Leggere,114.00104,F.AMM. ANT. COSTRUZIONI LEGGERE,BII1A,1:1,
mapping_129013,129013,F.amm. Ant. Fabbricati Industriali,114.00105,F.AMM. ANT. FABBRICATI INDUSTRIALI,BII1A,1:1,
mapping_129014,129014,F.amm. Ant. Fabb. Civili Strumentali,114.00106,F.AMM. ANT. FABB. CIVILI STRUMENTALI,BII1A,1:1,
mapping_129015,129015,F.amm. Ant. Imm. Strumentali Cat. A/10,114.00108,F.AMM. ANT.IMM.STRUMENTALI CAT. A/10,BII1A,1:1,
mapping_128001,128001,F.do Svalut. Terreni,124.00001,F.DO SVALUT.TERRENI,BII1B,1:1,
mapping_128002,128002,F.do Svalut. Fabbricati Civili,124.00002,F.DO SVALUT.FABBRICATI CIVILI,BII1B,1:1,
mapping_128003,128003,F.do Svalut. Fabbricati Strumentali,124.00003,F.DO SVALUT.FABBRICATI STRUMENTALI,BII1B,1:1,
mapping_128004,128004,F.do Svalut. Costruzioni Leggere,124.00004,F.DO SVALUT.COSTRUZIONI LEGGERE,BII1B,1:1,
mapping_128005,128005,F.do Svalut. Fabbricati Industriali,124.00005,F.DO SVALUT.FABBRICATI INDUSTRIALI,BII1B,1:1,
mapping_120008,120008,Impianti Generici,104.00011,IMPIANTI GENERICI,BII2,1:1,
mapping_120009,120009,Impianti Specifici,104.00012,IMPIANTI SPECIFICI,BII2,1:1,
mapping_120010,120010,Macchinari,104.00013,MACCHINARI,BII2,1:1,
mapping_120011,120011,Impianti D'allarme-antifurto,104.00014,IMPIANTI D'ALLARME-ANTIFURTO,BII2,1:1,
mapping_120012,120012,Impianti Telefonici,104.00015,IMPIANTI TELEFONICI,BII2,1:1,
mapping_129016,129016,F.amm. Impianti Generici,114.00011,F.AMM. IMPIANTI GENERICI,BII2A,1:1,
mapping_129017,129017,F.amm. Impianti Specifici,114.00012,F.AMM. IMPIANTI SPECIFICI,BII2A,1:1,
mapping_129018,129018,F.amm. Macchinari,114.00013,F.AMM. MACCHINARI,BII2A,1:1,
mapping_129019,129019,F.amm. Impianti Allarme-antifurto,114.00014,F.AMM. IMPIANTI ALLARME-ANTIFURTO,BII2A,1:1,
mapping_129020,129020,F.amm. Impianti Telefonici,114.00015,F.AMM. IMPIANTI TELEFONICI,BII2A,1:1,
mapping_129021,129021,F.amm. Inded. Immob. Materiali (BII2),114.00020,F.AMM. INDED.IMMOB.MATERIALI (BII2),BII2A,1:1,
mapping_129022,129022,F.amm. Ant. Impianti Generici,114.00111,F.AMM. ANT. IMPIANTI GENERICI,BII2A,1:1,
mapping_129023,129023,F.amm. Ant. Impianti Specifici,114.00112,F.AMM. ANT. IMPIANTI SPECIFICI,BII2A,1:1,
mapping_129024,129024,F.amm. Ant. Macchinari,114.00113,F.AMM. ANT. MACCHINARI,BII2A,1:1,
mapping_129025,129025,F.amm. Ant. Impianti Allarme-antif.,114.00114,F.AMM. ANT. IMPIANTI ALLARME-ANTIF.,BII2A,1:1,
mapping_129026,129026,F.amm. Ant. Impianti Telefonici,114.00115,F.AMM. ANT. IMPIANTI TELEFONICI,BII2A,1:1,
mapping_128006,128006,F.do Svalut. Impianti Generici,124.00011,F.DO SVALUT.IMPIANTI GENERICI,BII2B,1:1,
mapping_128007,128007,F.do Svalut. Impianti Specifici,124.00012,F.DO SVALUT.IMPIANTI SPECIFICI,BII2B,1:1,
mapping_128008,128008,F.do Svalut. Macchinari,124.00013,F.DO SVALUT.MACCHINARI,BII2B,1:1,
mapping_128009,128009,F.do Svalut. Impianti Allarme-antifur,124.00014,F.DO SVALUT.IMPIANTI ALLARME-ANTIFUR,BII2B,1:1,
mapping_128010,128010,F.do Svalut. Impianti Telefonici,124.00015,F.DO SVALUT.IMPIANTI TELEFONICI,BII2B,1:1,
mapping_120013,120013,Attrezzat. Ind. Li e Comm. Li,104.00021,ATTREZZAT.IND.LI E COMM.LI,BII3,1:1,
mapping_120014,120014,Attrezzature Varie e Minute,104.00022,ATTREZZATURE VARIE E MINUTE,BII3,1:1,
mapping_129027,129027,F.amm. Attrez. Ind. Li e Comm. Li,114.00021,F.AMM. ATTREZ.IND.LI E COMM.LI,BII3A,1:1,
mapping_129028,129028,F.amm. Attrez. Varie e Minuta,114.00022,F.AMM. ATTREZ.VARIE E MINUTA,BII3A,1:1,
mapping_129029,129029,F.amm. Inded. Immob. Materiali (BII3),114.00025,F.AMM. INDED.IMMOB.MATERIALI (BII3),BII3A,1:1,
mapping_129030,129030,F.amm. Ant. Attr. Industriali-comm.,114.00121,F.AMM. ANT. ATTR.INDUSTRIALI-COMM.,BII3A,1:1,
mapping_129031,129031,F.amm. Ant. Attr. Varia e Minuta,114.00122,F.AMM. ANT. ATTR.VARIA E MINUTA,BII3A,1:1,
mapping_128011,128011,F.do Svalut. Attrez. Ind. e Commerciali,124.00021,F.DO SVALUT.ATTREZ.IND.E COMMERCIALI,BII3B,1:1,
mapping_128012,128012,F.do Svalut. Attrez. Varia e Minuta,124.00022,F.DO SVALUT.ATTREZ.VARIA E MINUTA,BII3B,1:1,
mapping_120015,120015,Mobili,104.00031,MOBILI,BII4,1:1,
mapping_120016,120016,Macch. Elettriche-elettron. D'ufficio,104.00032,MACCH.ELETTRICHE-ELETTRON.D'UFFICIO,BII4,1:1,
mapping_120017,120017,Autovetture,104.00033,AUTOVETTURE,BII4,1:1,
mapping_120018,120018,Autocarri,104.00034,AUTOCARRI,BII4,1:1,
mapping_120019,120019,Arredamento,104.00035,ARREDAMENTO,BII4,1:1,
mapping_120020,120020,Altri Beni Materiali,104.00036,ALTRI BENI MATERIALI,BII4,1:1,
mapping_120021,120021,"Beni Strumentali Inferiori 516,46",104.00037,"BENI STRUMENTALI INFERIORI 516,46",BII4,1:1,
mapping_120022,120022,Motoveicoli-ciclomotori,104.00038,MOTOVEICOLI-CICLOMOTORI,BII4,1:1,
mapping_120023,120023,Autoveicoli Autotrasportatori,104.00039,AUTOVEICOLI AUTOTRASPORTATORI,BII4,1:1,
mapping_129032,129032,F.amm. Mobili,114.00031,F.AMM. MOBILI,BII4A,1:1,
mapping_129033,129033,F.amm. Macchine Elettriche D'ufficio,114.00032,F.AMM. MACCHINE ELETTRICHE D'UFFICIO,BII4A,1:1,
mapping_129034,129034,F.amm. Autovetture,114.00033,F.AMM. AUTOVETTURE,BII4A,1:1,
mapping_129035,129035,F.amm. Autocarri,114.00034,F.AMM. AUTOCARRI,BII4A,1:1,
mapping_129036,129036,F.amm. Arredamento,114.00035,F.AMM. ARREDAMENTO,BII4A,1:1,
mapping_129037,129037,F.amm. Altri Beni Materiali,114.00036,F.AMM. ALTRI BENI MATERIALI,BII4A,1:1,
mapping_129038,129038,"F.amm. Beni Infer.516,46",114.00037,"F.AMM. BENI INFER.516,46",BII4A,1:1,
mapping_129039,129039,F.amm. Motoveicoli-ciclomotori,114.00038,F.AMM. MOTOVEICOLI-CICLOMOTORI,BII4A,1:1,
mapping_129040,129040,F.amm. Autoveicoli Autotrasportatori,114.00039,F.AMM. AUTOVEICOLI AUTOTRASPORTATORI,BII4A,1:1,
mapping_129041,129041,F.amm. Ant. Mobili,114.00131,F.AMM. ANT. MOBILI,BII4A,1:1,
mapping_129042,129042,F.amm. Ant. Macchine Elett. Ufficio,114.00132,F.AMM. ANT. MACCHINE ELETT. UFFICIO,BII4A,1:1,
mapping_129043,129043,F.amm. Ant. Autovetture,114.00133,F.AMM. ANT. AUTOVETTURE,BII4A,1:1,
mapping_129044,129044,F.amm. Ant. Autocarri,114.00134,F.AMM. ANT. AUTOCARRI,BII4A,1:1,
mapping_129045,129045,F.amm. Ant. Arredamento,114.00135,F.AMM. ANT. ARREDAMENTO,BII4A,1:1,
mapping_129046,129046,F.amm. Ant. Altri Beni Materiali,114.00136,F.AMM. ANT. ALTRI BENI MATERIALI,BII4A,1:1,
mapping_129047,129047,"F.amm. Ant. Beni Strum. Inf. 516,46",114.00137,"F.AMM. ANT. BENI STRUM. INF. 516,46",BII4A,1:1,
mapping_129048,129048,F.amm. Ant. Motoveicoli — Ciclomotori,114.00138,F.AMM.ANT. MOTOVEICOLI - CICLOMOTORI,BII4A,1:1,
mapping_129049,129049,F.amm. Ant. Autoveicoli Autotrasport.,114.00139,F.AMM.ANT. AUTOVEICOLI AUTOTRASPORT.,BII4A,1:1,
mapping_129050,129050,F.amm. Inded. Immob. Materiali (BII4),114.00500,F.AMM. INDED.IMMOB.MATERIALI (BII4),BII4A,1:1,
mapping_128013,128013,F.do Svalut. Mobili,124.00031,F.DO SVALUT.MOBILI,BII4B,1:1,
mapping_128014,128014,F.do Svalut. Macch. Elettriche Ufficio,124.00032,F.DO SVALUT.MACCH.ELETTRICHE UFFICIO,BII4B,1:1,
mapping_128015,128015,F.do Svalut. Autovetture,124.00033,F.DO SVALUT.AUTOVETTURE,BII4B,1:1,
mapping_128016,128016,F.do Svalut. Autocarri,124.00034,F.DO SVALUT.AUTOCARRI,BII4B,1:1,
mapping_128017,128017,F.do Svalut. Arredamento,124.00035,F.DO SVALUT.ARREDAMENTO,BII4B,1:1,
mapping_128018,128018,F.do Svalut. Altri Beni Materiali,124.00036,F.DO SVALUT.ALTRI BENI MATERIALI,BII4B,1:1,
mapping_120024,120024,Immobilizzazioni Materiali in Corso,104.00041,IMMOBILIZZAZIONI MATERIALI IN CORSO,BII5,1:1,
mapping_120025,120025,Acconti a Fornitori Imm. Materiali,104.00042,ACCONTI A FORNITORI IMM. MATERIALI,BII5,1:1,
mapping_120026,120026,Acconti a Fornitori Imm. Strumentali,104.00043,ACCONTI A FORNITORI IMM. STRUMENTALI,BII5,1:1,
mapping_128019,128019,F.do Svalut. Immob. Materiali in Corso,124.00041,F.DO SVALUT.IMMOB.MATERIALI IN CORSO,BII5B,1:1,
mapping_128020,128020,F.do Svalut. Acconti Fornit. Immob. Mat,124.00042,F.DO SVALUT.ACCONTI FORNIT.IMMOB.MAT,BII5B,1:1,
mapping_130001,130001,Partec. Impr. Controllate,108.00001,PARTEC.IMPR.CONTROLLATE,BIII1A,1:1,
mapping_130002,130002,F.do Svalut. Partec. Impr. Controllate,128.00001,F.DO SVALUT.PARTEC.IMPR.CONTROLLATE,BIII1A,1:1,
mapping_130003,130003,Partec. Impr. Collegate,108.00011,PARTEC.IMPR.COLLEGATE,BIII1B,1:1,
mapping_130004,130004,F.do Svalut. Partec. Impr. Collegate,128.00011,F.DO SVALUT.PARTEC.IMPR.COLLEGATE,BIII1B,1:1,
mapping_130005,130005,Partec. Impr. Controllanti,108.00021,PARTEC.IMPR.CONTROLLANTI,BIII1C,1:1,
mapping_130006,130006,F.do Svalut. Partec. Impr. Controllanti,128.00021,F.DO SVALUT.PARTEC.IMPR.CONTROLLANTI,BIII1C,1:1,
mapping_130007,130007,Partec. V/consociate,108.00071,PARTEC. vs CONSOCIATE,BIII1D,1:1,
mapping_130008,130008,F.do Sval. Partec. V/consociate,128.00071,F.DO SVAL.PARTEC.vs CONSOCIATE,BIII1D,1:1,
mapping_130009,130009,Partec. Altre Imprese,108.00031,PARTEC.ALTRE IMPRESE,BIII1DBIS,1:1,
mapping_130010,130010,F.do Svalut. Partec. Altre Imprese,128.00031,F.DO SVALUT.PARTEC.ALTRE IMPRESE,BIII1DBIS,1:1,
mapping_130011,130011,Cred. Impr. Controllate <12mesi,108.00046,CRED.IMPR.CONTROLLATE <12mesi,BIII2A1,1:1,
mapping_130012,130012,Cred. Impr. Controllate >12mesi,108.00041,CRED.IMPR.CONTROLLATE >12mesi,BIII2A2,1:1,
mapping_130013,130013,F.do Svalut. Cred. Impr. Controllate,128.00041,F.DO SVALUT.CRED.IMPR.CONTROLLATE,BIII2A2,1:1,
mapping_130014,130014,Cred. Impr. Collegate <12mesi,108.00056,CRED.IMPR.COLLEGATE <12mesi,BIII2B1,1:1,
mapping_130015,130015,Cred. Impr. Collegate >12mesi,108.00051,CRED.IMPR.COLLEGATE >12mesi,BIII2B2,1:1,
mapping_130016,130016,F.do Svalut. Cred. Impr. Collegate,128.00051,F.DO SVALUT.CRED.IMPR.COLLEGATE,BIII2B2,1:1,
mapping_130017,130017,Cred. Impr. Controllanti <12mesi,108.00066,CRED.IMPR.CONTROLLANTI <12mesi,BIII2C1,1:1,
mapping_130018,130018,Cred. Impr. Controllanti >12mesi,108.00061,CRED.IMPR.CONTROLLANTI >12mesi,BIII2C2,1:1,
mapping_130019,130019,F.do Svalut. Cred. Impr. Controllanti,128.00061,F.DO SVALUT.CRED.IMPR.CONTROLLANTI,BIII2C2,1:1,
mapping_130020,130020,Cred. V/consociate <12mesi,108.00161,CRED. vs CONSOCIATE <12mesi,BIII2D1,1:1,
mapping_130021,130021,F.do Sval. V/consociate <12mesi,128.00161,F.DO SVAL. vs CONSOCIATE <12mesi,BIII2D1,1:1,
mapping_130022,130022,Cred. V/consociate >12mesi,108.00162,CRED. vs CONSOCIATE >12mesi,BIII2D2,1:1,
mapping_130023,130023,F.do Sval. V/consociate >12mesi,128.00162,F.DO SVAL. vs CONSOCIATE >12mesi,BIII2D2,1:1,
mapping_130024,130024,Depos. Cauz/caparre Forn.<12mesi,108.00111,DEPOS.CAUZ/CAPARRE FORN.<12mesi,BIII2DBIS1,1:1,
mapping_130025,130025,Depos. Cauzionali Vari <12mesi,108.00131,DEPOS.CAUZIONALI VARI <12mesi,BIII2DBIS1,1:1,
mapping_130026,130026,Cred. V/altre Imprese <12mesi,108.00151,CRED.vs ALTRE IMPRESE <12mesi,BIII2DBIS1,1:1,
mapping_130027,130027,Crediti Finanziari Ets <12mesi,108.00163,CREDITI FINANZIARI ETS <12mesi,BIII2DBIS1,1:1,
mapping_130028,130028,Fondo Sval. Crediti Fin. Ets <12mesi,128.00163,FONDO SVAL. CREDITI FIN. ETS <12mesi,BIII2DBIS1,1:1,
mapping_130029,130029,Depos. Cauz/caparre Forn.>12mesi,108.00101,DEPOS.CAUZ/CAPARRE FORN.>12mesi,BIII2DBIS2,1:1,
mapping_130030,130030,Depos. Cauzionali Vari >12mesi,108.00121,DEPOS.CAUZIONALI VARI >12mesi,BIII2DBIS2,1:1,
mapping_130031,130031,Cred. V/altre Imprese >12mesi,108.00141,CRED.vs ALTRE IMPRESE >12mesi,BIII2DBIS2,1:1,
mapping_130032,130032,Crediti Finanziari Ets >12mesi,108.00164,CREDITI FINANZIARI ETS >12mesi,BIII2DBIS2,1:1,
mapping_130033,130033,F.do Svalut. Crediti V/altri,128.00100,F.DO SVALUT.CREDITI vs ALTRI,BIII2DBIS2,1:1,
mapping_130034,130034,Fondo Sval. Crediti Fin. Ets >12mesi,128.00164,FONDO SVAL. CREDITI FIN. ETS >12mesi,BIII2DBIS2,1:1,
mapping_130035,130035,Titoli Stato Lungo Termine,108.00201,TITOLI STATO LUNGO TERMINE,BIII3,1:1,
mapping_130036,130036,Obbligazioni,108.00221,OBBLIGAZIONI,BIII3,1:1,
mapping_130037,130037,Certificati Deposito >12mesi,108.00241,CERTIFICATI DEPOSITO >12mesi,BIII3,1:1,
mapping_130038,130038,F.do Svalut. Altri Titoli Immobilizz.,128.00200,F.DO SVALUT.ALTRI TITOLI IMMOBILIZZ.,BIII3,1:1,
mapping_130039,130039,Strumenti Fin. Derivati Attivi,108.00311,STRUMENTI FIN. DERIVATI ATTIVI,BIII4,1:1,
mapping_130040,130040,F.do Svalut. Strum. Fin. Der. Attivi,128.00311,F.DO SVALUT.STRUM. FIN. DER.ATTIVI,BIII4,1:1,
mapping_140001,140001,Materie Prime,204.00001,MATERIE PRIME,CI1,1:1,
mapping_140002,140002,Materie Sussidiarie,204.00011,MATERIE SUSSIDIARIE,CI1,1:1,
mapping_140003,140003,Materie di Consumo,204.00021,MATERIE DI CONSUMO,CI1,1:1,
mapping_140004,140004,Materiali Vari,204.00031,MATERIALI VARI,CI1,1:1,
mapping_140005,140005,F.do Svalut. Mat. Prime-sussid-consumo,204.00042,F.DO SVALUT.MAT.PRIME-SUSSID-CONSUMO,CI1,1:1,
mapping_140006,140006,Prodotti in Corso di Lavorazione,205.00001,PRODOTTI IN CORSO DI LAVORAZIONE,CI2,1:1,
mapping_140007,140007,Semilavorati,205.00011,SEMILAVORATI,CI2,1:1,
mapping_140008,140008,F.do Svalut. Prod. C. So Lavor-semilav.,205.00019,F.DO SVALUT.PROD.C.SO LAVOR-SEMILAV.,CI2,1:1,
mapping_140009,140009,Lavori in Corso su Ordinazione,205.00021,LAVORI IN CORSO SU ORDINAZIONE,CI3,1:1,
mapping_140010,140010,F.do Rischi Contrattuali,205.00031,F.DO RISCHI CONTRATTUALI,CI3,1:1,
mapping_140011,140011,Merci,206.00001,MERCI,CI4,1:1,
mapping_140012,140012,Prodotti Finiti,206.00011,PRODOTTI FINITI,CI4,1:1,
mapping_140013,140013,Generi a Ricavo Fisso,206.00021,GENERI A RICAVO FISSO,CI4,1:1,
mapping_140014,140014,F.do Svalut. Merci-prod. Finiti,206.00031,F.DO SVALUT.MERCI-PROD.FINITI,CI4,1:1,
mapping_140015,140015,Acconti Fornit-materie Prime,204.00041,ACCONTI FORNIT-MATERIE PRIME,CI5,1:1,
mapping_140016,140016,Acconti Fornit-merci,206.00051,ACCONTI FORNIT-MERCI,CI5,1:1,
mapping_140017,140017,Immob. Mater. Destinate alla Vendita,207.00001,IMMOB.MATER. DESTINATE ALLA VENDITA,CI6,1:1,
mapping_140018,140018,F.do Svalut. Imm. Mat. Destin. Vendita,207.00002,F.DO SVALUT.IMM.MAT. DESTIN.VENDITA,CI6,1:1,
mapping_150001,150001,Effetti Portafoglio <12mesi,208.00001,EFFETTI PORTAFOGLIO <12mesi,CII1A,1:1,
mapping_150002,150002,Effetti allo Sconto,208.00011,EFFETTI ALLO SCONTO,CII1A,1:1,
mapping_150003,150003,Effetti All'incasso,208.00021,EFFETTI ALL'INCASSO,CII1A,1:1,
mapping_150004,150004,Effetti Salvo Buon Fine,208.00031,EFFETTI SALVO BUON FINE,CII1A,1:1,
mapping_150005,150005,Effetti Insol-protest.<12mesi,208.00041,EFFETTI INSOL-PROTEST.<12mesi,CII1A,1:1,
mapping_150006,150006,Cred. Insol. V/clienti <12mesi,208.00081,CRED.INSOL.vs CLIENTI <12mesi,CII1A,1:1,
mapping_150007,150007,Clienti C/fatture da Emettere,208.00121,CLIENTI C/FATTURE DA EMETTERE,CII1A,1:1,
mapping_150008,150008,Clienti C/note Credito da Emettere,208.00151,CLIENTI C/NOTE CREDITO DA EMETTERE,CII1A,1:1,
mapping_150009,150009,Cred. per Inter. Mora <12mesi,208.00201,CRED.PER INTER.MORA <12mesi,CII1A,1:1,
mapping_150010,150010,Clienti C/spese Anticipate,208.00221,CLIENTI C/SPESE ANTICIPATE,CII1A,1:1,
mapping_150011,150011,Crediti Emissione Notule,208.00231,CREDITI EMISSIONE NOTULE,CII1A,1:1,
mapping_150012,150012,Altri Crediti V/clienti,208.00241,ALTRI CREDITI vs CLIENTI,CII1A,1:1,
mapping_150013,150013,F.do Svalut. Cred. V/clienti,208.00301,F.DO SVALUT.CRED.vs CLIENTI,CII1A,1:1,
mapping_150014,150014,Cred. V/privati per Contr. <12mesi,226.00001,CRED. vs PRIVATI PER CONTR. <12mesi,CII1A,1:1,
mapping_150015,150015,Effetti Portafoglio >12mesi,208.00003,EFFETTI PORTAFOGLIO >12mesi,CII1B,1:1,
mapping_150016,150016,Cred. Insol. V/clienti >12mesi,208.00101,CRED.INSOL.vs CLIENTI >12mesi,CII1B,1:1,
mapping_150017,150017,Cred. per Inter. Mora >12mesi,208.00211,CRED.PER INTER.MORA >12mesi,CII1B,1:1,
mapping_151001,151001,Cred. Impr. Controllate <12mesi,210.00001,CRED.IMPR.CONTROLLATE <12mesi,CII2A,1:1,
mapping_151002,151002,Cred. Impr. Controllate >12mesi,210.00011,CRED.IMPR.CONTROLLATE >12mesi,CII2B,1:1,
mapping_151003,151003,Cred. Impr. Collegate <12mesi,210.00021,CRED.IMPR.COLLEGATE <12mesi,CII3A,1:1,
mapping_151004,151004,Cred. Impr. Collegate >12mesi,210.00031,CRED.IMPR.COLLEGATE >12mesi,CII3B,1:1,
mapping_151005,151005,Cred. Impr. Controllanti <12mesi,210.00041,CRED.IMPR.CONTROLLANTI <12mesi,CII4A,1:1,
mapping_151006,151006,Cred. Impr. Controllanti >12mesi,210.00051,CRED.IMPR.CONTROLLANTI >12mesi,CII4B,1:1,
mapping_152001,152001,Cred. V/consociate <12mesi,210.00061,CRED. vs CONSOCIATE <12mesi,CII5A,1:1,
mapping_152002,152002,Cred. V/consociate >12mesi,210.00062,CRED. vs CONSOCIATE >12mesi,CII5B,1:1,
mapping_160001,160001,IVA su Acquisti,212.00001,IVA SU ACQUISTI,CII5BISA,1:1,
mapping_160002,160002,Erario IVA Chiesta a Rimborso,212.00005,ERARIO IVA CHIESTA A RIMBORSO,CII5BISA,1:1,
mapping_160003,160003,Erario C/acconto IRES,212.00011,ERARIO C/ACCONTO IRES,CII5BISA,1:1,
mapping_160004,160004,Erario C/acconto IRAP,212.00012,ERARIO C/ACCONTO IRAP,CII5BISA,1:1,
mapping_160005,160005,Erario C/IRES a Credito,212.00013,ERARIO C/IRES A CREDITO,CII5BISA,1:1,
mapping_160006,160006,Erario C/IRAP a Credito,212.00014,ERARIO C/IRAP A CREDITO,CII5BISA,1:1,
mapping_160007,160007,Erario C/ritenute Subite,212.00021,ERARIO C/RITENUTE SUBITE,CII5BISA,1:1,
mapping_160008,160008,Erario C/riten. Inter. Attivi,212.00025,ERARIO C/RITEN.INTER.ATTIVI,CII5BISA,1:1,
mapping_160009,160009,Crediti ZFU,212.00026,CREDITI ZFU,CII5BISA,1:1,
mapping_160010,160010,Cred. Imposte Pagate Estero,212.00030,CRED.IMPOSTE PAGATE ESTERO,CII5BISA,1:1,
mapping_160011,160011,Altri Crediti Tributari,212.00031,ALTRI CREDITI TRIBUTARI,CII5BISA,1:1,
mapping_160012,160012,Erario C/imposte Rimb.<12mesi,212.00032,ERARIO C/IMPOSTE RIMB.<12mesi,CII5BISA,1:1,
mapping_160013,160013,Credito D'imposta Autotrasp. Gasolio,212.00034,CREDITO D'IMPOSTA AUTOTRASP.GASOLIO,CII5BISA,1:1,
mapping_160014,160014,Credito D'imposta D. L. 34/2020,212.00035,CREDITO D'IMPOSTA D.L. 34/2020,CII5BISA,1:1,
mapping_160015,160015,Credito D'imposta D. L. 176/2022,212.00036,CREDITO D'IMPOSTA D.L. 176/2022,CII5BISA,1:1,
mapping_160016,160016,Crediti Imposta Beni Strum. Nuovi,212.00038,CREDITI IMPOSTA BENI STRUM. NUOVI,CII5BISA,1:1,
mapping_160017,160017,IVA a Esigib. Differ. Acquisti,212.00041,IVA A ESIGIB.DIFFER.ACQUISTI,CII5BISA,1:1,
mapping_160018,160018,Erario C/IRES,415.00001,ERARIO C/IRES,CII5BISA,N:1,
mapping_160019,160019,Erario C/IRAP,415.00002,ERARIO C/IRAP,CII5BISA,N:1,
mapping_160020,160020,Erario C/IVA,415.00011,ERARIO C/IVA,CII5BISA,N:1,
mapping_160021,160021,Pro Rata Provvisorio,415.00016,PRO RATA PROVVISORIO,CII5BISA,N:1,
mapping_160022,160022,Crediti V/erario Bonus Edilizi,212.00028,CREDITI vs ERARIO BONUS EDILIZI,CII5BISB,1:1,
mapping_160023,160023,Erario C/imposte Rimb.>12mesi,212.00033,ERARIO C/IMPOSTE RIMB.>12mesi,CII5BISB,1:1,
mapping_162001,162001,Attivita per Imposte Anticipate,212.00051,ATTIVITA PER IMPOSTE ANTICIPATE,CII5TER,1:1,
mapping_162002,162002,Attivita per Imposte Antic.>12mesi,212.00052,ATTIVITA PER IMPOSTE ANTIC.>12mesi,CII5TER,1:1,
mapping_163001,163001,INPS C/acconti,214.00001,INPS C/ACCONTI,CII5QUATA,1:1,
mapping_163002,163002,INPS C/rimborsi,214.00002,INPS C/RIMBORSI,CII5QUATA,1:1,
mapping_163003,163003,INPS C/conguaglio,214.00003,INPS C/CONGUAGLIO,CII5QUATA,1:1,
mapping_163004,163004,INAIL C/acconti,214.00004,INAIL C/ACCONTI,CII5QUATA,1:1,
mapping_163005,163005,INAIL C/rimborsi,214.00005,INAIL C/RIMBORSI,CII5QUATA,1:1,
mapping_163006,163006,INAIL C/conguaglio,214.00006,INAIL C/CONGUAGLIO,CII5QUATA,1:1,
mapping_163007,163007,Altri Cred. V/istit. Previdenziali,214.00007,ALTRI CRED.vs ISTIT.PREVIDENZIALI,CII5QUATA,1:1,
mapping_163008,163008,ENPAM C/contributi,214.00008,ENPAM C/CONTRIBUTI,CII5QUATA,1:1,
mapping_163009,163009,ENPALS C/contributi,214.00009,ENPALS C/CONTRIBUTI,CII5QUATA,1:1,
mapping_163010,163010,Soci C/prelevamenti,216.00001,SOCI C/PRELEVAMENTI,CII5QUATA,N:1,
mapping_163011,163011,Dipendenti C/antic. su Retribuzioni,218.00001,DIPENDENTI C/ANTIC.su RETRIBUZIONI,CII5QUATA,1:1,
mapping_163012,163012,Dipendenti C/anticipi TFR,218.00002,DIPENDENTI C/ANTICIPI TFR,CII5QUATA,1:1,
mapping_163013,163013,Dipendenti C/prestiti,218.00003,DIPENDENTI C/PRESTITI,CII5QUATA,1:1,
mapping_163014,163014,Dipend. C/antic. Spese Viaggio,218.00004,DIPEND. C/ANTIC.SPESE VIAGGIO,CII5QUATA,1:1,
mapping_163015,163015,Altri Crediti V/dipendenti,218.00021,ALTRI CREDITI vs DIPENDENTI,CII5QUATA,1:1,
mapping_163016,163016,Erario C/acconto Imp. Sostit. TFR,218.00023,ERARIO C/ACCONTO IMP.SOSTIT.TFR,CII5QUATA,1:1,
mapping_163017,163017,Credito Bonus Dipendenti,218.00024,CREDITO BONUS DIPENDENTI,CII5QUATA,1:1,
mapping_163018,163018,Caparre a Fornitori,220.00001,CAPARRE A FORNITORI,CII5QUATA,1:1,
mapping_163019,163019,Cauzioni su Imballaggi,220.00021,CAUZIONI SU IMBALLAGGI,CII5QUATA,1:1,
mapping_163020,163020,Altri Crediti V/fornitori,220.00101,ALTRI CREDITI vs FORNITORI,CII5QUATA,1:1,
mapping_163021,163021,Crediti per Cauzioni,222.00001,CREDITI PER CAUZIONI,CII5QUATA,1:1,
mapping_163022,163022,Crediti per Anticipi,222.00021,CREDITI PER ANTICIPI,CII5QUATA,1:1,
mapping_163023,163023,Crediti Diversi,222.00041,CREDITI DIVERSI,CII5QUATA,1:1,
mapping_163024,163024,Associato C/utili,222.00045,ASSOCIATO C/UTILI,CII5QUATA,1:1,
mapping_163025,163025,Associante C/corrispettivo,222.00046,ASSOCIANTE C/CORRISPETTIVO,CII5QUATA,1:1,
mapping_163026,163026,Pagamenti C/terzi,222.00061,PAGAMENTI C/TERZI,CII5QUATA,1:1,
mapping_163027,163027,Crediti per Pos/carte Credito,222.00081,CREDITI PER POS/CARTE CREDITO,CII5QUATA,1:1,
mapping_163028,163028,Cred. V/enti Rete Associat. <12mesi,226.00003,CRED. VS ENTI RETE ASSOCIAT. <12mesi,CII5QUATA,1:1,
mapping_163029,163029,Crediti da 5 per Mille <12 Mesi,226.00005,CREDITI DA 5 PER MILLE <12 mesi,CII5QUATA,1:1,
mapping_163030,163030,Crediti V/assoc. Fondatori <12 Mesi,226.00009,CREDITI VS ASSOC. FONDATORI <12 mesi,CII5QUATA,1:1,
mapping_163031,163031,Crediti V/enti Pubblici <12 Mesi,226.00011,CREDITI VS ENTI PUBBLICI <12 mesi,CII5QUATA,1:1,
mapping_163032,163032,Crediti Finanz. V/altri Ets <12mesi,226.00013,CREDITI FINANZ. VS ALTRI ETS <12mesi,CII5QUATA,1:1,
mapping_163033,163033,INPS C/contributi,415.00031,INPS C/CONTRIBUTI,CII5QUATA,N:1,
mapping_163034,163034,Inps-contributi Gest. Separata,415.00032,INPS-CONTRIBUTI GEST.SEPARATA,CII5QUATA,N:1,
mapping_163035,163035,INAIL C/contributi,415.00041,INAIL C/CONTRIBUTI,CII5QUATA,N:1,
mapping_163036,163036,Enasarco C/contributi,415.00051,ENASARCO C/CONTRIBUTI,CII5QUATA,N:1,
mapping_163037,163037,Debiti V/enasarco per FIRR,415.00052,DEBITI vs ENASARCO PER FIRR,CII5QUATA,N:1,
mapping_163038,163038,Altri Debiti Istit. Previdenz.<12mesi,415.00061,ALTRI DEBITI ISTIT.PREVIDENZ.<12mesi,CII5QUATA,N:1,
mapping_163039,163039,Deb. per F.do Tesoreria INPS,415.00062,DEB.PER F.DO TESORERIA INPS,CII5QUATA,N:1,
mapping_163040,163040,Deb. V/INPS Ferie Mensilita'maturate,415.00063,DEB.vs INPS FERIE MENSILITA'MATURATE,CII5QUATA,N:1,
mapping_163041,163041,Deb. per F.do Assist. Integrativa,415.00064,DEB.PER F.DO ASSIST.INTEGRATIVA,CII5QUATA,N:1,
mapping_163042,163042,Deb. per F.do Previd. Integrativa,415.00065,DEB.PER F.DO PREVID.INTEGRATIVA,CII5QUATA,N:1,
mapping_163043,163043,Deb. per F.do Assist. Enti Bilaterali,415.00066,DEB.PER F.DO ASSIST.ENTI BILATERALI,CII5QUATA,N:1,
mapping_163044,163044,Deb. per F.do Assist. Enti Paritetici,415.00067,DEB.PER F.DO ASSIST.ENTI PARITETICI,CII5QUATA,N:1,
mapping_163045,163045,Debiti V/INPS Dipend. Sospesi,415.00075,DEBITI vs INPS DIPEND. SOSPESI,CII5QUATA,N:1,
mapping_163046,163046,Debiti V/INPS Collab. Sospesi,415.00076,DEBITI vs INPS COLLAB. SOSPESI,CII5QUATA,N:1,
mapping_163047,163047,Soci C/utili,417.00010,SOCI C/UTILI,CII5QUATA,N:1,
mapping_163048,163048,Altri Crediti V/dipend.>12mesi,218.00022,ALTRI CREDITI vs DIPEND.>12mesi,CII5QUATB,1:1,
mapping_163049,163049,Crediti Diversi >12mesi,222.00042,CREDITI DIVERSI >12mesi,CII5QUATB,1:1,
mapping_163050,163050,Cred. V/privati per Contr. >12mesi,226.00002,CRED. vs PRIVATI PER CONTR. >12mesi,CII5QUATB,1:1,
mapping_163051,163051,Cred. V/enti Rete Associat. >12mesi,226.00004,CRED. VS ENTI RETE ASSOCIAT. >12mesi,CII5QUATB,1:1,
mapping_163052,163052,Crediti da 5 per Mille >12 Mesi,226.00006,CREDITI DA 5 PER MILLE >12 mesi,CII5QUATB,1:1,
mapping_163053,163053,Crediti V/assoc. Fondatori >12 Mesi,226.00010,CREDITI VS ASSOC. FONDATORI >12 mesi,CII5QUATB,1:1,
mapping_163054,163054,Crediti V/enti Pubblici >12 Mesi,226.00012,CREDITI VS ENTI PUBBLICI >12 mesi,CII5QUATB,1:1,
mapping_163055,163055,Crediti Finanz. V/altri Ets >12mesi,226.00014,CREDITI FINANZ. VS ALTRI ETS >12mesi,CII5QUATB,1:1,
mapping_163056,163056,Altri Debiti Istit. Previdenz.>12mesi,415.00073,ALTRI DEBITI ISTIT.PREVIDENZ.>12mesi,CII5QUATB,N:1,
mapping_170001,170001,Partec. Impr. Controllate,224.00001,PARTEC.IMPR.CONTROLLATE,CIII1,1:1,
mapping_170002,170002,F.do Svalut. Partec. Impr. Controllate,225.00001,F.DO SVALUT.PARTEC.IMPR.CONTROLLATE,CIII1,1:1,
mapping_170003,170003,Partec. Imprese Collegate,224.00011,PARTEC.IMPRESE COLLEGATE,CIII2,1:1,
mapping_170004,170004,F.do Svalut. Partec. Impr. Collegate,225.00011,F.DO SVALUT.PARTEC.IMPR.COLLEGATE,CIII2,1:1,
mapping_170005,170005,Partec. Impr. Controllanti,224.00021,PARTEC.IMPR.CONTROLLANTI,CIII3,1:1,
mapping_170006,170006,F.do Svalut. Partec. Impr. Controllanti,225.00021,F.DO SVALUT.PARTEC.IMPR.CONTROLLANTI,CIII3,1:1,
mapping_170007,170007,Partec. V/consociate,224.00056,PARTEC. vs CONSOCIATE,CIII3BIS,1:1,
mapping_170008,170008,F.do Sval. Partec. V/consociate,225.00056,F.DO SVAL.PARTEC. vs CONSOCIATE,CIII3BIS,1:1,
mapping_170009,170009,Altre Partecipazioni,224.00031,ALTRE PARTECIPAZIONI,CIII4,1:1,
mapping_170010,170010,F.do Svalut. Altre Imprese,225.00031,F.DO SVALUT.ALTRE IMPRESE,CIII4,1:1,
mapping_170011,170011,Strumenti Fin. Derivati Attivi,224.00057,STRUMENTI FIN. DERIVATI ATTIVI,CIII5,1:1,
mapping_170012,170012,F.do Sval. Strum. Fin. Derivati Att.,225.00057,F.DO SVAL. STRUM.FIN. DERIVATI ATT.,CIII5,1:1,
mapping_170013,170013,Titoli Stato Breve Termine,224.00051,TITOLI STATO BREVE TERMINE,CIII6,1:1,
mapping_170014,170014,Obbligazioni <12mesi,224.00053,OBBLIGAZIONI <12mesi,CIII6,1:1,
mapping_170015,170015,Certificati Deposito <12mesi,224.00055,CERTIFICATI DEPOSITO <12mesi,CIII6,1:1,
mapping_170016,170016,F.do Svalut. Titoli Reddito Fisso,225.00051,F.DO SVALUT.TITOLI REDDITO FISSO,CIII6,1:1,
mapping_170017,170017,Att. Ta' Fin. Gest. Accentrata Tesor.,224.00058,ATT.TA' FIN.GEST. ACCENTRATA TESOR.,CIII7,1:1,
mapping_180001,180001,Banca,202.00001,BANCA,CIV1,N:1,
mapping_180002,180002,Banca C/inter. Maturati,202.00301,BANCA C/INTER. MATURATI,CIV1,N:1,
mapping_180003,180003,Depositi Bancari Aziendali,203.00001,DEPOSITI BANCARI AZIENDALI,CIV1,N:1,
mapping_181001,181001,Assegni Bancari,201.00102,ASSEGNI BANCARI,CIV2,1:1,
mapping_181002,181002,Assegni Circolari,201.00103,ASSEGNI CIRCOLARI,CIV2,1:1,
mapping_182001,182001,Cassa,201.00001,CASSA,CIV3,1:1,
mapping_182002,182002,Valori Bollati,201.00101,VALORI BOLLATI,CIV3,1:1,
mapping_190001,190001,Ratei Attivi,230.00001,RATEI ATTIVI,D,1:1,
mapping_190002,190002,Risconti Attivi,230.00002,RISCONTI ATTIVI,D,1:1,
mapping_190003,190003,Costi Anticipati,230.00011,COSTI ANTICIPATI,D,1:1,
mapping_190004,190004,Disaggi su Prestiti,230.00021,DISAGGI SU PRESTITI,D,1:1,
mapping_300001,300001,Capitale Sociale,301.00001,CAPITALE SOCIALE,AI,1:1,
mapping_300002,300002,Capitale Netto-ditte Individuali,301.00002,CAPITALE NETTO-DITTE INDIVIDUALI,AI,1:1,
mapping_300003,300003,Anticipo Utili Soci Snc-sas,301.00003,ANTICIPO UTILI SOCI SNC-SAS,AI,1:1,
mapping_300004,300004,Fondo Dotazione Ente,301.00004,FONDO DOTAZIONE ENTE,AI,1:1,
mapping_300005,300005,Titolare C/versamenti-ditte Individ.,301.00010,TITOLARE C/VERSAMENTI-DITTE INDIVID.,AI,1:1,
mapping_300006,300006,Titolare C/prelev-ditte Individuali,301.00011,TITOLARE C/PRELEV-DITTE INDIVIDUALI,AI,1:1,
mapping_300007,300007,Titolare-soci Enasarco,301.00012,TITOLARE-SOCI ENASARCO,AI,1:1,
mapping_300008,300008,Capitale Netto di Liquidazione,301.00013,CAPITALE NETTO DI LIQUIDAZIONE,AI,1:1,
mapping_300009,300009,Capitale Netto di Trasformazione,301.00014,CAPITALE NETTO DI TRASFORMAZIONE,AI,1:1,
mapping_301001,301001,Riserva Sovrapprezzo Azioni/quote,302.00001,RISERVA SOVRAPPREZZO AZIONI/QUOTE,AII,1:1,
mapping_302001,302001,Riserva Rivalutazione L.576/75,303.00001,RISERVA RIVALUTAZIONE L.576/75,AIII,1:1,
mapping_302002,302002,Riserva Rivalutazione L.72/83,303.00002,RISERVA RIVALUTAZIONE L.72/83,AIII,1:1,
mapping_302003,302003,Riserva Rivalutazione L.413/91,303.00003,RISERVA RIVALUTAZIONE L.413/91,AIII,1:1,
mapping_302004,302004,Riserva Rivalutazione L.342/2000,303.00004,RISERVA RIVALUTAZIONE L.342/2000,AIII,1:1,
mapping_302005,302005,Riserva Rivalutazione L.448/2001,303.00005,RISERVA RIVALUTAZIONE L.448/2001,AIII,1:1,
mapping_302006,302006,Riserva Rivalutazione L.266/2005,303.00006,RISERVA RIVALUTAZIONE L.266/2005,AIII,1:1,
mapping_302007,302007,Riserva Rivalutazione L.2/2009,303.00007,RISERVA RIVALUTAZIONE L.2/2009,AIII,1:1,
mapping_302008,302008,Riserva Rivalutazione L.147/2013,303.00008,RISERVA RIVALUTAZIONE L.147/2013,AIII,1:1,
mapping_302009,302009,Riserva Rivalutazione L.208/15,303.00009,RISERVA RIVALUTAZIONE L.208/15,AIII,1:1,
mapping_302010,302010,Riserva Rivalutazione L.232/2016,303.00010,RISERVA RIVALUTAZIONE L.232/2016,AIII,1:1,
mapping_302011,302011,Riserva Rivalutazione L.205/2017,303.00011,RISERVA RIVALUTAZIONE L.205/2017,AIII,1:1,
mapping_302012,302012,Riserva Rivalutazione L.145/2018,303.00012,RISERVA RIVALUTAZIONE L.145/2018,AIII,1:1,
mapping_302013,302013,Riserva Rivalutazione L.160/2019,303.00013,RISERVA RIVALUTAZIONE L.160/2019,AIII,1:1,
mapping_302014,302014,Riserva Rivalutazione L.126/2020,303.00015,RISERVA RIVALUTAZIONE L.126/2020,AIII,1:1,
mapping_302015,302015,Altre Riserve di Rivalutazione,303.00021,ALTRE RISERVE DI RIVALUTAZIONE,AIII,1:1,
mapping_303001,303001,Riserva Legale,304.00001,RISERVA LEGALE,AIV,1:1,
mapping_304001,304001,Riserve Statutarie,305.00001,RISERVE STATUTARIE,AV,1:1,
mapping_304002,304002,Riserve Indivisib. Art.12 L.904/77,305.00002,RISERVE INDIVISIB. ART.12 L.904/77,AV,1:1,
mapping_304003,304003,Riserva Statutaria per Trasparenza,305.00003,RISERVA STATUTARIA PER TRASPARENZA,AV,1:1,
mapping_305001,305001,Riserva Straordinaria,307.00001,RISERVA STRAORDINARIA,AVI1,1:1,
mapping_305002,305002,Riserva da Deroghe Ex. Art.2423 C. C.,307.00005,RISERVA DA DEROGHE ex.ART.2423 c.c.,AVI2,1:1,
mapping_305003,305003,Riserva Azioni Societa' Controllante,307.00006,RISERVA AZIONI SOCIETA' CONTROLLANTE,AVI3,1:1,
mapping_305004,305004,Riserva da Rivalutazione Partecip.,307.00007,RISERVA DA RIVALUTAZIONE PARTECIP.,AVI4,1:1,
mapping_305005,305005,Versamenti in Conto Aumento Capitale,307.00008,VERSAMENTI IN CONTO AUMENTO CAPITALE,AVI5,1:1,
mapping_305006,305006,Versamenti Conto Futuro Aumento Cap.,307.00010,VERSAMENTI CONTO FUTURO AUMENTO CAP.,AVI6,1:1,
mapping_305007,305007,Versamenti in Conto Capitale,307.00011,VERSAMENTI IN CONTO CAPITALE,AVI7,1:1,
mapping_305008,305008,Riserva C/copertura Perdite,307.00009,RISERVA C/COPERTURA PERDITE,AVI8,1:1,
mapping_305009,305009,Riserva Riduzione Capitale Sociale,307.00015,RISERVA RIDUZIONE CAPITALE SOCIALE,AVI9,1:1,
mapping_305010,305010,Riserva Avanzo di Fusione,307.00016,RISERVA AVANZO DI FUSIONE,AVI10,1:1,
mapping_305011,305011,Riserva Utili da Cambi non Realizz.,307.00019,RISERVA UTILI DA CAMBI NON REALIZZ.,AVI11,1:1,
mapping_305012,305012,Riserva da Conguag. Utili in Corso,307.00020,RISERVA DA CONGUAG.UTILI IN CORSO,AVI12,1:1,
mapping_305013,305013,Utili 2017,303.01000,utili 2017,AVI13,1:1,
mapping_305014,305014,Riserva Contributi in Conto Capitale,307.00017,RISERVA CONTRIBUTI IN CONTO CAPITALE,AVI13,1:1,
mapping_305015,305015,Riserva da Conversione Euro,307.00018,RISERVA DA CONVERSIONE EURO,AVI13,1:1,
mapping_305016,305016,Riserva da Condono Fiscale,307.00025,RISERVA DA CONDONO FISCALE,AVI13,1:1,
mapping_305017,305017,Altre Riserve,307.00051,ALTRE RISERVE,AVI13,1:1,
mapping_305018,305018,Riserve Ex Art.170 C.3 TUIR,307.00052,RISERVE EX ART.170 C.3 TUIR,AVI13,1:1,
mapping_305019,305019,Riserva Indisponibile L.126/2020,307.00055,RISERVA INDISPONIBILE L.126/2020,AVI13,1:1,
mapping_305020,305020,Riserve Indispon. da Organi Istituz.,315.00001,RISERVE INDISPON. DA ORGANI ISTITUZ.,AVI13,1:1,
mapping_305021,305021,Riserve Indispon. da Terzi,315.00002,RISERVE INDISPON. DA TERZI,AVI13,1:1,
mapping_305022,305022,Riserva Copertu. Flussi Finanz. Attesi,312.00001,RISERVA COPERTU.FLUSSI FINANZ.ATTESI,AVII,1:1,
mapping_305023,305023,Utili Portati a Nuovo,308.00001,UTILI PORTATI A NUOVO,AVIII,1:1,
mapping_305024,305024,Perdite Portate a Nuovo,308.00002,PERDITE PORTATE A NUOVO,AVIII,1:1,
mapping_308001,308001,Perdita Ripianata Nell'esercizio,309.00002,PERDITA RIPIANATA NELL'ESERCIZIO,AIX1,1:1,
mapping_309001,309001,Azioni Proprie,108.00301,AZIONI PROPRIE,AX,1:1,
mapping_309002,309002,F.do Svalut. Azioni Proprie,128.00300,F.DO SVALUT.AZIONI PROPRIE,AX,1:1,
mapping_309003,309003,Azioni Proprie,224.00041,AZIONI PROPRIE,AX,1:1,
mapping_309004,309004,F.do Svalut. Azioni Proprie,225.00041,F.DO SVALUT.AZIONI PROPRIE,AX,1:1,
mapping_309005,309005,Riserva Negativa Az. Proprie Portaf.,313.00001,RISERVA NEGATIVA AZ.PROPRIE PORTAF.,AX,1:1,
mapping_210001,210001,F.do Indenn. Cess. Rapporti Agenzia,310.00001,F.DO INDENN.CESS.RAPPORTI AGENZIA,B1,1:1,
mapping_210002,210002,F.do Indenn. Cess. Rapporti Co. Co. Co,310.00002,F.DO INDENN.CESS.RAPPORTI CO.CO.CO,B1,1:1,
mapping_210003,210003,F.do Tfm Ammin-no Professionisti,310.00003,F.DO TFM AMMIN-NO PROFESSIONISTI,B1,1:1,
mapping_210004,210004,F.do Rischi per Imposte,310.00010,F.DO RISCHI PER IMPOSTE,B2,1:1,
mapping_210005,210005,F.do Imposte Differite,310.00011,F.DO IMPOSTE DIFFERITE,B2,1:1,
mapping_210006,210006,Strum. Finanziari Derivati Passivi,310.00012,STRUM. FINANZIARI DERIVATI PASSIVI,B3,1:1,
mapping_210007,210007,F.do Rischi su Cambi,310.00021,F.DO RISCHI SU CAMBI,B4,1:1,
mapping_210008,210008,Fondi Accan. Discariche,310.00030,FONDI ACCAN. DISCARICHE,B4,1:1,
mapping_210009,210009,F.do Rischi per Controversie Legali,310.00031,F.DO RISCHI PER CONTROVERSIE LEGALI,B4,1:1,
mapping_210010,210010,F.do Rischi per Garanzia Prodotti,310.00032,F.DO RISCHI PER GARANZIA PRODOTTI,B4,1:1,
mapping_210011,210011,F.do Rischi per Garanzie a Terzi,310.00033,F.DO RISCHI PER GARANZIE A TERZI,B4,1:1,
mapping_210012,210012,F.do Rischi non Assicurati,310.00034,F.DO RISCHI NON ASSICURATI,B4,1:1,
mapping_210013,210013,F.do Operazioni e Concorsi a Premio,310.00041,F.DO OPERAZIONI E CONCORSI A PREMIO,B4,1:1,
mapping_210014,210014,F.do Recupero Ambientale,310.00042,F.DO RECUPERO AMBIENTALE,B4,1:1,
mapping_210015,210015,F.do Manutenzione Ciclica,310.00043,F.DO MANUTENZIONE CICLICA,B4,1:1,
mapping_210016,210016,F.do Buoni Sconto,310.00044,F.DO BUONI SCONTO,B4,1:1,
mapping_210017,210017,F.do Riprist. Beni Affitto Azienda,310.00045,F.DO RIPRIST.BENI AFFITTO AZIENDA,B4,1:1,
mapping_210018,210018,Altri Fondi per Oneri,310.00051,ALTRI FONDI PER ONERI,B4,1:1,
mapping_210019,210019,F.do Costi Oneri di Liquidazione,310.00052,F.DO COSTI ONERI DI LIQUIDAZIONE,B4,1:1,
mapping_220001,220001,Debiti per TFR,311.00001,DEBITI PER TFR,C,1:1,
mapping_220002,220002,TFR C/anticipi,311.00002,TFR C/ANTICIPI,C,1:1,
mapping_230001,230001,Obbligazioni Scadenti <12mesi,401.00001,OBBLIGAZIONI SCADENTI <12mesi,D1A,1:1,
mapping_230002,230002,Obbligazioni Scadenti >12mesi,401.00101,OBBLIGAZIONI SCADENTI >12mesi,D1B,1:1,
mapping_230003,230003,Obbligazioni Convert.<12mesi,401.00201,OBBLIGAZIONI CONVERT.<12mesi,D2A,1:1,
mapping_230004,230004,Obbligazioni Convert.>12mesi,401.00301,OBBLIGAZIONI CONVERT.>12mesi,D2B,1:1,
mapping_230005,230005,Deb. V/soci Finanziam.<12mesi,402.00001,DEB.vs SOCI FINANZIAM.<12mesi,D3A,1:1,
mapping_230006,230006,Deb. V/soci Finanz. Infrutt.<12mesi,402.00021,DEB.vs SOCI FINANZ.INFRUTT.<12mesi,D3A,1:1,
mapping_230007,230007,Deb. V/soci per Ristorni <12mesi,402.00075,DEB.vs SOCI PER RISTORNI <12mesi,D3A,1:1,
mapping_230008,230008,Debiti V/assoc. Fondatori <12 Mesi,418.00001,DEBITI VS ASSOC. FONDATORI <12 mesi,D3A,1:1,
mapping_230009,230009,Deb. V/soci Finanziam.>12mesi,402.00051,DEB.vs SOCI FINANZIAM.>12mesi,D3B,1:1,
mapping_230010,230010,Deb. V/soci Finanz. Infrutt.>12mesi,402.00071,DEB.vs SOCI FINANZ.INFRUTT.>12mesi,D3B,1:1,
mapping_230011,230011,Deb. V/soci per Ristorni >12mesi,402.00080,DEB.vs SOCI PER RISTORNI >12mesi,D3B,1:1,
mapping_230012,230012,Debiti V/assoc. Fondatori >12 Mesi,418.00002,DEBITI VS ASSOC. FONDATORI >12 mesi,D3B,1:1,
mapping_180004,180004,Banca,202.00001,BANCA,CIV1,N:1,
mapping_180005,180005,Banca C/inter. Maturati,202.00301,BANCA C/INTER. MATURATI,CIV1,N:1,
mapping_180006,180006,Depositi Bancari Aziendali,203.00001,DEPOSITI BANCARI AZIENDALI,CIV1,N:1,
mapping_230013,230013,Rate Mutui Esigibili <12mesi,403.00001,RATE MUTUI ESIGIBILI <12mesi,D4A,1:1,
mapping_230014,230014,Banca C/finanziam.<12mesi,403.00021,BANCA C/FINANZIAM.<12mesi,D4A,1:1,
mapping_230015,230015,Banche C/anticipi su Fatture,403.00061,BANCHE C/ANTICIPI su FATTURE,D4A,1:1,
mapping_230016,230016,Mutui Passivi >12mesi,403.00101,MUTUI PASSIVI >12mesi,D4B,1:1,
mapping_230017,230017,Finanziam. Bancari >12mesi,403.00121,FINANZIAM.BANCARI >12mesi,D4B,1:1,
mapping_230018,230018,Deb. V/altri Finanziat.<12mesi,405.00001,DEB.vs ALTRI FINANZIAT.<12mesi,D5A,1:1,
mapping_230019,230019,Deb. V/enti Rete Associat. <12mesi,418.00003,DEB. VS ENTI RETE ASSOCIAT. <12mesi,D5A,1:1,
mapping_230020,230020,Deb. V/altri Finanziat.>12mesi,405.00051,DEB.vs ALTRI FINANZIAT.>12mesi,D5B,1:1,
mapping_230021,230021,Deb. V/enti Rete Associat. >12mesi,418.00004,DEB. VS ENTI RETE ASSOCIAT. >12mesi,D5B,1:1,
mapping_240001,240001,Clienti C/anticipi,407.00001,CLIENTI C/ANTICIPI,D6A,1:1,
mapping_240002,240002,Clienti C/caparre,407.00002,CLIENTI C/CAPARRE,D6A,1:1,
mapping_240003,240003,Clienti C/F.do Spese,407.00003,CLIENTI C/F.DO SPESE,D6A,1:1,
mapping_240004,240004,Clienti C/rimborso Spese,407.00004,CLIENTI C/RIMBORSO SPESE,D6A,1:1,
mapping_240005,240005,Incassi C/terzi,407.00005,INCASSI C/TERZI,D6A,1:1,
mapping_240006,240006,Clienti C/acconti >12mesi,407.00006,CLIENTI C/ACCONTI >12mesi,D6B,1:1,
mapping_240007,240007,Clienti C/caparre >12mesi,407.00007,CLIENTI C/CAPARRE >12mesi,D6B,1:1,
mapping_250001,250001,Fornitori C/fatture da Ricevere,409.00001,FORNITORI C/FATTURE DA RICEVERE,D7A,1:1,
mapping_250002,250002,Fornitori C/note Credito da Ricevere,409.00051,FORNITORI C/NOTE CREDITO DA RICEVERE,D7A,1:1,
mapping_250003,250003,Forn. C/riten. non Maturate,409.00101,FORN.C/RITEN.NON MATURATE,D7A,1:1,
mapping_250004,250004,Altri Debiti V/fornitori,409.00104,ALTRI DEBITI vs FORNITORI,D7A,1:1,
mapping_250005,250005,Fornitori C/fatture da Ricev.>12mesi,409.00102,FORNITORI C/FATTURE DA RICEV.>12mesi,D7B,1:1,
mapping_250006,250006,Fornitori C/n. Cred. da Ricev.>12mesi,409.00103,FORNITORI C/N.CRED. DA RICEV.>12mesi,D7B,1:1,
mapping_251001,251001,Effetti Pass. Commerc.<12mesi,411.00001,EFFETTI PASS.COMMERC.<12mesi,D8A,1:1,
mapping_251002,251002,Effetti Pass. Commerc.>12mesi,411.00051,EFFETTI PASS.COMMERC.>12mesi,D8B,1:1,
mapping_252001,252001,Deb. Impr. Controllate <12mesi,413.00001,DEB.IMPR.CONTROLLATE <12mesi,D9A,1:1,
mapping_252002,252002,Deb. Impr. Controllate >12mesi,413.00006,DEB.IMPR.CONTROLLATE >12mesi,D9B,1:1,
mapping_252003,252003,Deb. Impr. Collegate <12mesi,413.00011,DEB.IMPR.COLLEGATE <12mesi,D10A,1:1,
mapping_252004,252004,Deb. Impr. Collegate >12mesi,413.00016,DEB.IMPR.COLLEGATE >12mesi,D10B,1:1,
mapping_252005,252005,Deb. Impr. Controllanti <12mesi,413.00021,DEB.IMPR.CONTROLLANTI <12mesi,D11A,1:1,
mapping_252006,252006,Deb. Impr. Controllanti >12mesi,413.00026,DEB.IMPR.CONTROLLANTI >12mesi,D11B,1:1,
mapping_252007,252007,Debiti V/consociate <12mesi,413.00031,DEBITI vs CONSOCIATE <12mesi,D11BISA,1:1,
mapping_252008,252008,Debiti V/consociate >12mesi,413.00032,DEBITI vs CONSOCIATE >12mesi,D11BISB,1:1,
mapping_160024,160024,Erario C/IRES,415.00001,ERARIO C/IRES,CII5BISA,N:1,
mapping_160025,160025,Erario C/IRAP,415.00002,ERARIO C/IRAP,CII5BISA,N:1,
mapping_160026,160026,Erario C/IVA,415.00011,ERARIO C/IVA,CII5BISA,N:1,
mapping_260001,260001,IVA su Vendite,415.00012,IVA SU VENDITE,D12A,1:1,
mapping_260002,260002,IVA su Corrispettivi,415.00013,IVA SU CORRISPETTIVI,D12A,1:1,
mapping_260003,260003,IVA in Sospensione,415.00014,IVA IN SOSPENSIONE,D12A,1:1,
mapping_260004,260004,IVA a Esigib. Differ. Vendite,415.00015,IVA A ESIGIB.DIFFER.VENDITE,D12A,1:1,
mapping_160027,160027,Pro Rata Provvisorio,415.00016,PRO RATA PROVVISORIO,CII5BISA,N:1,
mapping_260005,260005,Residuo IVA da Forfettizzare,415.00017,RESIDUO IVA DA FORFETTIZZARE,D12A,1:1,
mapping_260006,260006,Erario C/IVA Oss,415.00018,ERARIO C/IVA OSS,D12A,1:1,
mapping_260007,260007,IVA su Vendite Oss,415.00019,IVA SU VENDITE OSS,D12A,1:1,
mapping_260008,260008,Erario C/ritenute Effettuate,415.00020,ERARIO C/RITENUTE EFFETTUATE,D12A,1:1,
mapping_260009,260009,Erario C/ritenute Dipendenti,415.00021,ERARIO C/RITENUTE DIPENDENTI,D12A,1:1,
mapping_260010,260010,Erario C/ritenute Addiz. Regionale,415.00023,ERARIO C/RITENUTE ADDIZ. REGIONALE,D12A,1:1,
mapping_260011,260011,Erario C/ritenute Addiz. Comunale,415.00024,ERARIO C/RITENUTE ADDIZ. COMUNALE,D12A,1:1,
mapping_260012,260012,Altri Debiti Tributari,415.00029,ALTRI DEBITI TRIBUTARI,D12A,1:1,
mapping_260013,260013,Erario C/imposte da Adeguamento ISA,415.00030,ERARIO C/IMPOSTE DA ADEGUAMENTO ISA,D12A,1:1,
mapping_260014,260014,Erario C/imp. Sostit.<12mesi,415.00071,ERARIO C/IMP.SOSTIT.<12mesi,D12A,1:1,
mapping_260015,260015,Erario C/imp. Sostit.>12mesi,415.00072,ERARIO C/IMP.SOSTIT.>12mesi,D12B,1:1,
mapping_260016,260016,Altri Debiti V/erario>12mesi,415.00080,ALTRI DEBITI vs ERARIO>12mesi,D12B,1:1,
mapping_163057,163057,INPS C/contributi,415.00031,INPS C/CONTRIBUTI,CII5QUATA,N:1,
mapping_163058,163058,Inps-contributi Gest. Separata,415.00032,INPS-CONTRIBUTI GEST.SEPARATA,CII5QUATA,N:1,
mapping_163059,163059,INAIL C/contributi,415.00041,INAIL C/CONTRIBUTI,CII5QUATA,N:1,
mapping_163060,163060,Enasarco C/contributi,415.00051,ENASARCO C/CONTRIBUTI,CII5QUATA,N:1,
mapping_163061,163061,Debiti V/enasarco per FIRR,415.00052,DEBITI vs ENASARCO PER FIRR,CII5QUATA,N:1,
mapping_163062,163062,Altri Debiti Istit. Previdenz.<12mesi,415.00061,ALTRI DEBITI ISTIT.PREVIDENZ.<12mesi,CII5QUATA,N:1,
mapping_163063,163063,Deb. V/INPS Ferie Mensilita'maturate,415.00063,DEB.vs INPS FERIE MENSILITA'MATURATE,CII5QUATA,N:1,
mapping_163064,163064,Deb. per F.do Assist. Integrativa,415.00064,DEB.PER F.DO ASSIST.INTEGRATIVA,CII5QUATA,N:1,
mapping_163065,163065,Deb. per F.do Previd. Integrativa,415.00065,DEB.PER F.DO PREVID.INTEGRATIVA,CII5QUATA,N:1,
mapping_163066,163066,Deb. per F.do Assist. Enti Bilaterali,415.00066,DEB.PER F.DO ASSIST.ENTI BILATERALI,CII5QUATA,N:1,
mapping_163067,163067,Deb. per F.do Assist. Enti Paritetici,415.00067,DEB.PER F.DO ASSIST.ENTI PARITETICI,CII5QUATA,N:1,
mapping_163068,163068,Debiti V/INPS Dipend. Sospesi,415.00075,DEBITI vs INPS DIPEND. SOSPESI,CII5QUATA,N:1,
mapping_163069,163069,Debiti V/INPS Collab. Sospesi,415.00076,DEBITI vs INPS COLLAB. SOSPESI,CII5QUATA,N:1,
mapping_163070,163070,Altri Debiti Istit. Previdenz.>12mesi,415.00073,ALTRI DEBITI ISTIT.PREVIDENZ.>12mesi,CII5QUATB,N:1,
mapping_163071,163071,Soci C/prelevamenti,216.00001,SOCI C/PRELEVAMENTI,CII5QUATA,N:1,
mapping_163072,163072,Deb. per F.do Tesoreria INPS,415.00062,DEB.PER F.DO TESORERIA INPS,CII5QUATA,N:1,
mapping_280001,280001,Amministratori C/compensi,417.00001,AMMINISTRATORI C/COMPENSI,D14A,1:1,
mapping_280002,280002,Sindaci C/compensi,417.00002,SINDACI C/COMPENSI,D14A,1:1,
mapping_280003,280003,Cauzioni da Clienti per Imballaggi,417.00003,CAUZIONI DA CLIENTI PER IMBALLAGGI,D14A,1:1,
mapping_280004,280004,Debiti per Cauzioni,417.00004,DEBITI PER CAUZIONI,D14A,1:1,
mapping_280005,280005,Dipendenti C/retribuzioni,417.00005,DIPENDENTI C/RETRIBUZIONI,D14A,1:1,
mapping_280006,280006,Dipendenti C/liquidazioni,417.00006,DIPENDENTI C/LIQUIDAZIONI,D14A,1:1,
mapping_280007,280007,Ritenute Sindacali,417.00007,RITENUTE SINDACALI,D14A,1:1,
mapping_280008,280008,Rappresentanti C/provv. da Liquidare,417.00008,RAPPRESENTANTI C/PROVV.DA LIQUIDARE,D14A,1:1,
mapping_280009,280009,Collaboratori C/compensi,417.00009,COLLABORATORI C/COMPENSI,D14A,1:1,
mapping_163073,163073,Soci C/utili,417.00010,SOCI C/UTILI,CII5QUATA,N:1,
mapping_280010,280010,Azionisti C/dividendi,417.00011,AZIONISTI C/DIVIDENDI,D14A,1:1,
mapping_280011,280011,Soci C/liquidazioni,417.00012,SOCI C/LIQUIDAZIONI,D14A,1:1,
mapping_280012,280012,Soci C/rimborsi,417.00013,SOCI C/RIMBORSI,D14A,1:1,
mapping_280013,280013,Debiti Diversi,417.00014,DEBITI DIVERSI,D14A,1:1,
mapping_280014,280014,Debiti per Carte Credito,417.00015,DEBITI PER CARTE CREDITO,D14A,1:1,
mapping_280015,280015,Deb. per 14ESIMA Ferie Permessi,417.00017,DEB.PER 14ESIMA FERIE PERMESSI,D14A,1:1,
mapping_280016,280016,Debiti V/obbligazionisti,417.00021,DEBITI vs OBBLIGAZIONISTI,D14A,1:1,
mapping_280017,280017,F. di Mutualistici Legge 59/92,417.00022,F.DI MUTUALISTICI LEGGE 59/92,D14A,1:1,
mapping_280018,280018,Associato C/corrispettivo,417.00023,ASSOCIATO C/CORRISPETTIVO,D14A,1:1,
mapping_280019,280019,Debiti Assicuraz. Vita,417.00024,DEBITI ASSICURAZ.VITA,D14A,1:1,
mapping_280020,280020,Deb. Erogaz. Liberali Condiz. <12mesi,418.00005,DEB. EROGAZ.LIBERALI CONDIZ. <12mesi,D14A,1:1,
mapping_280021,280021,Debiti Diversi >12mesi,417.00016,DEBITI DIVERSI >12mesi,D14B,1:1,
mapping_280022,280022,Debiti per Cauzioni >12mesi,417.00018,DEBITI PER CAUZIONI >12mesi,D14B,1:1,
mapping_280023,280023,Altri Deb. V/dip. e Collab.>12mesi,417.00028,ALTRI DEB. vs DIP. e COLLAB.>12mesi,D14B,1:1,
mapping_280024,280024,Deb. Erogaz. Liberali Condiz. >12mesi,418.00006,DEB. EROGAZ.LIBERALI CONDIZ. >12mesi,D14B,1:1,
mapping_290001,290001,Ratei Passivi,419.00001,RATEI PASSIVI,E,1:1,
mapping_290002,290002,Risconti Passivi,419.00002,RISCONTI PASSIVI,E,1:1,
mapping_290003,290003,Ricavi Anticipati,419.00011,RICAVI ANTICIPATI,E,1:1,
mapping_290004,290004,Aggio su Prestiti,419.00021,AGGIO SU PRESTITI,E,1:1,
mapping_700001,700001,Prodotti Finiti C/vendite,801.00001,PRODOTTI FINITI C/VENDITE,A1,1:1,
mapping_700002,700002,Merci C/vendite,801.00011,MERCI C/VENDITE,A1,1:1,
mapping_700003,700003,Imballaggi C/vendite,801.00021,IMBALLAGGI C/VENDITE,A1,1:1,
mapping_700004,700004,Materie Prime/semil. C/vendite,801.00031,MATERIE PRIME/SEMIL.C/VENDITE,A1,1:1,
mapping_700005,700005,Autocons-finalita Estranee Impresa,801.00041,AUTOCONS-FINALITA ESTRANEE IMPRESA,A1,1:1,
mapping_700006,700006,Altri Ricavi delle Vendite,801.00051,ALTRI RICAVI DELLE VENDITE,A1,1:1,
mapping_700007,700007,Passaggi Interni Beni,801.00061,PASSAGGI INTERNI BENI,A1,1:1,
mapping_700008,700008,Rimborsi Spese Beni(imballi-ecc.),801.00062,RIMBORSI SPESE BENI(IMBALLI-ECC.),A1,1:1,
mapping_700009,700009,Merci C/vendite Forfettari,801.00063,MERCI C/VENDITE FORFETTARI,A1,1:1,
mapping_700010,700010,Altri Ricavi Vendite non Imponibili,801.00064,ALTRI RICAVI VENDITE NON IMPONIBILI,A1,1:1,
mapping_700011,700011,Merci C/vendite Soci Coop.,801.00065,MERCI C/VENDITE SOCI COOP.,A1,1:1,
mapping_700012,700012,Merci C/vendite Dispositivi Dpi,801.00066,MERCI C/VENDITE DISPOSITIVI DPI,A1,1:1,
mapping_700013,700013,Ricavi Prestazioni Servizi,803.00001,RICAVI PRESTAZIONI SERVIZI,A1,1:1,
mapping_700014,700014,Lavorazioni C/terzi,803.00011,LAVORAZIONI C/TERZI,A1,1:1,
mapping_700015,700015,Provvigioni Attive,803.00021,PROVVIGIONI ATTIVE,A1,1:1,
mapping_700016,700016,Altri Ricavi delle Prestazioni,803.00031,ALTRI RICAVI DELLE PRESTAZIONI,A1,1:1,
mapping_700017,700017,Passaggi Interni Servizi,803.00041,PASSAGGI INTERNI SERVIZI,A1,1:1,
mapping_700018,700018,Rimborsi Spese Servizi(trasp.-ecc.),803.00042,RIMBORSI SPESE SERVIZI(TRASP.-ECC.),A1,1:1,
mapping_700019,700019,Ricavi Prestaz. Servizi Forfettari,803.00043,RICAVI PRESTAZ. SERVIZI FORFETTARI,A1,1:1,
mapping_700020,700020,Altri Ricavi Prestaz. non Imponibili,803.00044,ALTRI RICAVI PRESTAZ. NON IMPONIBILI,A1,1:1,
mapping_700021,700021,Ricavi Prestaz. Servizi Soci Coop.,803.00045,RICAVI PRESTAZ. SERVIZI SOCI COOP.,A1,1:1,
mapping_700022,700022,Ricavi Prest. Servizi a Terzi Ets,803.00046,RICAVI PREST. SERVIZI A TERZI ETS,A1,1:1,
mapping_700023,700023,Resi su Vendite,805.00001,RESI SU VENDITE,A1,1:1,
mapping_700024,700024,Sconti su Vendite,805.00002,SCONTI SU VENDITE,A1,1:1,
mapping_700025,700025,Abbuoni su Vendite,805.00003,ABBUONI SU VENDITE,A1,1:1,
mapping_700026,700026,Premi su Vendite,805.00004,PREMI SU VENDITE,A1,1:1,
mapping_700027,700027,Ricavi per Quote Associative (sez. A),806.00001,RICAVI PER QUOTE ASSOCIATIVE (SEZ.A),A1,1:1,
mapping_700028,700028,Ricavi per Appor. da Fondat. (sez. A),806.00002,RICAVI PER APPOR. DA FONDAT. (SEZ.A),A1,1:1,
mapping_700029,700029,Proventi da Assoc. Att. Mutu.(sez. A),806.00003,PROVENTI DA ASSOC. ATT.MUTU.(SEZ.A),A1,1:1,
mapping_700030,700030,Ricavi Prest. Serv. Assoc. (sez. A),806.00004,RICAVI PREST. SERV. ASSOC. (SEZ.A),A1,1:1,
mapping_700031,700031,Ricavi Prest. Serv. Fondat. (sez. A),806.00005,RICAVI PREST. SERV. FONDAT. (SEZ.A),A1,1:1,
mapping_700032,700032,Merci C/vendite Associati (sez. A),806.00006,MERCI C/VENDITE ASSOCIATI (SEZ.A),A1,1:1,
mapping_700033,700033,Merci C/vendite Fondatori (sez. A),806.00007,MERCI C/VENDITE FONDATORI (SEZ.A),A1,1:1,
mapping_700034,700034,Ricavi da Erog. Liberali (sez. A),806.00008,RICAVI DA EROG. LIBERALI (SEZ.A),A1,1:1,
mapping_700035,700035,Proventi da 5 per Mille (sez. A),806.00009,PROVENTI DA 5 PER MILLE (SEZ.A),A1,1:1,
mapping_700036,700036,Ricavi Prest. Serv. a Terzi (sez. A),806.00015,RICAVI PREST. SERV. A TERZI (SEZ.A),A1,1:1,
mapping_700037,700037,Merci C/vendite a Terzi (sez. A),806.00016,MERCI C/VENDITE A TERZI (SEZ.A),A1,1:1,
mapping_700038,700038,Corrispettivi Lordi,807.00001,CORRISPETTIVI LORDI,A1,1:1,
mapping_700039,700039,Corrispettivi Netti,807.00002,CORRISPETTIVI NETTI,A1,1:1,
mapping_700040,700040,Ricavi Generi a Ricavo Fisso/aggi,808.00001,RICAVI GENERI A RICAVO FISSO/AGGI,A1,1:1,
mapping_700041,700041,Fitti Attivi Fabb. Strum. Soc. Immobil.,808.00002,FITTI ATTIVI FABB.STRUM.SOC.IMMOBIL.,A1,1:1,
mapping_700042,700042,Fitti Attivi Fabb. non Strum. Soc. Immo,808.00003,FITTI ATTIVI FABB.NON STRUM.SOC.IMMO,A1,1:1,
mapping_700043,700043,Fitti Attivi Terreni Soc. Immobiliari,808.00004,FITTI ATTIVI TERRENI SOC.IMMOBILIARI,A1,1:1,
mapping_700044,700044,Fitti Attivi Fabb. Civili Soc. Immobil,808.00005,FITTI ATTIVI FABB.CIVILI SOC.IMMOBIL,A1,1:1,
mapping_700045,700045,Fitto Ramo Azienda Gest. Caratter.,808.00006,FITTO RAMO AZIENDA GEST.CARATTER.,A1,1:1,
mapping_700046,700046,"Ricavi per Aggi(carbur.,riviste,ecc)",808.00007,"RICAVI PER AGGI(carbur.,riviste,ecc)",A1,1:1,
mapping_700047,700047,Ricavo da Contributo CONAI,808.00008,RICAVO DA CONTRIBUTO CONAI,A1,1:1,
mapping_700048,700048,Sospesi su Corrispettivi,809.00021,SOSPESI SU CORRISPETTIVI,A1,1:1,
mapping_700049,700049,Ricavi Prest. Assoc. Fond. (sez. B),817.00001,RICAVI PREST. ASSOC. FOND. (SEZ.B),A1,1:1,
mapping_700050,700050,Merci C/vendite Assoc. Fond. (sez. B),817.00002,MERCI C/VENDITE ASSOC. FOND. (SEZ.B),A1,1:1,
mapping_700051,700051,Ricavi Prest. Serv. a Terzi(sez. B),817.00004,RICAVI PREST. SERV. A TERZI(SEZ.B),A1,1:1,
mapping_700052,700052,Merci C/vendite a Terzi (sez. B),817.00007,MERCI C/VENDITE A TERZI (SEZ.B),A1,1:1,
mapping_700053,700053,Prov. da Racc. Fondi Abit. (sez. C),818.00001,PROV. DA RACC. FONDI ABIT. (SEZ.C),A1,1:1,
mapping_710001,710001,Rim. Iniz. Prod. Corso Lavorazione,701.00052,RIM.INIZ.PROD.CORSO LAVORAZIONE,A2,1:1,
mapping_710002,710002,Rim. Iniz. Semilavorati,701.00053,RIM.INIZ.SEMILAVORATI,A2,1:1,
mapping_710003,710003,Rim. Iniz. Prodotti Finiti,701.00101,RIM.INIZ.PRODOTTI FINITI,A2,1:1,
mapping_710004,710004,Rim. Iniz. Prod. Finiti Semplificate,701.00111,RIM.INIZ.PROD.FINITI SEMPLIFICATE,A2,1:1,
mapping_710005,710005,Svalutazione Rim. Prodotti in Corso,701.00225,SVALUTAZIONE RIM. PRODOTTI IN CORSO,A2,1:1,
mapping_710006,710006,Svalutazione Rimanenze Semilavorati,701.00226,SVALUTAZIONE RIMANENZE SEMILAVORATI,A2,1:1,
mapping_710007,710007,Svalutazione Rim. Prodotti Finiti,701.00227,SVALUTAZIONE RIM. PRODOTTI FINITI,A2,1:1,
mapping_710008,710008,Rimanenze Finali (sez. A),806.00020,RIMANENZE FINALI (SEZ.A),A2,1:1,
mapping_710009,710009,Rim. Fin. Prod. Corso Lavorazione,812.00021,RIM.FIN.PROD.CORSO LAVORAZIONE,A2,1:1,
mapping_710010,710010,Rim. Fin. Semilavorati,812.00022,RIM.FIN.SEMILAVORATI,A2,1:1,
mapping_710011,710011,Rim. Fin. Prodotti Finiti,812.00031,RIM.FIN.PRODOTTI FINITI,A2,1:1,
mapping_710012,710012,Rim. Fin. Prod. Finiti Semplificate,812.00052,RIM.FIN.PROD.FINITI SEMPLIFICATE,A2,1:1,
mapping_710013,710013,Rimanenze Finali (sez. B),817.00020,RIMANENZE FINALI (SEZ.B),A2,1:1,
mapping_720001,720001,Rim. Iniz. Lav. Corso Ord.<12mesi,701.00151,RIM.INIZ.LAV.CORSO ORD.<12mesi,A3,1:1,
mapping_720002,720002,Rim. Iniz. Lav. Corso Ord.<12m Sempl.,701.00152,RIM.INIZ.LAV.CORSO ORD.<12m SEMPL.,A3,1:1,
mapping_720003,720003,Rim. Iniz. Opere/serv. Ultrannuali,701.00161,RIM.INIZ.OPERE/SERV.ULTRANNUALI,A3,1:1,
mapping_720004,720004,Rim. Iniz. Ultrannuali Semplificate,701.00171,RIM.INIZ. ULTRANNUALI SEMPLIFICATE,A3,1:1,
mapping_720005,720005,Rim. Fin. Lav. Corso Ord.<12mesi,812.00041,RIM.FIN.LAV.CORSO ORD.<12mesi,A3,1:1,
mapping_720006,720006,Rim. Fin. Opere/serv. Ultrannuali,812.00042,RIM.FIN.OPERE/SERV.ULTRANNUALI,A3,1:1,
mapping_720007,720007,Rim. Fin. Ultrannuali Semplificate,812.00053,RIM.FIN.ULTRANNUALI SEMPLIFICATE,A3,1:1,
mapping_720008,720008,Rim. Fin. Lav. Corso Ord.<12mesi Sempl.,812.00055,RIM.FIN.LAV.CORSO ORD.<12mesi SEMPL.,A3,1:1,
mapping_730001,730001,Capitalizz. Costi Imm. Immater.,815.00001,CAPITALIZZ.COSTI IMM.IMMATER.,A4,1:1,
mapping_730002,730002,Costruz. Interne Imm. Materiali,815.00051,COSTRUZ.INTERNE IMM.MATERIALI,A4,1:1,
mapping_730003,730003,Capitalizz. Costi Imm. Mater.,815.00052,CAPITALIZZ.COSTI IMM.MATER.,A4,1:1,
mapping_740001,740001,Contributi da Sogg. Privati (sez. A),806.00010,CONTRIBUTI DA SOGG. PRIVATI (SEZ.A),A5A,1:1,
mapping_740002,740002,Contributi da Enti Pubb. (sez. A),806.00011,CONTRIBUTI DA ENTI PUBB. (SEZ.A),A5A,1:1,
mapping_740003,740003,Prov. da Contr. con Enti Pub.(sez. A),806.00012,PROV. DA CONTR. CON ENTI PUB.(SEZ.A),A5A,1:1,
mapping_740004,740004,Contrib. C/eserc. Gest. Caratteristica,809.00001,CONTRIB.C/ESERC.GEST.CARATTERISTICA,A5A,1:1,
mapping_740005,740005,Contrib. C/eserc. Autotrasp. Gasolio,809.00003,CONTRIB.C/ESERC.AUTOTRASP.GASOLIO,A5A,1:1,
mapping_740006,740006,Contributo Covid No Ires/IRAP,809.00005,CONTRIBUTO COVID NO IRES/IRAP,A5A,1:1,
mapping_740007,740007,Contributo Covid,809.00006,CONTRIBUTO COVID,A5A,1:1,
mapping_740008,740008,Contrib. F.do Perduto No Ires/IRAP,809.00007,CONTRIB. F.DO PERDUTO NO IRES/IRAP,A5A,1:1,
mapping_740009,740009,Contributi C/interessi,809.00025,CONTRIBUTI C/INTERESSI,A5A,1:1,
mapping_740010,740010,Contributi da Sogg. Privati (sez. B),817.00003,CONTRIBUTI DA SOGG. PRIVATI (SEZ.B),A5A,1:1,
mapping_740011,740011,Contributi da Enti Pubblici (sez. B),817.00005,CONTRIBUTI DA ENTI PUBBLICI (SEZ.B),A5A,1:1,
mapping_740012,740012,Prov. da Contr. con Enti Pub.(sez. B),817.00006,PROV. DA CONTR. CON ENTI PUB.(SEZ.B),A5A,1:1,
mapping_740013,740013,Altri Ricavi e Prov. Generali (sez. A),806.00013,ALTRI RICAVI E PROV.GENERALI (SEZ.A),A5B,1:1,
mapping_740014,740014,Plusvalenze-non Imponibili (sez. A),806.00017,PLUSVALENZE-NON IMPONIBILI (SEZ.A),A5B,1:1,
mapping_740015,740015,Plusv. Ordinarie-non Rateizz. (sez. A),806.00018,PLUSV.ORDINARIE-NON RATEIZZ. (SEZ.A),A5B,1:1,
mapping_740016,740016,Sopravvenienze Attive (sez. A),806.00019,SOPRAVVENIENZE ATTIVE (SEZ.A),A5B,1:1,
mapping_740017,740017,Recuperi e Risarcimenti,809.00002,RECUPERI E RISARCIMENTI,A5B,1:1,
mapping_740018,740018,Indennita' Sostit. Mancato Reddito,809.00004,INDENNITA' SOSTIT. MANCATO REDDITO,A5B,1:1,
mapping_740019,740019,Contributi C/impianti,809.00011,CONTRIBUTI C/IMPIANTI,A5B,1:1,
mapping_740020,740020,Contrib. Corrispettivi da Contratto,809.00012,CONTRIB.CORRISPETTIVI DA CONTRATTO,A5B,1:1,
mapping_740021,740021,Contrib. Crediti Imposta No Ires/IRAP,809.00015,CONTRIB.CREDITI IMPOSTA NO IRES/IRAP,A5B,1:1,
mapping_740022,740022,Canoni Attivi,810.00001,CANONI ATTIVI,A5B,1:1,
mapping_740023,740023,Omaggi da Fornitori,810.00002,OMAGGI DA FORNITORI,A5B,1:1,
mapping_740024,740024,Proventi per Liberalita',810.00003,PROVENTI PER LIBERALITA',A5B,1:1,
mapping_740025,740025,"Proventi Royalties,marchi,ecc.",810.00004,"PROVENTI ROYALTIES,MARCHI,ECC.",A5B,1:1,
mapping_740026,740026,Abbuoni/arroton. Attivi,810.00005,ABBUONI/ARROTON.ATTIVI,A5B,1:1,
mapping_740027,740027,Rimborsi Spese,810.00006,RIMBORSI SPESE,A5B,1:1,
mapping_740028,740028,Altri Ricavi e Proventi Vari,810.00007,ALTRI RICAVI E PROVENTI VARI,A5B,1:1,
mapping_740029,740029,Affitti Attivi D'azienda,810.00008,AFFITTI ATTIVI D'AZIENDA,A5B,1:1,
mapping_740030,740030,Arroton. su Convers. Valute,810.00009,ARROTON.SU CONVERS.VALUTE,A5B,1:1,
mapping_740031,740031,Fitti Attivi Fabb. Strumentali,810.00011,FITTI ATTIVI FABB.STRUMENTALI,A5B,1:1,
mapping_740032,740032,Fitti Attivi Fabb. non Strum.,810.00012,FITTI ATTIVI FABB.NON STRUM.,A5B,1:1,
mapping_740033,740033,Fitti Attivi Terreni,810.00013,FITTI ATTIVI TERRENI,A5B,1:1,
mapping_740034,740034,Errori non Rilevanti Ricavi,810.00015,ERRORI NON RILEVANTI RICAVI,A5B,1:1,
mapping_740035,740035,Proventi Dipend. Distaccati,810.00020,PROVENTI DIPEND.DISTACCATI,A5B,1:1,
mapping_740036,740036,Plusv. Ordinarie-rateizzabili,810.00021,PLUSV.ORDINARIE-RATEIZZABILI,A5B,1:1,
mapping_740037,740037,Plusv. Ordinarie-non Rateizzabili,810.00022,PLUSV.ORDINARIE-NON RATEIZZABILI,A5B,1:1,
mapping_740038,740038,Plusvalenze-non Imponibili,810.00023,PLUSVALENZE-NON IMPONIBILI,A5B,1:1,
mapping_740039,740039,Soprav. Ordin-art.88-comma1,810.00030,SOPRAV.ORDIN-Art.88-Comma1,A5B,1:1,
mapping_740040,740040,Soprav. Ordin-art.88-comma2-rateizzab,810.00031,SOPRAV.ORDIN-Art.88-Comma2-RATEIZZAB,A5B,1:1,
mapping_740041,740041,"Soprav. Ordin-art.88-co3,let. B-rateiz",810.00042,"SOPRAV.ORDIN-Art.88-Co3,let.b-RATEIZ",A5B,1:1,
mapping_740042,740042,Soprav. Attive-non Imponibili,810.00045,SOPRAV.ATTIVE-NON IMPONIBILI,A5B,1:1,
mapping_740043,740043,Rimb. Spese Addebitate Clienti,810.00050,RIMB.SPESE ADDEBITATE CLIENTI,A5B,1:1,
mapping_740044,740044,Rimb. Spese Trasporto Addeb. Clienti,810.00051,RIMB.SPESE TRASPORTO ADDEB.CLIENTI,A5B,1:1,
mapping_740045,740045,Rimb. Spese Bancarie Addeb. Clienti,810.00052,RIMB.SPESE BANCARIE ADDEB.CLIENTI,A5B,1:1,
mapping_740046,740046,Rimb. Spese Bolli Addeb. Clienti,810.00053,RIMB.SPESE BOLLI ADDEB.CLIENTI,A5B,1:1,
mapping_740047,740047,Altri Ricavi e Proventi (sez. B),817.00008,ALTRI RICAVI E PROVENTI (SEZ.B),A5B,1:1,
mapping_740048,740048,Plusv. Ordinarie-non Rateizz. (sez. B),817.00015,PLUSV.ORDINARIE-NON RATEIZZ. (SEZ.B),A5B,1:1,
mapping_740049,740049,Plusvalenze-non Imponibili (sez. B),817.00016,PLUSVALENZE-NON IMPONIBILI (SEZ.B),A5B,1:1,
mapping_740050,740050,Sopravvenienze Attive (sez. B),817.00017,SOPRAVVENIENZE ATTIVE (SEZ.B),A5B,1:1,
mapping_740051,740051,Prov. da Racc. Fondi Occas. (sez. C),818.00002,PROV. DA RACC. FONDI OCCAS. (SEZ.C),A5B,1:1,
mapping_740052,740052,Altri Prov. da Racc. Fondi (sez. C),818.00003,ALTRI PROV. DA RACC. FONDI (SEZ.C),A5B,1:1,
mapping_740053,740053,Plusvalenze Straordinarie,825.00001,PLUSVALENZE STRAORDINARIE,A5B,1:1,
mapping_740054,740054,Plusv. Straord. No IRAP,825.00002,PLUSV.STRAORD.NO IRAP,A5B,1:1,
mapping_740055,740055,Plusv. Cess./confer. Azienda,825.00003,PLUSV.CESS./CONFER.AZIENDA,A5B,1:1,
mapping_740056,740056,Plusv. Cess. Fabb. Civili,825.00004,PLUSV.CESS.FABB.CIVILI,A5B,1:1,
mapping_740057,740057,Plusv. Cess. Rateizzabili,825.00005,PLUSV.CESS. RATEIZZABILI,A5B,1:1,
mapping_740058,740058,Contributi Straord. C/capitale,825.00011,CONTRIBUTI STRAORD.C/CAPITALE,A5B,1:1,
mapping_740059,740059,Altre Sopravvenienze,825.00012,ALTRE SOPRAVVENIENZE,A5B,1:1,
mapping_740060,740060,Soprav. Attive Straord-non Imponibili,825.00014,SOPRAV.ATTIVE STRAORD-NON IMPONIBILI,A5B,1:1,
mapping_740061,740061,Soprav. Attive Straord. No IRAP,825.00015,SOPRAV.ATTIVE STRAORD.NO IRAP,A5B,1:1,
mapping_740062,740062,Soprav. Attive Straord. No Ires/IRAP,825.00016,SOPRAV.ATTIVE STRAORD.NO IRES/IRAP,A5B,1:1,
mapping_740063,740063,Prov. da Distacco Personale (sez. E),826.00001,PROV. DA DISTACCO PERSONALE (SEZ.E),A5B,1:1,
mapping_740064,740064,Altri Prov. di Supporto Gen. (sez. E),826.00002,ALTRI PROV. DI SUPPORTO GEN. (SEZ.E),A5B,1:1,
mapping_600001,600001,Materie Prime C/acquisti,702.00001,MATERIE PRIME C/ACQUISTI,B6,1:1,
mapping_600002,600002,Beni Produz. Servizi,702.00002,BENI PRODUZ.SERVIZI,B6,1:1,
mapping_600003,600003,Materie Prime C/acquisti Forfettari,702.00003,MATERIE PRIME C/ACQUISTI FORFETTARI,B6,1:1,
mapping_600004,600004,Materie Sussidiarie C/acquisti,702.00006,MATERIE SUSSIDIARIE C/ACQUISTI,B6,1:1,
mapping_600005,600005,Semilavorati C/acquisti,702.00011,SEMILAVORATI C/ACQUISTI,B6,1:1,
mapping_600006,600006,Componenti C/acquisti,702.00015,COMPONENTI C/ACQUISTI,B6,1:1,
mapping_600007,600007,Materie di Consumo C/acquisti,702.00020,MATERIE DI CONSUMO C/ACQUISTI,B6,1:1,
mapping_600008,600008,Imballaggi C/acquisti,702.00024,IMBALLAGGI C/ACQUISTI,B6,1:1,
mapping_600009,600009,Resi su Acquisti,702.00031,RESI SU ACQUISTI,B6,1:1,
mapping_600010,600010,Sconti-abbuoni su Acquisti,702.00032,SCONTI-ABBUONI SU ACQUISTI,B6,1:1,
mapping_600011,600011,Premi su Acquisti,702.00033,PREMI SU ACQUISTI,B6,1:1,
mapping_600012,600012,Oneri Access(trasp-imbal-assi-lavor),702.00050,ONERI ACCESS(TRASP-IMBAL-ASSI-LAVOR),B6,1:1,
mapping_600013,600013,Merci C/acquisti,702.00051,MERCI C/ACQUISTI,B6,1:1,
mapping_600014,600014,Resi Acquisti Merci,702.00052,RESI ACQUISTI MERCI,B6,1:1,
mapping_600015,600015,Sconti-abbuoni Acq. Merci,702.00053,SCONTI-ABBUONI ACQ.MERCI,B6,1:1,
mapping_600016,600016,Premi Acquist0 Merci,702.00054,PREMI ACQUIST0 MERCI,B6,1:1,
mapping_600017,600017,Costi Black List,702.00055,COSTI BLACK LIST,B6,1:1,
mapping_600018,600018,Errori non Rilevanti Merci C/acqu.,702.00056,ERRORI NON RILEVANTI MERCI C/ACQU.,B6,1:1,
mapping_600019,600019,Generi Ricavo Fisso/aggio C/acquisti,702.00201,GENERI RICAVO FISSO/AGGIO C/ACQUISTI,B6,1:1,
mapping_600020,600020,Oro Investimento-rev. Charge,702.00301,ORO INVESTIMENTO-REV.CHARGE,B6,1:1,
mapping_600021,600021,Oro Industriale-rev. Charge,702.00302,ORO INDUSTRIALE-REV.CHARGE,B6,1:1,
mapping_600022,600022,Rottami-rev. Charge,702.00305,ROTTAMI-REV.CHARGE,B6,1:1,
mapping_600023,600023,Metalli Ferrosi-rev. Charge,702.00306,METALLI FERROSI-REV.CHARGE,B6,1:1,
mapping_600024,600024,Semil. non Ferrosi-rev. Charge,702.00307,SEMIL.NON FERROSI-REV.CHARGE,B6,1:1,
mapping_600025,600025,Carta Macero-rev. Charge,702.00308,CARTA MACERO-REV.CHARGE,B6,1:1,
mapping_600026,600026,Merci-rev. Charge,702.00309,MERCI-REV.CHARGE,B6,1:1,
mapping_600027,600027,Componenti-rev. Charge,702.00310,COMPONENTI-REV.CHARGE,B6,1:1,
mapping_600028,600028,Immobili-rev. Charge,702.00311,IMMOBILI-REV.CHARGE,B6,1:1,
mapping_600029,600029,Materie Prime C/acquisti Soci Coop.,702.00312,MATERIE PRIME C/ACQUISTI SOCI COOP.,B6,1:1,
mapping_600030,600030,Materie Prime C/acquisti (sez. B),703.00001,MATERIE PRIME C/ACQUISTI (SEZ.B),B6,1:1,
mapping_600031,600031,Mat. Sussidiarie C/acquisti (sez. B),703.00002,MAT. SUSSIDIARIE C/ACQUISTI (SEZ.B),B6,1:1,
mapping_600032,600032,Mat. di Consumo C/acquisti (sez. B),703.00003,MAT. DI CONSUMO C/ACQUISTI (SEZ.B),B6,1:1,
mapping_600033,600033,Merci C/acquisti (sez. B),703.00004,MERCI C/ACQUISTI (SEZ.B),B6,1:1,
mapping_600034,600034,Materiali di Manutenzione,704.00001,MATERIALI DI MANUTENZIONE,B6,1:1,
mapping_600035,600035,Materiale di Pulizia,704.00002,MATERIALE DI PULIZIA,B6,1:1,
mapping_600036,600036,Cancelleria,704.00004,CANCELLERIA,B6,1:1,
mapping_600037,600037,Materiale Pubblicitario,704.00005,MATERIALE PUBBLICITARIO,B6,1:1,
mapping_600038,600038,Indumenti di Lavoro,704.00007,INDUMENTI DI LAVORO,B6,1:1,
mapping_600039,600039,Contributo CONAI,704.00008,CONTRIBUTO CONAI,B6,1:1,
mapping_600040,600040,Spese Accessorie su Acquisti,704.00009,SPESE ACCESSORIE SU ACQUISTI,B6,1:1,
mapping_600041,600041,Altri Acquisti,704.00010,ALTRI ACQUISTI,B6,1:1,
mapping_600042,600042,Acquisto Presidi Medici,704.00011,ACQUISTO PRESIDI MEDICI,B6,1:1,
mapping_600043,600043,"Acquisto Beni Inf. a 516,46",704.00012,"ACQUISTO BENI INF. A 516,46",B6,1:1,
mapping_600044,600044,"Acquisto Beni Inf. a 516,46 (50%)",704.00013,"ACQUISTO BENI INF. A 516,46 (50%)",B6,1:1,
mapping_600045,600045,"Acquisto Beni Inf. a 516,46 (80%)",704.00014,"ACQUISTO BENI INF. A 516,46 (80%)",B6,1:1,
mapping_600046,600046,Altri Acquisti-indeducibili,704.00199,ALTRI ACQUISTI-INDEDUCIBILI,B6,1:1,
mapping_600047,600047,Merci C/acquisti Istituz. Sez. A),705.00001,MERCI C/ACQUISTI ISTITUZ. SEZ.A),B6,1:1,
mapping_600048,600048,Materie Cons. C/acq. Istituz. Sez. A),705.00002,MATERIE CONS. C/ACQ.ISTITUZ. SEZ.A),B6,1:1,
mapping_600049,600049,Cancelleria Istituz. Sez. A),705.00003,CANCELLERIA ISTITUZ. SEZ.A),B6,1:1,
mapping_600050,600050,Carburanti-lubrificanti,713.00001,CARBURANTI-LUBRIFICANTI,B6,1:1,
mapping_600051,600051,Carburan-lubr. non Assegnati,713.00002,CARBURAN-LUBR.NON ASSEGNATI,B6,1:1,
mapping_600052,600052,Carburan-lubr. Assegnati,713.00003,CARBURAN-LUBR.ASSEGNATI,B6,1:1,
mapping_600053,600053,Carburan-produz. Servizi,713.00004,CARBURAN-PRODUZ.SERVIZI,B6,1:1,
mapping_600054,600054,Carburan-lubr-indeducibili,713.00005,CARBURAN-LUBR-INDEDUCIBILI,B6,1:1,
mapping_600055,600055,Carburanti Autotraz. Forfettari,713.00006,CARBURANTI AUTOTRAZ. FORFETTARI,B6,1:1,
mapping_600056,600056,Carburanti Autotraz. Forfettari(50%),713.00007,CARBURANTI AUTOTRAZ. FORFETTARI(50%),B6,1:1,
mapping_600057,600057,Carburan-lubr. Agenti(80%),713.00009,CARBURAN-LUBR.AGENTI(80%),B6,1:1,
mapping_600058,600058,Materie Prime C/acquisti (sez. E),749.00001,MATERIE PRIME C/ACQUISTI (SEZ.E),B6,1:1,
mapping_600059,600059,Mat. Sussidiarie C/acquisti (sez. E),749.00002,MAT. SUSSIDIARIE C/ACQUISTI (SEZ.E),B6,1:1,
mapping_600060,600060,Mat. di Consumo C/acquisti (sez. E),749.00003,MAT. DI CONSUMO C/ACQUISTI (SEZ.E),B6,1:1,
mapping_600061,600061,Merci C/acquisti (sez. E),749.00004,MERCI C/ACQUISTI (SEZ.E),B6,1:1,
mapping_610001,610001,Acqua (sez. B),703.00015,ACQUA (SEZ.B),B7,1:1,
mapping_610002,610002,Gas e Riscaldamento (sez. B),703.00016,GAS E RISCALDAMENTO (SEZ.B),B7,1:1,
mapping_610003,610003,Energia Elettrica (sez. B),703.00017,ENERGIA ELETTRICA (SEZ.B),B7,1:1,
mapping_610004,610004,Serv. Puliz. Smalt. Rifiuti (sez. B),703.00018,SERV. PULIZ. SMALT. RIFIUTI (SEZ.B),B7,1:1,
mapping_610005,610005,Assicuraz. non Obbligatorie (sez. B),703.00019,ASSICURAZ.NON OBBLIGATORIE (SEZ.B),B7,1:1,
mapping_610006,610006,Servizi di Vigilanza (sez. B),703.00020,SERVIZI DI VIGILANZA (SEZ.B),B7,1:1,
mapping_610007,610007,Consulenze Fiscali (sez. B),703.00021,CONSULENZE FISCALI (SEZ.B),B7,1:1,
mapping_610008,610008,Consulenze Tecniche (sez. B),703.00022,CONSULENZE TECNICHE (SEZ.B),B7,1:1,
mapping_610009,610009,Altri Servizi (sez. B),703.00030,ALTRI SERVIZI (SEZ.B),B7,1:1,
mapping_610010,610010,Altri Servizi-indeducibili (sez. B),703.00031,ALTRI SERVIZI-INDEDUCIBILI (SEZ.B),B7,1:1,
mapping_610011,610011,Spese Postali (sez. B),703.00035,SPESE POSTALI (SEZ.B),B7,1:1,
mapping_610012,610012,Manutenz. Periodic.-contratto (sez. B),703.00040,MANUTENZ.PERIODIC.-CONTRATTO (SEZ.B),B7,1:1,
mapping_610013,610013,Altre Spese Documentate (sez. B),703.00041,ALTRE SPESE DOCUMENTATE (SEZ.B),B7,1:1,
mapping_610014,610014,Collabo. Co. Co. Dilettanti (sez. B),703.00045,COLLABO.CO.CO. DILETTANTI (SEZ.B),B7,1:1,
mapping_610015,610015,Prestaz. Lav. Auton. Dilett. (sez. B),703.00046,PRESTAZ.LAV.AUTON. DILETT. (SEZ.B),B7,1:1,
mapping_610016,610016,Compensi Sindaci-revisori (sez. B),703.00047,COMPENSI SINDACI-REVISORI (SEZ.B),B7,1:1,
mapping_610017,610017,Collab. Co. Co. Affer. Attivita (sez. B),703.00048,COLLAB.CO.CO.AFFER. ATTIVITA (SEZ.B),B7,1:1,
mapping_610018,610018,Contr. INPS Co. Co. Co. Affe. Att.(sez. B),703.00049,CONTR.INPS CO.CO.CO.AFFE.ATT.(SEZ.B),B7,1:1,
mapping_610019,610019,Contr. INAIL Co. Co. Co. Affe. Att(sez. B),703.00050,CONTR.INAIL CO.CO.CO.AFFE.ATT(SEZ.B),B7,1:1,
mapping_610020,610020,Carburanti-lubrificanti (sez. B),703.00060,CARBURANTI-LUBRIFICANTI (SEZ.B),B7,1:1,
mapping_610021,610021,Assicurazioni Rca (sez. B),703.00061,ASSICURAZIONI RCA (SEZ.B),B7,1:1,
mapping_610022,610022,Tassa Proprieta Autoveicoli (sez. B),703.00062,TASSA PROPRIETA AUTOVEICOLI (SEZ.B),B7,1:1,
mapping_610023,610023,Pedaggi Autostradali (sez. B),703.00063,PEDAGGI AUTOSTRADALI (SEZ.B),B7,1:1,
mapping_610024,610024,Altri Oneri Autoveicoli (sez. B),703.00064,ALTRI ONERI AUTOVEICOLI (SEZ.B),B7,1:1,
mapping_610025,610025,Assic. non Obb. Autoveicoli (sez. B),703.00077,ASSIC.NON OBB.AUTOVEICOLI (SEZ.B),B7,1:1,
mapping_610026,610026,Beni Strum. Contr. Minimi,704.00500,BENI STRUM.CONTR.MINIMI,B7,1:1,
mapping_610027,610027,Beni Strum. Contr. Min.(50%),704.00501,BENI STRUM.CONTR.MIN.(50%),B7,1:1,
mapping_610028,610028,Costi per Servizi Istituz. Sez. A),705.00005,COSTI PER SERVIZI ISTITUZ. SEZ.A),B7,1:1,
mapping_610029,610029,Telefonia Istituz. Sez. A),705.00006,TELEFONIA ISTITUZ. SEZ.A),B7,1:1,
mapping_610030,610030,Riscaldamento Istituz. Sez. A),705.00007,RISCALDAMENTO ISTITUZ. SEZ.A),B7,1:1,
mapping_610031,610031,Energia Elettrica Istituz. Sez. A),705.00008,ENERGIA ELETTRICA ISTITUZ. SEZ.A),B7,1:1,
mapping_610032,610032,Servizi Bancari Istituz. Sez. A),705.00009,SERVIZI BANCARI ISTITUZ. SEZ.A),B7,1:1,
mapping_610033,610033,Consul. Legali-not. Istituz. Sez. A),705.00010,CONSUL.LEGALI-NOT. ISTITUZ. SEZ.A),B7,1:1,
mapping_610034,610034,Consul. Fiscali Istituz. Sez. A),705.00011,CONSUL.FISCALI ISTITUZ. SEZ.A),B7,1:1,
mapping_610035,610035,Consul. Profess. Istituz. Sez. A),705.00012,CONSUL.PROFESS. ISTITUZ. SEZ.A),B7,1:1,
mapping_610036,610036,Collab. Cococo Istit. Sez. A) <85.000e,705.00013,COLLAB.COCOCO ISTIT. SEZ.A) <85.000e,B7,1:1,
mapping_610037,610037,Collab. INPS Cococo Istituz. Sez. A),705.00014,COLLAB.INPS COCOCO ISTITUZ. SEZ. A),B7,1:1,
mapping_610038,610038,Collab. INAIL Cococo Istituz. Sez. A),705.00015,COLLAB.INAIL COCOCO ISTITUZ. SEZ. A),B7,1:1,
mapping_610039,610039,Manut. Riparaz. Istituz. Sez. A),705.00016,MANUT.RIPARAZ. ISTITUZ. SEZ. A),B7,1:1,
mapping_610040,610040,Viaggi-bigl.-taxi Istituz. Sez. A),705.00017,VIAGGI-BIGL.-TAXI ISTITUZ. SEZ. A),B7,1:1,
mapping_610041,610041,Assicur. non Obbl. Istituz. Sez. A),705.00018,ASSICUR.NON OBBL.ISTITUZ. SEZ. A),B7,1:1,
mapping_610042,610042,Compensi Lav. Auton. Occas. Sez. A),705.00020,COMPENSI LAV.AUTON. OCCAS. SEZ.A),B7,1:1,
mapping_610043,610043,Costi da Racc. Fondi Abit. (sez. C),706.00001,COSTI DA RACC. FONDI ABIT. (SEZ.C),B7,1:1,
mapping_610044,610044,Riscaldamento,709.00001,RISCALDAMENTO,B7,1:1,
mapping_610045,610045,Acqua,709.00002,ACQUA,B7,1:1,
mapping_610046,610046,Energia Elettrica,709.00003,ENERGIA ELETTRICA,B7,1:1,
mapping_610047,610047,Servizi di Pulizia,709.00004,SERVIZI DI PULIZIA,B7,1:1,
mapping_610048,610048,Consulenze Legali-notarili,709.00005,CONSULENZE LEGALI-NOTARILI,B7,1:1,
mapping_610049,610049,Spese Postali,709.00006,SPESE POSTALI,B7,1:1,
mapping_610050,610050,Servizio Smaltimento Rifiuti,709.00007,SERVIZIO SMALTIMENTO RIFIUTI,B7,1:1,
mapping_610051,610051,Servizi Bancari,709.00008,SERVIZI BANCARI,B7,1:1,
mapping_610052,610052,Assicuraz. non Obbligatorie,709.00009,ASSICURAZ.NON OBBLIGATORIE,B7,1:1,
mapping_610053,610053,Condominiali,709.00010,CONDOMINIALI,B7,1:1,
mapping_610054,610054,Condominiali(50%),709.00011,CONDOMINIALI(50%),B7,1:1,
mapping_610055,610055,Vigilanza,709.00012,VIGILANZA,B7,1:1,
mapping_610056,610056,Telefonia(80%),709.00013,TELEFONIA(80%),B7,1:1,
mapping_610057,610057,Cellulari(80%),709.00014,CELLULARI(80%),B7,1:1,
mapping_610058,610058,Telefonia,709.00015,TELEFONIA,B7,1:1,
mapping_610059,610059,Servizi Correlati a Ricavi,709.00016,SERVIZI CORRELATI A RICAVI,B7,1:1,
mapping_610060,610060,Servizi Black List,709.00017,SERVIZI BLACK LIST,B7,1:1,
mapping_610061,610061,Acqua (50%),709.00018,ACQUA (50%),B7,1:1,
mapping_610062,610062,Energia Elettrica (50%),709.00019,ENERGIA ELETTRICA (50%),B7,1:1,
mapping_610063,610063,Riscaldamento (50%),709.00020,RISCALDAMENTO (50%),B7,1:1,
mapping_610064,610064,Lavorazioni di Terzi,709.00021,LAVORAZIONI DI TERZI,B7,1:1,
mapping_610065,610065,Consulenze Tecniche,709.00022,CONSULENZE TECNICHE,B7,1:1,
mapping_610066,610066,Consulenze Fiscali-libri Paga,709.00023,CONSULENZE FISCALI-LIBRI PAGA,B7,1:1,
mapping_610067,610067,Serv. Smaltim. Rifiuti (50%),709.00024,SERV.SMALTIM.RIFIUTI (50%),B7,1:1,
mapping_610068,610068,Vigilanza (50%),709.00025,VIGILANZA (50%),B7,1:1,
mapping_610069,610069,Servizi di Pulizia (50%),709.00026,SERVIZI DI PULIZIA (50%),B7,1:1,
mapping_610070,610070,Manut. Ordin. Fabb. non Strumentali,709.00031,MANUT.ORDIN.FABB.NON STRUMENTALI,B7,1:1,
mapping_610071,610071,Manut. Straord. Fabb. non Strumentali,709.00032,MANUT.STRAORD.FABB.NON STRUMENTALI,B7,1:1,
mapping_610072,610072,Costi Gestione Fabb. non Strumentali,709.00033,COSTI GESTIONE FABB.NON STRUMENTALI,B7,1:1,
mapping_610073,610073,Altri Servizi,709.00041,ALTRI SERVIZI,B7,1:1,
mapping_610074,610074,Prest. in Subapp. Rev. Charge,709.00061,PREST.IN SUBAPP.REV.CHARGE,B7,1:1,
mapping_610075,610075,Serv. Edifici Sett. Edile Rev. Charge,709.00062,SERV.EDIFICI SETT.EDILE REV.CHARGE,B7,1:1,
mapping_610076,610076,Servizi Edifici Rev. Charge,709.00063,SERVIZI EDIFICI REV.CHARGE,B7,1:1,
mapping_610077,610077,Servizi Edifici Rev. Charge(50%),709.00064,SERVIZI EDIFICI REV.CHARGE(50%),B7,1:1,
mapping_610078,610078,Commissioni per Cessione Fatture,709.00065,COMMISSIONI PER CESSIONE FATTURE,B7,1:1,
mapping_610079,610079,Commiss. Remunerazione Acquir. Fatt.,709.00066,COMMISS.REMUNERAZIONE ACQUIR. FATT.,B7,1:1,
mapping_610080,610080,Buoni Pasto — Ticket Restaurant,709.00070,BUONI PASTO - TICKET RESTAURANT,B7,1:1,
mapping_610081,610081,Altri Servizi-indeducibili,709.00199,ALTRI SERVIZI-INDEDUCIBILI,B7,1:1,
mapping_610082,610082,Collabo. Co. Co. Afferenti Attivita,711.00001,COLLABO.CO.CO.AFFERENTI ATTIVITA,B7,1:1,
mapping_610083,610083,Contr. INPS Co. Co. Co. Affer. Attivita,711.00002,CONTR.INPS CO.CO.CO.AFFER.ATTIVITA,B7,1:1,
mapping_610084,610084,Contr. INAIL Co. Co. Co. Affer. Attivita,711.00003,CONTR.INAIL CO.CO.CO.AFFER.ATTIVITA,B7,1:1,
mapping_610085,610085,Premio INAIL C/titolare,711.00004,PREMIO INAIL C/TITOLARE,B7,1:1,
mapping_610086,610086,Premio INAIL Socio Lavoratore,711.00005,PREMIO INAIL SOCIO LAVORATORE,B7,1:1,
mapping_610087,610087,Collaboratori Voucher (OCCASIONALI),711.00006,COLLABORATORI VOUCHER (OCCASIONALI),B7,1:1,
mapping_610088,610088,Contrib. INAIL Collab. Voucher,711.00007,CONTRIB.INAIL COLLAB.VOUCHER,B7,1:1,
mapping_610089,610089,Contrib. INPS Collab. Voucher,711.00008,CONTRIB.INPS COLLAB.VOUCHER,B7,1:1,
mapping_610090,610090,Collabo. Co. Co. Dilettanti >85.000e,711.00009,COLLABO.CO.CO. DILETTANTI >85.000e,B7,1:1,
mapping_610091,610091,Prestaz. Lav. Auton. Dilettanti,711.00010,PRESTAZ.LAV.AUTON. DILETTANTI,B7,1:1,
mapping_610092,610092,Prestaz. Lav. Auton. Affer. Attiv.,711.00011,PRESTAZ.LAV.AUTON.AFFER.ATTIV.,B7,1:1,
mapping_610093,610093,Utili Assoc. Partec. Lavoro,711.00021,UTILI ASSOC.PARTEC.LAVORO,B7,1:1,
mapping_610094,610094,Prestaz. Lav. Occasion. Affer. Attiv.,711.00031,PRESTAZ.LAV.OCCASION.AFFER.ATTIV.,B7,1:1,
mapping_610095,610095,Comp. Ammin. Profess-soci,711.00041,COMP.AMMIN.PROFESS-SOCI,B7,1:1,
mapping_610096,610096,Comp. Ammin. Profess-non Soci,711.00044,COMP.AMMIN.PROFESS-NON SOCI,B7,1:1,
mapping_610097,610097,Comp. Ammin. Profess-non Pagati,711.00045,COMP.AMMIN.PROFESS-NON PAGATI,B7,1:1,
mapping_610098,610098,Comp. Ammin. Co. Co. Co-soci,711.00046,COMP.AMMIN.CO.CO.CO-SOCI,B7,1:1,
mapping_610099,610099,Comp. Ammin. Co. Co. Co-non Soci,711.00049,COMP.AMMIN.CO.CO.CO-NON SOCI,B7,1:1,
mapping_610100,610100,Comp. Ammin. Co. Co. Co-non Pagati,711.00050,COMP.AMMIN.CO.CO.CO-NON PAGATI,B7,1:1,
mapping_610101,610101,Compensi Sindaci-revisori,711.00051,COMPENSI SINDACI-REVISORI,B7,1:1,
mapping_610102,610102,Accan. Tfm Ammin-no Professionisti,711.00052,ACCAN.TFM AMMIN-NO PROFESSIONISTI,B7,1:1,
mapping_610103,610103,Contr. INPS Ammin. Co. Co. Co-soci,711.00053,CONTR.INPS AMMIN.CO.CO.CO-SOCI,B7,1:1,
mapping_610104,610104,Contr. INAIL Ammin. Co. Co. Co-soci,711.00054,CONTR.INAIL AMMIN.CO.CO.CO-SOCI,B7,1:1,
mapping_610105,610105,Contr. INPS Ammin. Co. Co. Co-non Soci,711.00055,CONTR.INPS AMMIN.CO.CO.CO-NON SOCI,B7,1:1,
mapping_610106,610106,Contr. INAIL Ammin. Co. Co. Co-non Soci,711.00056,CONTR.INAIL AMMIN.CO.CO.CO-NON SOCI,B7,1:1,
mapping_610107,610107,Oneri Collab. Apprendisti-disabili,711.00060,ONERI COLLAB. APPRENDISTI-DISABILI,B7,1:1,
mapping_610108,610108,Oneri Collab. Formazione Lavoro,711.00061,ONERI COLLAB. FORMAZIONE LAVORO,B7,1:1,
mapping_610109,610109,Oneri Collab. Ricerca-sviluppo,711.00062,ONERI COLLAB. RICERCA-SVILUPPO,B7,1:1,
mapping_610110,610110,Assicurazioni Rca,713.00011,ASSICURAZIONI RCA,B7,1:1,
mapping_610111,610111,Assicuraz. Rca non Assegnata,713.00012,ASSICURAZ.RCA NON ASSEGNATA,B7,1:1,
mapping_610112,610112,Assicuraz. Rca Assegnata,713.00013,ASSICURAZ.RCA ASSEGNATA,B7,1:1,
mapping_610113,610113,Assicuraz. Rca-indeducibili,713.00015,ASSICURAZ.RCA-INDEDUCIBILI,B7,1:1,
mapping_610114,610114,Assicuraz. Rca Agenti(80%),713.00019,ASSICURAZ.RCA AGENTI(80%),B7,1:1,
mapping_610115,610115,Pedaggi Autostradali,713.00031,PEDAGGI AUTOSTRADALI,B7,1:1,
mapping_610116,610116,Pedaggi Autost. non Assegnati,713.00032,PEDAGGI AUTOST.NON ASSEGNATI,B7,1:1,
mapping_610117,610117,Pedaggi Autost. Assegnati,713.00033,PEDAGGI AUTOST.ASSEGNATI,B7,1:1,
mapping_610118,610118,Pedaggi Autost-indeducibili,713.00035,PEDAGGI AUTOST-INDEDUCIBILI,B7,1:1,
mapping_610119,610119,Pedaggi Autost. Agenti(80%),713.00039,PEDAGGI AUTOST.AGENTI(80%),B7,1:1,
mapping_610120,610120,Altri Oneri Autoveicoli,713.00051,ALTRI ONERI AUTOVEICOLI,B7,1:1,
mapping_610121,610121,Altri Oneri Auto non Assegnata,713.00052,ALTRI ONERI AUTO NON ASSEGNATA,B7,1:1,
mapping_610122,610122,Altri Oneri Auto Assegnata,713.00053,ALTRI ONERI AUTO ASSEGNATA,B7,1:1,
mapping_610123,610123,Altri Oneri Auto-indeducibili,713.00055,ALTRI ONERI AUTO-INDEDUCIBILI,B7,1:1,
mapping_610124,610124,Altri Oneri Auto Agenti(80%),713.00059,ALTRI ONERI AUTO AGENTI(80%),B7,1:1,
mapping_610125,610125,Assic. non Obb. Auto non Assegnata,713.00102,ASSIC.NON OBB.AUTO NON ASSEGNATA,B7,1:1,
mapping_610126,610126,Assic. non Obb. Auto Assegnata,713.00103,ASSIC.NON OBB.AUTO ASSEGNATA,B7,1:1,
mapping_610127,610127,Assic. non Obb. Auto-indeducibili,713.00105,ASSIC.NON OBB.AUTO-INDEDUCIBILI,B7,1:1,
mapping_610128,610128,Assic. non Obb. Autoveicoli,713.00107,ASSIC.NON OBB.AUTOVEICOLI,B7,1:1,
mapping_610129,610129,Assic. non Obb. Auto Agenti(80%),713.00109,ASSIC.NON OBB.AUTO AGENTI(80%),B7,1:1,
mapping_610130,610130,Manutenzione-riparazione Beni Propri,714.00001,MANUTENZIONE-RIPARAZIONE BENI PROPRI,B7,1:1,
mapping_610131,610131,Manutenzione Autoveicoli,714.00011,MANUTENZIONE AUTOVEICOLI,B7,1:1,
mapping_610132,610132,Manutenzioni non Assegnate,714.00014,MANUTENZIONI NON ASSEGNATE,B7,1:1,
mapping_610133,610133,Manutenz. Auto-indeducibili,714.00015,MANUTENZ.AUTO-INDEDUCIBILI,B7,1:1,
mapping_610134,610134,Manutenzioni Assegnate,714.00016,MANUTENZIONI ASSEGNATE,B7,1:1,
mapping_610135,610135,Manutenz. Auto Agenti(80%),714.00021,MANUTENZ.AUTO AGENTI(80%),B7,1:1,
mapping_610136,610136,Manutenzione Auto Autotrasportatore,714.00031,MANUTENZIONE AUTO AUTOTRASPORTATORE,B7,1:1,
mapping_610137,610137,Manutenz. Impian. Telef(80%),714.00041,MANUTENZ.IMPIAN.TELEF(80%),B7,1:1,
mapping_610138,610138,Altre Manutenzioni-indeducibili,714.00051,ALTRE MANUTENZIONI-INDEDUCIBILI,B7,1:1,
mapping_610139,610139,Addestramento-formazione,715.00001,ADDESTRAMENTO-FORMAZIONE,B7,1:1,
mapping_610140,610140,Trasporti su Vendite,715.00002,TRASPORTI SU VENDITE,B7,1:1,
mapping_610141,610141,Trasporti su Acquisti,715.00003,TRASPORTI SU ACQUISTI,B7,1:1,
mapping_610142,610142,Dazi su Acquisti,715.00005,DAZI SU ACQUISTI,B7,1:1,
mapping_610143,610143,Oneri Dipend. Distaccati,715.00009,ONERI DIPEND.DISTACCATI,B7,1:1,
mapping_610144,610144,Ricerca di Base,715.00010,RICERCA DI BASE,B7,1:1,
mapping_610145,610145,Studi e Ricerche Rateizzabili,715.00011,STUDI E RICERCHE RATEIZZABILI,B7,1:1,
mapping_610146,610146,Ricerca Applicata,715.00012,RICERCA APPLICATA,B7,1:1,
mapping_610147,610147,Manutenz. Ripar. Beni di Terzi,715.00021,MANUTENZ.RIPAR.BENI DI TERZI,B7,1:1,
mapping_610148,610148,Manutenz. Periodiche-contratto,715.00023,MANUTENZ.PERIODICHE-CONTRATTO,B7,1:1,
mapping_610149,610149,Manutenz. Auto Assegn. di Terzi,715.00024,MANUTENZ.AUTO ASSEGN.DI TERZI,B7,1:1,
mapping_610150,610150,Manutenz. Auto non Assegn. di Terzi,715.00025,MANUTENZ.AUTO NON ASSEGN.DI TERZI,B7,1:1,
mapping_610151,610151,Manutenz. Auto Agenti di Terzi,715.00026,MANUTENZ.AUTO AGENTI DI TERZI,B7,1:1,
mapping_610152,610152,Rappresentanza,715.00027,RAPPRESENTANZA,B7,1:1,
mapping_610153,610153,Rappresentanza-indeducibili,715.00028,RAPPRESENTANZA-INDEDUCIBILI,B7,1:1,
mapping_610154,610154,Rappresentanza(75%),715.00029,RAPPRESENTANZA(75%),B7,1:1,
mapping_610155,610155,Vitto-alloggio-art.95-comma3,715.00032,VITTO-ALLOGGIO-Art.95-Comma3,B7,1:1,
mapping_610156,610156,Vitto-alloggio-inded. Art.95-comma3,715.00033,VITTO-ALLOGGIO-INDED.Art.95-Comma3,B7,1:1,
mapping_610157,610157,Viaggi-bigl. Aerei-ferr-taxi,715.00034,VIAGGI-BIGL.AEREI-FERR-TAXI,B7,1:1,
mapping_610158,610158,Rimborsi Pie Lista,715.00035,RIMBORSI PIE LISTA,B7,1:1,
mapping_610159,610159,Altre Spese Documentate,715.00036,ALTRE SPESE DOCUMENTATE,B7,1:1,
mapping_610160,610160,Rimb. Pie Lista-indeducibili,715.00037,RIMB.PIE LISTA-INDEDUCIBILI,B7,1:1,
mapping_610161,610161,Rimb. Chilom-art.95-comma3,715.00038,RIMB.CHILOM-Art.95-Comma3,B7,1:1,
mapping_610162,610162,Rimb. Chilom-inded. Art.95-comma3,715.00039,RIMB.CHILOM-INDED.Art.95-Comma3,B7,1:1,
mapping_610163,610163,Pubblicita'-no Rateizzazione,715.00040,PUBBLICITA'-NO RATEIZZAZIONE,B7,1:1,
mapping_610164,610164,Pubblicita' da Rateizzare,715.00041,PUBBLICITA' DA RATEIZZARE,B7,1:1,
mapping_610165,610165,Mostre e Fiere,715.00042,MOSTRE E FIERE,B7,1:1,
mapping_610166,610166,Vitto-alloggio(75%),715.00045,VITTO-ALLOGGIO(75%),B7,1:1,
mapping_610167,610167,Vitto-alloggio per Autonomi,715.00046,VITTO-ALLOGGIO PER AUTONOMI,B7,1:1,
mapping_610168,610168,Provvigioni Intermediari,715.00051,PROVVIGIONI INTERMEDIARI,B7,1:1,
mapping_610169,610169,Contributi Enasarco,715.00052,CONTRIBUTI ENASARCO,B7,1:1,
mapping_610170,610170,Accan. FIRR Agenti,715.00053,ACCAN.FIRR AGENTI,B7,1:1,
mapping_610171,610171,Rimb. Pie Lista Soci Snc-sas(75%),715.00061,RIMB.PIE LISTA SOCI SNC-SAS(75%),B7,1:1,
mapping_610172,610172,Rimb. Chilom. Soci Snc-sas,715.00062,RIMB.CHILOM.SOCI SNC-SAS,B7,1:1,
mapping_610173,610173,Altri Servizi Presidi Medici,715.00063,ALTRI SERVIZI PRESIDI MEDICI,B7,1:1,
mapping_610174,610174,Altri Servizi-indeducibili,715.00199,ALTRI SERVIZI-INDEDUCIBILI,B7,1:1,
mapping_610175,610175,Errori non Rilevanti Costi Servizi,715.00200,ERRORI NON RILEVANTI COSTI SERVIZI,B7,1:1,
mapping_610176,610176,Costi per Servizi Soci Coop.,715.00201,COSTI PER SERVIZI SOCI COOP.,B7,1:1,
mapping_610177,610177,Manutenzioni Contrib. Minimi,715.00500,MANUTENZIONI CONTRIB.MINIMI,B7,1:1,
mapping_610178,610178,Manutenzioni Contrib. Minimi (50%),715.00501,MANUTENZIONI CONTRIB.MINIMI (50%),B7,1:1,
mapping_610179,610179,Altri Servizi (sez. E),749.00020,ALTRI SERVIZI (SEZ.E),B7,1:1,
mapping_610180,610180,Altri Servizi-indeducibili (sez. E),749.00028,ALTRI SERVIZI-INDEDUCIBILI (SEZ.E),B7,1:1,
mapping_610181,610181,Collab. Co. Co. Affer. Attivita (sez. E),749.00040,COLLAB.CO.CO.AFFER. ATTIVITA (SEZ.E),B7,1:1,
mapping_620001,620001,Canoni Leasing Autoveicoli (sez. B),703.00070,CANONI LEASING AUTOVEICOLI (SEZ.B),B8,1:1,
mapping_620002,620002,Canoni Leasing Auto-indeduc. (sez. B),703.00071,CANONI LEASING AUTO-INDEDUC. (SEZ.B),B8,1:1,
mapping_620003,620003,Noleggio Veicoli (sez. B),703.00075,NOLEGGIO VEICOLI (SEZ.B),B8,1:1,
mapping_620004,620004,Noleggio Veicoli Indeduc. (sez. B),703.00076,NOLEGGIO VEICOLI INDEDUC. (SEZ.B),B8,1:1,
mapping_620005,620005,Inter. Leasing Veicoli (sez. B),703.00078,INTER. LEASING VEICOLI (SEZ.B),B8,1:1,
mapping_620006,620006,Inter. Leasing Veic. Indeduc. (sez. B),703.00079,INTER. LEASING VEIC.INDEDUC. (SEZ.B),B8,1:1,
mapping_620007,620007,Fitti Passivi (sez. B),703.00085,FITTI PASSIVI (SEZ.B),B8,1:1,
mapping_620008,620008,Noleggio Impianti-macchi. (sez. B),703.00086,NOLEGGIO IMPIANTI-MACCHI. (SEZ.B),B8,1:1,
mapping_620009,620009,Altri Noleggi (sez. B),703.00087,ALTRI NOLEGGI (SEZ.B),B8,1:1,
mapping_620010,620010,Cano. Loc. Fin. Immob. Strum. (sez. B),703.00088,CANO.LOC.FIN.IMMOB.STRUM. (SEZ.B),B8,1:1,
mapping_620011,620011,Cano. Loc. Nonfin. Immob. Strum. (sez. B),703.00089,CANO.LOC.NONFIN.IMMOB.STRUM. (SEZ.B),B8,1:1,
mapping_620012,620012,Cano. Loc. Fin. Beni Mob. Strum. (sez. B),703.00090,CANO.LOC.FIN.BENI MOB.STRUM. (SEZ.B),B8,1:1,
mapping_620013,620013,Cano. Loc. Nonfin. Beni Mob. Str.(sez. B),703.00091,CANO.LOC.NONFIN.BENI MOB.STR.(SEZ.B),B8,1:1,
mapping_620014,620014,Cano. Loc. Finanz-indeducibili (sez. B),703.00092,CANO.LOC.FINANZ-INDEDUCIBILI (SEZ.B),B8,1:1,
mapping_620015,620015,Noleggi Telefonia (80%) (sez. B),703.00093,NOLEGGI TELEFONIA (80%) (SEZ.B),B8,1:1,
mapping_620016,620016,Altri Costi Godim. Beni Terzi (sez. B),703.00094,ALTRI COSTI GODIM.BENI TERZI (SEZ.B),B8,1:1,
mapping_620017,620017,Cano. Loc. Fin. Telef. (80%) (sez. B),703.00095,CANO.LOC.FIN.TELEF. (80%) (SEZ.B),B8,1:1,
mapping_620018,620018,Inter. Canoni Leasing Dilett. (sez. B),703.00096,INTER.CANONI LEASING DILETT. (SEZ.B),B8,1:1,
mapping_620019,620019,Inter. Canoni Leasing (sez. B),703.00097,INTER.CANONI LEASING (SEZ.B),B8,1:1,
mapping_620020,620020,Inter. Canoni Leas.-indeduc. (sez. B),703.00098,INTER.CANONI LEAS.-INDEDUC. (SEZ.B),B8,1:1,
mapping_620021,620021,Inter. Can. Leas. Telef. (80%) (sez. B),703.00099,INTER.CAN.LEAS. TELEF. (80%) (SEZ.B),B8,1:1,
mapping_620022,620022,Costi Godim. Terzi Istituz. Sez. A),705.00040,COSTI GODIM.TERZI ISTITUZ. SEZ. A),B8,1:1,
mapping_620023,620023,Canoni Leasing Autoveicoli,713.00071,CANONI LEASING AUTOVEICOLI,B8,1:1,
mapping_620024,620024,Canoni Leasing Auto non Assegnata,713.00072,CANONI LEASING AUTO NON ASSEGNATA,B8,1:1,
mapping_620025,620025,Canoni Leasing Auto Assegnata,713.00073,CANONI LEASING AUTO ASSEGNATA,B8,1:1,
mapping_620026,620026,Canoni Leasing Auto-indeducibili,713.00075,CANONI LEASING AUTO-INDEDUCIBILI,B8,1:1,
mapping_620027,620027,Canoni Leasing Auto Agenti(80%),713.00079,CANONI LEASING AUTO AGENTI(80%),B8,1:1,
mapping_620028,620028,Noleggio Veicoli,713.00091,NOLEGGIO VEICOLI,B8,1:1,
mapping_620029,620029,Noleggio Auto non Assegnata,713.00092,NOLEGGIO AUTO NON ASSEGNATA,B8,1:1,
mapping_620030,620030,Noleggio Auto Assegnata,713.00093,NOLEGGIO AUTO ASSEGNATA,B8,1:1,
mapping_620031,620031,Noleggi Veicoli-indeducibili,713.00095,NOLEGGI VEICOLI-INDEDUCIBILI,B8,1:1,
mapping_620032,620032,Noleggio Veicoli Agenti(80%),713.00099,NOLEGGIO VEICOLI AGENTI(80%),B8,1:1,
mapping_620033,620033,Inter. Leasing Veicoli,713.00121,INTER. LEASING VEICOLI,B8,1:1,
mapping_620034,620034,Inter. Leasing Auto non Assegnata,713.00122,INTER.LEASING AUTO NON ASSEGNATA,B8,1:1,
mapping_620035,620035,Inter. Leasing Auto Assegnata,713.00123,INTER.LEASING AUTO ASSEGNATA,B8,1:1,
mapping_620036,620036,Inter. Leasing Auto-indeducibili,713.00125,INTER.LEASING AUTO-INDEDUCIBILI,B8,1:1,
mapping_620037,620037,Inter. Leasing Auto Agenti(80%),713.00129,INTER.LEASING AUTO AGENTI(80%),B8,1:1,
mapping_620038,620038,Fitti Passivi,717.00001,FITTI PASSIVI,B8,1:1,
mapping_620039,620039,Noleggio Impianti-macchinari,717.00002,NOLEGGIO IMPIANTI-MACCHINARI,B8,1:1,
mapping_620040,620040,Altri Noleggi,717.00003,ALTRI NOLEGGI,B8,1:1,
mapping_620041,620041,Fitti Passivi(50%),717.00005,FITTI PASSIVI(50%),B8,1:1,
mapping_620042,620042,Condominiali Affitto,717.00006,CONDOMINIALI AFFITTO,B8,1:1,
mapping_620043,620043,Condominiali Affitto (50%),717.00007,CONDOMINIALI AFFITTO (50%),B8,1:1,
mapping_620044,620044,"Cano. Loc. Nonfin. Immob. Strum. Inded,",717.00008,"CANO.LOC.NONFIN.IMMOB.STRUM. INDED,",B8,1:1,
mapping_620045,620045,Cano. Loc. Fin. Immob. Strum.,717.00009,CANO.LOC.FIN.IMMOB.STRUM.,B8,1:1,
mapping_620046,620046,Cano. Loc. Nonfin. Immob. Strum.,717.00010,CANO.LOC.NONFIN.IMMOB.STRUM.,B8,1:1,
mapping_620047,620047,Cano. Loc. Finanz. Beni Mobili Strum.,717.00011,CANO.LOC.FINANZ.BENI MOBILI STRUM.,B8,1:1,
mapping_620048,620048,Cano. Loc. Nonfin. Beni Mobili Strum.,717.00012,CANO.LOC.NONFIN.BENI MOBILI STRUM.,B8,1:1,
mapping_620049,620049,Cano. Loc. Fin. Immob. Str(80%),717.00013,CANO.LOC.FIN.IMMOB.STR(80%),B8,1:1,
mapping_620050,620050,Cano. Loc. Nonfin. Immob. Str(80%),717.00014,CANO.LOC.NONFIN.IMMOB.STR(80%),B8,1:1,
mapping_620051,620051,Cano. Loc. Finanz-indeducibili,717.00015,CANO.LOC.FINANZ-INDEDUCIBILI,B8,1:1,
mapping_620052,620052,Cano. Loc. Fin. Immob. Str(70%),717.00016,CANO.LOC.FIN.IMMOB.STR(70%),B8,1:1,
mapping_620053,620053,Cano. Loc. Nonfin. Immob. Str(70%),717.00017,CANO.LOC.NONFIN.IMMOB.STR(70%),B8,1:1,
mapping_620054,620054,Noleggi Telefonia (80%),717.00018,NOLEGGI TELEFONIA (80%),B8,1:1,
mapping_620055,620055,Noleggi Beni Mobili (50%),717.00019,NOLEGGI BENI MOBILI (50%),B8,1:1,
mapping_620056,620056,"Royalties,diritti D'autore Brev. Eser",717.00021,"ROYALTIES,DIRITTI D'AUTORE BREV.ESER",B8,1:1,
mapping_620057,620057,Licenza D'uso Software di Esercizio,717.00022,LICENZA D'USO SOFTWARE DI ESERCIZIO,B8,1:1,
mapping_620058,620058,Altri Costi Godimento Beni Terzi,717.00023,ALTRI COSTI GODIMENTO BENI TERZI,B8,1:1,
mapping_620059,620059,Utili Assoc. Partec. Privato,717.00024,UTILI ASSOC.PARTEC.PRIVATO,B8,1:1,
mapping_620060,620060,Cano. Loc. Finanz. Telefonia (80%),717.00025,CANO.LOC.FINANZ. TELEFONIA (80%),B8,1:1,
mapping_620061,620061,Cano. Loc. Finanz. Beni Mobili (50%),717.00026,CANO.LOC.FINANZ. BENI MOBILI (50%),B8,1:1,
mapping_620062,620062,Inter. Canoni Leasing Dilettanti,717.00030,INTER.CANONI LEASING DILETTANTI,B8,1:1,
mapping_620063,620063,Inter. Canoni Leasing,717.00031,INTER.CANONI LEASING,B8,1:1,
mapping_620064,620064,Inter. Canoni Leasing-indeducibili,717.00032,INTER.CANONI LEASING-INDEDUCIBILI,B8,1:1,
mapping_620065,620065,Inter. Canoni Leas. Garant. da Ipoteca,717.00033,INTER.CANONI LEAS.GARANT.DA IPOTECA,B8,1:1,
mapping_620066,620066,Costi Godimento Beni Forfettari,717.00034,COSTI GODIMENTO BENI FORFETTARI,B8,1:1,
mapping_620067,620067,Costi Godimento Beni Forfettari(50%),717.00035,COSTI GODIMENTO BENI FORFETTARI(50%),B8,1:1,
mapping_620068,620068,Errori non Rilevanti Costi di Terzi,717.00036,ERRORI NON RILEVANTI COSTI DI TERZI,B8,1:1,
mapping_620069,620069,Inter. Canoni Leas. Telefonia (80%),717.00037,INTER.CANONI LEAS. TELEFONIA (80%),B8,1:1,
mapping_620070,620070,Inter. Canoni Leas. Beni Mobili (50%),717.00038,INTER.CANONI LEAS. BENI MOBILI (50%),B8,1:1,
mapping_620071,620071,Altri Costi Godim. Beni Terzi (sez. E),749.00050,ALTRI COSTI GODIM.BENI TERZI (SEZ.E),B8,1:1,
mapping_620072,620072,Altri Costi Godim. Inded. (sez. E),749.00052,ALTRI COSTI GODIM. INDED. (SEZ.E),B8,1:1,
mapping_630001,630001,Salari e Stipendi (sez. B),703.00120,SALARI E STIPENDI (SEZ.B),B9A,1:1,
mapping_630002,630002,Salari e Stipendi Dilett. (sez. B),703.00121,SALARI E STIPENDI DILETT. (SEZ.B),B9A,1:1,
mapping_630003,630003,Salari e Stipendi Istituz. Sez. A),705.00050,SALARI E STIPENDI ISTITUZ. SEZ. A),B9A,1:1,
mapping_630004,630004,Salari-stipendi,720.00001,SALARI-STIPENDI,B9A,1:1,
mapping_630005,630005,Salari-stipendi Formazione Lavoro,720.00002,SALARI-STIPENDI FORMAZIONE LAVORO,B9A,1:1,
mapping_630006,630006,Salari-stipendi Apprendisti-disabili,720.00003,SALARI-STIPENDI APPRENDISTI-DISABILI,B9A,1:1,
mapping_630007,630007,Salari-stipendi Ricerca-sviluppo,720.00004,SALARI-STIPENDI RICERCA-SVILUPPO,B9A,1:1,
mapping_630008,630008,Salari e Stipendi Dilettanti,720.00005,SALARI E STIPENDI DILETTANTI,B9A,1:1,
mapping_630009,630009,Salari e Stipendi Tempo Determ.,720.00006,SALARI E STIPENDI TEMPO DETERM.,B9A,1:1,
mapping_630010,630010,Sussidi Occasionali,720.00010,SUSSIDI OCCASIONALI,B9A,1:1,
mapping_630011,630011,Indenn. Trasferta Autotrasportatori,720.00011,INDENN.TRASFERTA AUTOTRASPORTATORI,B9A,1:1,
mapping_630012,630012,Salari-stipendi Soci Coop.,720.00012,SALARI-STIPENDI SOCI COOP.,B9A,1:1,
mapping_630013,630013,Oneri Sociali INPS (sez. B),703.00122,ONERI SOCIALI INPS (SEZ.B),B9B,1:1,
mapping_630014,630014,Oneri Soc. INPS (sez. B),703.00123,ONERI SOC.INPS (SEZ.B),B9B,1:1,
mapping_630015,630015,Oneri Sociali INAIL (sez. B),703.00124,ONERI SOCIALI INAIL (SEZ.B),B9B,1:1,
mapping_630016,630016,Altri Oneri Sociali (sez. B),703.00125,ALTRI ONERI SOCIALI (SEZ.B),B9B,1:1,
mapping_630017,630017,Oneri Sociali INPS Istituz. Sez. A),705.00051,ONERI SOCIALI INPS ISTITUZ. SEZ. A),B9B,1:1,
mapping_630018,630018,Oneri Sociali INAIL Istituz. Sez. A),705.00052,ONERI SOCIALI INAIL ISTITUZ. SEZ. A),B9B,1:1,
mapping_630019,630019,Oneri Sociali INPS,720.00021,ONERI SOCIALI INPS,B9B,1:1,
mapping_630020,630020,Oneri Sociali INPS Formazione Lavoro,720.00022,ONERI SOCIALI INPS FORMAZIONE LAVORO,B9B,1:1,
mapping_630021,630021,Oneri Sociali INPS Apprend-disabili,720.00023,ONERI SOCIALI INPS APPREND-DISABILI,B9B,1:1,
mapping_630022,630022,Oneri Sociali INPS Ricerca-sviluppo,720.00024,ONERI SOCIALI INPS RICERCA-SVILUPPO,B9B,1:1,
mapping_630023,630023,Oneri Sociali INPS Tempo Indeterm.,720.00025,ONERI SOCIALI INPS TEMPO INDETERM.,B9B,1:1,
mapping_630024,630024,Oneri Soc. INPS Soci Coop.,720.00026,ONERI SOC.INPS SOCI COOP.,B9B,1:1,
mapping_630025,630025,Oneri Sociali INAIL,720.00031,ONERI SOCIALI INAIL,B9B,1:1,
mapping_630026,630026,Oneri Sociali INAIL Formazione Lavor,720.00032,ONERI SOCIALI INAIL FORMAZIONE LAVOR,B9B,1:1,
mapping_630027,630027,Oneri Sociali INAIL Apprend-disabili,720.00033,ONERI SOCIALI INAIL APPREND-DISABILI,B9B,1:1,
mapping_630028,630028,Oneri Sociali INAIL Ricerca-sviluppo,720.00034,ONERI SOCIALI INAIL RICERCA-SVILUPPO,B9B,1:1,
mapping_630029,630029,Oneri Sociali INAIL Soci Coop.,720.00035,ONERI SOCIALI INAIL SOCI COOP.,B9B,1:1,
mapping_630030,630030,Oneri Sociali INAIL Tempo Determ.,720.00036,ONERI SOCIALI INAIL TEMPO DETERM.,B9B,1:1,
mapping_630031,630031,Altri Oneri Sociali,720.00041,ALTRI ONERI SOCIALI,B9B,1:1,
mapping_630032,630032,Altri Oneri Sociali Formazione Lavor,720.00042,ALTRI ONERI SOCIALI FORMAZIONE LAVOR,B9B,1:1,
mapping_630033,630033,Altri Oneri Sociali Apprend-disabili,720.00043,ALTRI ONERI SOCIALI APPREND-DISABILI,B9B,1:1,
mapping_630034,630034,Altri Oneri Sociali Ricerca-sviluppo,720.00044,ALTRI ONERI SOCIALI RICERCA-SVILUPPO,B9B,1:1,
mapping_630035,630035,Accantonamento TFR (sez. B),703.00126,ACCANTONAMENTO TFR (SEZ.B),B9C,1:1,
mapping_630036,630036,TFR Istituz. Sez. A),705.00054,TFR ISTITUZ. SEZ. A),B9C,1:1,
mapping_630037,630037,Accantonamento TFR,720.00101,ACCANTONAMENTO TFR,B9C,1:1,
mapping_630038,630038,Accan. TFR Formazione Lavoro,720.00102,ACCAN.TFR FORMAZIONE LAVORO,B9C,1:1,
mapping_630039,630039,Accan. TFR Apprendisti-disabili,720.00103,ACCAN.TFR APPRENDISTI-DISABILI,B9C,1:1,
mapping_630040,630040,Accan. TFR Ricerca-sviluppo,720.00104,ACCAN.TFR RICERCA-SVILUPPO,B9C,1:1,
mapping_630041,630041,TFR Licenziamenti Corso Anno,720.00105,TFR LICENZIAMENTI CORSO ANNO,B9C,1:1,
mapping_630042,630042,Accantonamento TFR Soci Coop.,720.00106,ACCANTONAMENTO TFR SOCI COOP.,B9C,1:1,
mapping_630043,630043,Accantonamento TFR Tempo Determ.,720.00108,ACCANTONAMENTO TFR TEMPO DETERM.,B9C,1:1,
mapping_630044,630044,Accan. F.do Previd. Integr. (sez. B),703.00127,ACCAN. F.DO PREVID.INTEGR. (SEZ.B),B9D,1:1,
mapping_630045,630045,Accan. F.do Previd. Integrativa,720.00151,ACCAN. F.DO PREVID.INTEGRATIVA,B9D,1:1,
mapping_630046,630046,Accan. F.do Previd. Integr. Soci Coop.,720.00152,ACCAN. F.DO PREVID.INTEGR.SOCI COOP.,B9D,1:1,
mapping_630047,630047,Altri Costi Personale (sez. B),703.00128,ALTRI COSTI PERSONALE (SEZ.B),B9E,1:1,
mapping_630048,630048,Altri Costi Person. Istituz. Sez. A),705.00055,ALTRI COSTI PERSON. ISTITUZ. SEZ. A),B9E,1:1,
mapping_630049,630049,Altri Costi Personale,720.00201,ALTRI COSTI PERSONALE,B9E,1:1,
mapping_630050,630050,Altri Costi Pers. Formaz. Lavoro,720.00202,ALTRI COSTI PERS.FORMAZ.LAVORO,B9E,1:1,
mapping_630051,630051,Altri Costi Pers. Apprend-disabili,720.00203,ALTRI COSTI PERS.APPREND-DISABILI,B9E,1:1,
mapping_630052,630052,Altri Costi Pers. Ricerca-sviluppo,720.00204,ALTRI COSTI PERS.RICERCA-SVILUPPO,B9E,1:1,
mapping_630053,630053,Altri Costi Pers. Coop. Sociali,720.00205,ALTRI COSTI PERS.COOP.SOCIALI,B9E,1:1,
mapping_630054,630054,Errori non Rilevanti Costi Personale,720.00206,ERRORI NON RILEVANTI COSTI PERSONALE,B9E,1:1,
mapping_630055,630055,Altri Costi Personale Soci Coop.,720.00207,ALTRI COSTI PERSONALE SOCI COOP.,B9E,1:1,
mapping_630056,630056,Altri Costi Personale Presidi Med.,720.00208,ALTRI COSTI PERSONALE PRESIDI MED.,B9E,1:1,
mapping_630057,630057,Costi del Personale (sez. E),749.00060,COSTI DEL PERSONALE (SEZ. E),B9E,1:1,
mapping_640001,640001,Amm.to Immobilizz. Immater. (sez. B),703.00140,AMM.TO IMMOBILIZZ.IMMATER. (SEZ. B),B10A,1:1,
mapping_640002,640002,Amm.to Imm. Immater.-indeduc. (sez. B),703.00141,AMM.TO IMM.IMMATER.-INDEDUC. (SEZ.B),B10A,1:1,
mapping_640003,640003,Ammortamenti Istituz. Sez. A),705.00060,AMMORTAMENTI ISTITUZ. SEZ. A),B10A,1:1,
mapping_640004,640004,Amm.to Costi di Impianto,725.00001,AMM.TO COSTI DI IMPIANTO,B10A,1:1,
mapping_640005,640005,Amm.to Costi di Ampliamento,725.00002,AMM.TO COSTI DI AMPLIAMENTO,B10A,1:1,
mapping_640006,640006,Amm.to Spese di Costituzione,725.00003,AMM.TO SPESE DI COSTITUZIONE,B10A,1:1,
mapping_640007,640007,Amm.to Spese Modifiche Statutarie,725.00004,AMM.TO SPESE MODIFICHE STATUTARIE,B10A,1:1,
mapping_640008,640008,Amm.to Costi di Sviluppo,725.00011,AMM.TO COSTI DI SVILUPPO,B10A,1:1,
mapping_640009,640009,Amm.to Diritti di Brevetto,725.00021,AMM.TO DIRITTI DI BREVETTO,B10A,1:1,
mapping_640010,640010,Amm.to Diritti di Util. Opere Ingegn.,725.00022,AMM.TO DIRITTI DI UTIL.OPERE INGEGN.,B10A,1:1,
mapping_640011,640011,"Amm.to Conces,licenze Diritti Simili",725.00031,"AMM.TO CONCES,LICENZE DIRITTI SIMILI",B10A,1:1,
mapping_640012,640012,Amm.to Marchi Fabbrica e Commercio,725.00032,AMM.TO MARCHI FABBRICA E COMMERCIO,B10A,1:1,
mapping_640013,640013,Amm.to Licenze Software,725.00033,AMM.TO LICENZE SOFTWARE,B10A,1:1,
mapping_640014,640014,Amm.to Know How,725.00034,AMM.TO KNOW HOW,B10A,1:1,
mapping_640015,640015,Amm.to Avviamento,725.00041,AMM.TO AVVIAMENTO,B10A,1:1,
mapping_640016,640016,Amm.to Altre Immobilizz. Immater.,725.00061,AMM.TO ALTRE IMMOBILIZZ.IMMATER.,B10A,1:1,
mapping_640017,640017,Amm.to Costi Migliorie Beni di Terzi,725.00062,AMM.TO COSTI MIGLIORIE BENI DI TERZI,B10A,1:1,
mapping_640018,640018,Amm.to Imm. Immateriali-indeducibili,725.00100,AMM.TO IMM.IMMATERIALI-INDEDUCIBILI,B10A,1:1,
mapping_640019,640019,Amm.to Immobilizz. Immater. (sez. E),749.00070,AMM.TO IMMOBILIZZ.IMMATER. (SEZ. E),B10A,1:1,
mapping_640020,640020,Amm.to Immobilizz. Mater. (sez. B),703.00145,AMM.TO IMMOBILIZZ.MATER. (SEZ.B),B10B,1:1,
mapping_640021,640021,Amm.to Imm. Mater.-indeduc. (sez. B),703.00146,AMM.TO IMM.MATER.-INDEDUC. (SEZ.B),B10B,1:1,
mapping_640022,640022,Amm.to Ordinario Terreni,727.00001,AMM.TO ORDINARIO TERRENI,B10B,1:1,
mapping_640023,640023,Amm.to Ordinario Fabbricati Civili,727.00002,AMM.TO ORDINARIO FABBRICATI CIVILI,B10B,1:1,
mapping_640024,640024,Amm.to Ordinario Fabb. Commerciali,727.00003,AMM.TO ORDINARIO FABB.COMMERCIALI,B10B,1:1,
mapping_640025,640025,Amm.to Ordinario Costruzioni Leggere,727.00004,AMM.TO ORDINARIO COSTRUZIONI LEGGERE,B10B,1:1,
mapping_640026,640026,Amm.to Ordinario Fabbricati Indust.,727.00005,AMM.TO ORDINARIO FABBRICATI INDUST.,B10B,1:1,
mapping_640027,640027,Amm.to Ord. Fabb. Civili Strumentali,727.00006,AMM.TO ORD.FABB.CIVILI STRUMENTALI,B10B,1:1,
mapping_640028,640028,Amm.to Ordinario Imm. Strum. Cat. A/10,727.00008,AMM.TO ORDINARIO IMM.STRUM.CAT.A/10,B10B,1:1,
mapping_640029,640029,Amm.to Ordinario Impianti Generici,727.00011,AMM.TO ORDINARIO IMPIANTI GENERICI,B10B,1:1,
mapping_640030,640030,Amm.to Ordinario Impianti Specifici,727.00012,AMM.TO ORDINARIO IMPIANTI SPECIFICI,B10B,1:1,
mapping_640031,640031,Amm.to Ordinario Macchinari,727.00013,AMM.TO ORDINARIO MACCHINARI,B10B,1:1,
mapping_640032,640032,Amm.to Impianti D'allarme-antifurto,727.00014,AMM.TO IMPIANTI D'ALLARME-ANTIFURTO,B10B,1:1,
mapping_640033,640033,Amm.to Impianti Telefonici,727.00015,AMM.TO IMPIANTI TELEFONICI,B10B,1:1,
mapping_640034,640034,Amm.to Ordinario Attrezz. Ind.-comm.,727.00021,AMM.TO ORDINARIO ATTREZZ. IND.-COMM.,B10B,1:1,
mapping_640035,640035,Amm.to Ordinario Attrezzatura Varia,727.00022,AMM.TO ORDINARIO ATTREZZATURA VARIA,B10B,1:1,
mapping_640036,640036,Amm.to Ordinario Mobili,727.00031,AMM.TO ORDINARIO MOBILI,B10B,1:1,
mapping_640037,640037,Amm.to Ordinario Macch. Elett. Ufficio,727.00032,AMM.TO ORDINARIO MACCH.ELETT.UFFICIO,B10B,1:1,
mapping_640038,640038,Amm.to Ordinario Autovetture,727.00033,AMM.TO ORDINARIO AUTOVETTURE,B10B,1:1,
mapping_640039,640039,Amm.to Ordinario Autocarri,727.00034,AMM.TO ORDINARIO AUTOCARRI,B10B,1:1,
mapping_640040,640040,Amm.to Ordinario Arredamento,727.00035,AMM.TO ORDINARIO ARREDAMENTO,B10B,1:1,
mapping_640041,640041,Amm.to Ordinario Altri Beni Material,727.00036,AMM.TO ORDINARIO ALTRI BENI MATERIAL,B10B,1:1,
mapping_640042,640042,"Amm.to Ordinario Beni Inf. 516,46",727.00037,"AMM.TO ORDINARIO BENI INF. 516,46",B10B,1:1,
mapping_640043,640043,Amm.to Ordinario Moto — Ciclomotori,727.00038,AMM.TO ORDINARIO MOTO - CICLOMOTORI,B10B,1:1,
mapping_640044,640044,Amm.to Ord. Autoveicoli Autotrasport.,727.00039,AMM.TO ORD.AUTOVEICOLI AUTOTRASPORT.,B10B,1:1,
mapping_640045,640045,Amm.to Ant. Terreni,727.00101,AMM.TO ANT. TERRENI,B10B,1:1,
mapping_640046,640046,Amm.to Ant. Fabbricati Civili,727.00102,AMM.TO ANT. FABBRICATI CIVILI,B10B,1:1,
mapping_640047,640047,Amm.to Ant. Fabbricati Commerciali,727.00103,AMM.TO ANT. FABBRICATI COMMERCIALI,B10B,1:1,
mapping_640048,640048,Amm.to Ant. Costruzioni Leggere,727.00104,AMM.TO ANT. COSTRUZIONI LEGGERE,B10B,1:1,
mapping_640049,640049,Amm.to Ant. Fabbricati Industriali,727.00105,AMM.TO ANT. FABBRICATI INDUSTRIALI,B10B,1:1,
mapping_640050,640050,Amm.to Ant. Fabb. Civili Strumentali,727.00106,AMM.TO ANT. FABB.CIVILI STRUMENTALI,B10B,1:1,
mapping_640051,640051,Amm.to Ant. Immobili Strum. Cat. A/10,727.00108,AMM.TO ANT. IMMOBILI STRUM.CAT. A/10,B10B,1:1,
mapping_640052,640052,Amm.to Ant. Impianti Generici,727.00111,AMM.TO ANT. IMPIANTI GENERICI,B10B,1:1,
mapping_640053,640053,Amm.to Ant. Impianti Specifici,727.00112,AMM.TO ANT. IMPIANTI SPECIFICI,B10B,1:1,
mapping_640054,640054,Amm.to Ant. Macchinari,727.00113,AMM.TO ANT. MACCHINARI,B10B,1:1,
mapping_640055,640055,Amm. Ant. Impianti Allarme-antifurto,727.00114,AMM.ANT. IMPIANTI ALLARME-ANTIFURTO,B10B,1:1,
mapping_640056,640056,Amm. Ant. Impianti Telefonici,727.00115,AMM. ANT. IMPIANTI TELEFONICI,B10B,1:1,
mapping_640057,640057,Amm.to Ant. Attrezzature Ind-comm,727.00121,AMM.TO ANT. ATTREZZATURE IND-COMM,B10B,1:1,
mapping_640058,640058,Amm.to Ant. Attrezzatura Varia,727.00122,AMM.TO ANT. ATTREZZATURA VARIA,B10B,1:1,
mapping_640059,640059,Amm.to Ant. Mobili,727.00131,AMM.TO ANT. MOBILI,B10B,1:1,
mapping_640060,640060,Amm.to Ant. Macch. Elettr. D'ufficio,727.00132,AMM.TO ANT. MACCH. ELETTR. D'UFFICIO,B10B,1:1,
mapping_640061,640061,Amm.to Ant. Autovetture,727.00133,AMM.TO ANT. AUTOVETTURE,B10B,1:1,
mapping_640062,640062,Amm.to Ant. Autocarri,727.00134,AMM.TO ANT. AUTOCARRI,B10B,1:1,
mapping_640063,640063,Amm.to Ant. Arredamento,727.00135,AMM.TO ANT. ARREDAMENTO,B10B,1:1,
mapping_640064,640064,Amm.to Ant. Altri Beni Materiali,727.00136,AMM.TO ANT. ALTRI BENI MATERIALI,B10B,1:1,
mapping_640065,640065,"Amm.to Ant. Beni Strum. Inf. 516,46",727.00137,"AMM.TO ANT. BENI STRUM. INF. 516,46",B10B,1:1,
mapping_640066,640066,Amm.to Ant. Motoveicoli-ciclomotori,727.00138,AMM.TO ANT. MOTOVEICOLI-CICLOMOTORI,B10B,1:1,
mapping_640067,640067,Amm.to Ant. Autoveicoli Autotrasp.,727.00139,AMM.TO ANT. AUTOVEICOLI AUTOTRASP.,B10B,1:1,
mapping_640068,640068,Ammortamenti-indeducibili,727.00500,AMMORTAMENTI-INDEDUCIBILI,B10B,1:1,
mapping_640069,640069,Amm.to Immobilizz. Mater. (sez. E),749.00075,AMM.TO IMMOBILIZZ. MATER. (SEZ. E),B10B,1:1,
mapping_640070,640070,Amm.to Immob.-indeduc. (sez. E),749.00077,AMM.TO IMMOB.-INDEDUC. (SEZ.E),B10B,1:1,
mapping_645001,645001,Svalut. Immobilizz. Materiali (sez. B),703.00148,SVALUT.IMMOBILIZZ.MATERIALI (SEZ.B),B10C,1:1,
mapping_645002,645002,Svalut. Immobilizz. Immater. (sez. B),703.00150,SVALUT.IMMOBILIZZ.IMMATER. (SEZ. B),B10C,1:1,
mapping_645003,645003,Svalut. Immob. Istituz. Sez. A),705.00062,SVALUT.IMMOB. ISTITUZ. SEZ. A),B10C,1:1,
mapping_645004,645004,Svalut. Beni Ammortizzabili,728.00001,SVALUT.BENI AMMORTIZZABILI,B10C,1:1,
mapping_645005,645005,Svalut. Beni non Ammortizz.,728.00051,SVALUT.BENI NON AMMORTIZZ.,B10C,1:1,
mapping_645006,645006,Svalut. Immobilizz. Immateriali,728.00101,SVALUT.IMMOBILIZZ.IMMATERIALI,B10C,1:1,
mapping_645007,645007,Svalut. Immobilizz. Materiali (sez. E),749.00078,SVALUT.IMMOBILIZZ.MATERIALI (SEZ.E),B10C,1:1,
mapping_645008,645008,Svalut. Immobilizz. Immater. (sez. E),749.00079,SVALUT.IMMOBILIZZ.IMMATER. (SEZ. E),B10C,1:1,
mapping_645009,645009,Accan. Svalut. Crediti Clienti,729.00001,ACCAN.SVALUT.CREDITI CLIENTI,B10D,1:1,
mapping_650001,650001,Rim. Iniz. Materie Prime,701.00001,RIM.INIZ.MATERIE PRIME,B11,1:1,
mapping_650002,650002,Rim. Iniz. Materie Sussidiarie,701.00002,RIM.INIZ.MATERIE SUSSIDIARIE,B11,1:1,
mapping_650003,650003,Rim. Iniz. Materie Consumo,701.00003,RIM.INIZ.MATERIE CONSUMO,B11,1:1,
mapping_650004,650004,Rim. Iniz. Materiali Vari,701.00004,RIM.INIZ.MATERIALI VARI,B11,1:1,
mapping_650005,650005,Rim. Iniz. Materie Prime Semplificate,701.00011,RIM.INIZ.MATERIE PRIME SEMPLIFICATE,B11,1:1,
mapping_650006,650006,Rim. Iniz. Merci,701.00051,RIM.INIZ.MERCI,B11,1:1,
mapping_650007,650007,Rim. Iniz. Merci Semplificate,701.00071,RIM.INIZ. MERCI SEMPLIFICATE,B11,1:1,
mapping_650008,650008,Rim. Iniz. Generi Ricavo Fisso,701.00201,RIM.INIZ.GENERI RICAVO FISSO,B11,1:1,
mapping_650009,650009,Rim. Iniz. Gen. Ric. Fisso Semplificate,701.00211,RIM.INIZ.GEN.RIC. FISSO SEMPLIFICATE,B11,1:1,
mapping_650010,650010,Svalutazione Rimanenze Mat. Prime,701.00220,SVALUTAZIONE RIMANENZE MAT. PRIME,B11,1:1,
mapping_650011,650011,Svalutazione Rim. Sussid. e Consumo,701.00221,SVALUTAZIONE RIM. SUSSID. E CONSUMO,B11,1:1,
mapping_650012,650012,Svalutazione Rimanenze Merci,701.00222,SVALUTAZIONE RIMANENZE MERCI,B11,1:1,
mapping_650013,650013,Rimanenze Iniziali — Generico -,701.00301,RIMANENZE INIZIALI - GENERICO -,B11,1:1,
mapping_650014,650014,Rimanenze Iniziali (sez. B),703.00200,RIMANENZE INIZIALI (SEZ. B),B11,1:1,
mapping_650015,650015,Rimanenze Iniziali Istituz. Sez. A),705.00200,RIMANENZE INIZIALI ISTITUZ. SEZ. A),B11,1:1,
mapping_650016,650016,Rim. Fin. Materie Prime,812.00001,RIM.FIN.MATERIE PRIME,B11,1:1,
mapping_650017,650017,Rim. Fin. Materie Sussidiarie,812.00002,RIM.FIN.MATERIE SUSSIDIARIE,B11,1:1,
mapping_650018,650018,Rim. Fin. Materie di Consumo,812.00003,RIM.FIN.MATERIE DI CONSUMO,B11,1:1,
mapping_650019,650019,Rim. Fin. Materiali Vari,812.00004,RIM.FIN.MATERIALI VARI,B11,1:1,
mapping_650020,650020,Rim. Fin. Merci,812.00011,RIM.FIN.MERCI,B11,1:1,
mapping_650021,650021,Rim. Fin. Mat. Prime Semplificate,812.00051,RIM.FIN.MAT.PRIME SEMPLIFICATE,B11,1:1,
mapping_650022,650022,Rim. Fin. Gen. Ric. Fisso Semplificate,812.00054,RIM.FIN.GEN. RIC.FISSO SEMPLIFICATE,B11,1:1,
mapping_650023,650023,Rim. Fin. Merci Semplificate,812.00060,RIM.FIN.MERCI SEMPLIFICATE,B11,1:1,
mapping_650024,650024,Rim. Fin. Generi Ricavo Fisso,812.00201,RIM.FIN.GENERI RICAVO FISSO,B11,1:1,
mapping_660001,660001,Accan. Rischi e Oneri (sez. B),703.00160,ACCAN. RISCHI E ONERI (SEZ.B),B12,1:1,
mapping_660002,660002,Accan. Rischi e Oneri Inded. (sez. B),703.00161,ACCAN. RISCHI E ONERI INDED. (SEZ.B),B12,1:1,
mapping_660003,660003,Acc. Rischi e Oneri Istituz. Sez. A),705.00065,ACC.RISCHI E ONERI ISTITUZ. SEZ. A),B12,1:1,
mapping_660004,660004,Accan. F.do Rischi Controv. Legali,730.00011,ACCAN. F.DO RISCHI CONTROV.LEGALI,B12,1:1,
mapping_660005,660005,Accan. F.do Rischi Garanzia Prodotti,730.00012,ACCAN. F.DO RISCHI GARANZIA PRODOTTI,B12,1:1,
mapping_660006,660006,Accan. F.do Rischi Garanzie a Terzi,730.00013,ACCAN. F.DO RISCHI GARANZIE A TERZI,B12,1:1,
mapping_660007,660007,Accan. F.do Rischi non Assicurati,730.00014,ACCAN. F.DO RISCHI NON ASSICURATI,B12,1:1,
mapping_660008,660008,Accan. F.do Rischi per Imposte,730.00015,ACCAN. F.DO RISCHI PER IMPOSTE,B12,1:1,
mapping_660009,660009,Accan. Discariche,730.00030,ACCAN. DISCARICHE,B12,1:1,
mapping_660010,660010,Amm.to per Rischi e Oneri (sez. E),749.00080,AMM.TO PER RISCHI E ONERI (SEZ.E),B12,1:1,
mapping_660011,660011,Amm.to Rischi e Oneri Inded. (sez. E),749.00082,AMM.TO RISCHI E ONERI INDED. (SEZ.E),B12,1:1,
mapping_665001,665001,Accan. F.do Indenn. Cess. Rapp. Agenzia,730.00001,ACCAN. F.DO INDENN.CESS.RAPP.AGENZIA,B13,1:1,
mapping_665002,665002,Accan. F.do Concorsi a Premio,730.00021,ACCAN. F.DO CONCORSI A PREMIO,B13,1:1,
mapping_665003,665003,Accan. F.do Recupero Ambientale,730.00022,ACCAN. F.DO RECUPERO AMBIENTALE,B13,1:1,
mapping_665004,665004,Accan. F.do Man. Ciclica Navi-aerei,730.00023,ACCAN. F.DO MAN.CICLICA NAVI-AEREI,B13,1:1,
mapping_665005,665005,Accan. F.do Buoni Sconto,730.00024,ACCAN. F.DO BUONI SCONTO,B13,1:1,
mapping_665006,665006,Accan. Beni Affitto D'azienda,730.00025,ACCAN.BENI AFFITTO D'AZIENDA,B13,1:1,
mapping_665007,665007,Accan. Inded. Beni Affitto D'azienda,730.00026,ACCAN.INDED.BENI AFFITTO D'AZIENDA,B13,1:1,
mapping_665008,665008,Accan. Altri Fondi per Oneri,730.00051,ACCAN. ALTRI FONDI PER ONERI,B13,1:1,
mapping_670001,670001,Imposta di Registro (sez. B),703.00170,IMPOSTA DI REGISTRO (SEZ. B),B14,1:1,
mapping_670002,670002,Altre Imposte Tasse (sez. B),703.00171,ALTRE IMPOSTE TASSE (SEZ. B),B14,1:1,
mapping_670003,670003,Altre Imposte Tasse-inded. (sez. B),703.00172,ALTRE IMPOSTE TASSE-INDED. (SEZ. B),B14,1:1,
mapping_670004,670004,Minusvalenze Ordinarie (sez. B),703.00180,MINUSVALENZE ORDINARIE (SEZ. B),B14,1:1,
mapping_670005,670005,Minusvalenze Ordin. Inded. (sez. B),703.00181,MINUSVALENZE ORDIN. INDED. (SEZ. B),B14,1:1,
mapping_670006,670006,Soprav. Passive Ordinarie (sez. B),703.00182,SOPRAV.PASSIVE ORDINARIE (SEZ. B),B14,1:1,
mapping_670007,670007,Soprav. Pass. Ordin. Inded. (sez. B),703.00183,SOPRAV.PASS. ORDIN. INDED. (SEZ. B),B14,1:1,
mapping_670008,670008,Altri Oneri Gestione (sez. B),703.00185,ALTRI ONERI GESTIONE (SEZ. B),B14,1:1,
mapping_670009,670009,Altri Oneri Gest-indeducib. (sez. B),703.00186,ALTRI ONERI GEST-INDEDUCIB. (SEZ.B),B14,1:1,
mapping_670010,670010,Oneri Diversi Gest. Istituz. Sez. A),705.00070,ONERI DIVERSI GEST. ISTITUZ. SEZ.A),B14,1:1,
mapping_670011,670011,Costi da Racc. Fondi Occas. (sez. C),706.00002,COSTI DA RACC. FONDI OCCAS. (SEZ.C),B14,1:1,
mapping_670012,670012,Altri Oneri da Racc. Fondi (sez. C),706.00003,ALTRI ONERI DA RACC. FONDI (SEZ.C),B14,1:1,
mapping_670013,670013,Tasse Proprieta Autoveicoli,713.00021,TASSE PROPRIETA AUTOVEICOLI,B14,1:1,
mapping_670014,670014,Tasse Prop. Auto non Assegnata,713.00022,TASSE PROP.AUTO NON ASSEGNATA,B14,1:1,
mapping_670015,670015,Tasse Prop. Auto Assegnata,713.00023,TASSE PROP.AUTO ASSEGNATA,B14,1:1,
mapping_670016,670016,Tasse Proprieta Auto-indeducibili,713.00025,TASSE PROPRIETA AUTO-INDEDUCIBILI,B14,1:1,
mapping_670017,670017,Tasse Proprieta Auto Agenti(80%),713.00029,TASSE PROPRIETA AUTO AGENTI(80%),B14,1:1,
mapping_670018,670018,Imposta di Bollo,735.00001,IMPOSTA DI BOLLO,B14,1:1,
mapping_670019,670019,Imposta di Fabbricazione,735.00002,IMPOSTA DI FABBRICAZIONE,B14,1:1,
mapping_670020,670020,Imposta di Registro,735.00003,IMPOSTA DI REGISTRO,B14,1:1,
mapping_670021,670021,Imposte Ipotecarie e Catastali,735.00004,IMPOSTE IPOTECARIE E CATASTALI,B14,1:1,
mapping_670022,670022,Invim,735.00005,INVIM,B14,1:1,
mapping_670023,670023,Tassa Concessione Governativa,735.00006,TASSA CONCESSIONE GOVERNATIVA,B14,1:1,
mapping_670024,670024,Tassa Concess. Governat(80%),735.00007,TASSA CONCESS.GOVERNAT(80%),B14,1:1,
mapping_670025,670025,Tassa sui Rifiuti,735.00008,TASSA SUI RIFIUTI,B14,1:1,
mapping_670026,670026,IVA Acquisti Indetr. Prorata,735.00009,IVA ACQUISTI INDETR.PRORATA,B14,1:1,
mapping_670027,670027,Diritti Camerali,735.00010,DIRITTI CAMERALI,B14,1:1,
mapping_670028,670028,Altre Imposte Tasse,735.00011,ALTRE IMPOSTE TASSE,B14,1:1,
mapping_670029,670029,Imposta su Immobili (INDEDUCIBILE),735.00021,IMPOSTA su IMMOBILI (INDEDUCIBILE),B14,1:1,
mapping_670030,670030,Imposta Munic. Unica-imu-,735.00022,IMPOSTA MUNIC.UNICA-IMU-,B14,1:1,
mapping_670031,670031,Altre Imposte Tasse-indeducibili,735.00031,ALTRE IMPOSTE TASSE-INDEDUCIBILI,B14,1:1,
mapping_670032,670032,Tassa Vidimazione Libri Sociali,735.00041,TASSA VIDIMAZIONE LIBRI SOCIALI,B14,1:1,
mapping_670033,670033,Imposte e Tasse non Pagate,735.00045,IMPOSTE E TASSE NON PAGATE,B14,1:1,
mapping_670034,670034,Perdite su Crediti,737.00001,PERDITE SU CREDITI,B14,1:1,
mapping_670035,670035,Utilizzo F.do Svalut. Crediti,737.00002,UTILIZZO F.DO SVALUT.CREDITI,B14,1:1,
mapping_670036,670036,Contributi Sindacali Pagati,737.00005,CONTRIBUTI SINDACALI PAGATI,B14,1:1,
mapping_670037,670037,Cancelleria-abb. Riviste. Giorn.-libri,737.00007,CANCELLERIA-ABB.RIVISTE.GIORN.-LIBRI,B14,1:1,
mapping_670038,670038,Minusvalenze Ordinarie,737.00011,MINUSVALENZE ORDINARIE,B14,1:1,
mapping_670039,670039,Soprav. Passive Ordinarie,737.00012,SOPRAV.PASSIVE ORDINARIE,B14,1:1,
mapping_670040,670040,Utilizzo F.do Costi Oneri Liquidaz.,737.00015,UTILIZZO F.DO COSTI ONERI LIQUIDAZ.,B14,1:1,
mapping_670041,670041,Omaggi Clienti Art. Prom.(fino 50€),737.00021,OMAGGI CLIENTI ART.PROM.(fino 50€),B14,1:1,
mapping_670042,670042,Omaggi Clienti Rappresen.(oltre50€),737.00022,OMAGGI CLIENTI RAPPRESEN.(oltre50€),B14,1:1,
mapping_670043,670043,Abbuoni-arroton. Passivi,737.00023,ABBUONI-ARROTON.PASSIVI,B14,1:1,
mapping_670044,670044,Sconti Passivi,737.00025,SCONTI PASSIVI,B14,1:1,
mapping_670045,670045,Banche Dati,737.00026,BANCHE DATI,B14,1:1,
mapping_670046,670046,Erogazioni Liberali,737.00027,EROGAZIONI LIBERALI,B14,1:1,
mapping_670047,670047,Altri Oneri Gestione,737.00031,ALTRI ONERI GESTIONE,B14,1:1,
mapping_670048,670048,Utili Assoc. Partec. Beni Proprieta',737.00032,UTILI ASSOC.PARTEC.BENI PROPRIETA',B14,1:1,
mapping_670049,670049,Minusv. Ordin-indeducibili,737.00051,MINUSV.ORDIN-INDEDUCIBILI,B14,1:1,
mapping_670050,670050,Contrib. Sindacali non Pagati,737.00052,CONTRIB.SINDACALI NON PAGATI,B14,1:1,
mapping_670051,670051,Soprav. Ordin-indeducibili,737.00055,SOPRAV.ORDIN-INDEDUCIBILI,B14,1:1,
mapping_670052,670052,Sanzioni Ammende-indeducibili,737.00061,SANZIONI AMMENDE-INDEDUCIBILI,B14,1:1,
mapping_670053,670053,Sanzioni Ammende Inded. No IRAP Art.5,737.00062,SANZIONI AMMENDE INDED.NO IRAP ART.5,B14,1:1,
mapping_670054,670054,Altri Oneri Inded. No IRAP Art.5,737.00063,ALTRI ONERI INDED.NO IRAP ART.5,B14,1:1,
mapping_670055,670055,IVA da Adeguamento ISA Indeducibile,737.00065,IVA DA ADEGUAMENTO ISA INDEDUCIBILE,B14,1:1,
mapping_670056,670056,Altri Oneri Gest-indeducibili,737.00199,ALTRI ONERI GEST-INDEDUCIBILI,B14,1:1,
mapping_670057,670057,Contrib. Previd. Minimi e Forfettari,737.00200,CONTRIB.PREVID. MINIMI E FORFETTARI,B14,1:1,
mapping_670058,670058,Acc. To Riserva Vinc. Organi Istituz.,737.00205,ACC.TO RISERVA VINC.ORGANI ISTITUZ.,B14,1:1,
mapping_670059,670059,Utiliz. Riserva Vinc. Organi Istituz.,737.00206,UTILIZ.RISERVA VINC.ORGANI ISTITUZ.,B14,1:1,
mapping_670060,670060,Minusv. Cess./conf. Azienda,748.00001,MINUSV.CESS./CONF.AZIENDA,B14,1:1,
mapping_670061,670061,Altre Minusv. Straordinarie,748.00002,ALTRE MINUSV.STRAORDINARIE,B14,1:1,
mapping_670062,670062,Sopravvenienze Passive,748.00003,SOPRAVVENIENZE PASSIVE,B14,1:1,
mapping_670063,670063,Altri Oneri Straordinari,748.00004,ALTRI ONERI STRAORDINARI,B14,1:1,
mapping_670064,670064,Minusv. Straord. No IRAP,748.00005,MINUSV.STRAORD.NO IRAP,B14,1:1,
mapping_670065,670065,Minusv. Straord-indeducibili,748.00006,MINUSV.STRAORD-INDEDUCIBILI,B14,1:1,
mapping_670066,670066,Minusv. Cess. Fabb. Civili,748.00007,MINUSV.CESS.FABB.CIVILI,B14,1:1,
mapping_670067,670067,Soprav. Pass. Straord-indeducibili,748.00011,SOPRAV.PASS.STRAORD-INDEDUCIBILI,B14,1:1,
mapping_670068,670068,Soprav. Pass. Straord. No IRAP,748.00012,SOPRAV.PASS.STRAORD.NO IRAP,B14,1:1,
mapping_670069,670069,Imposte Es. Precedenti Deducibili,748.00014,IMPOSTE ES.PRECEDENTI DEDUCIBILI,B14,1:1,
mapping_670070,670070,Soprav. Pass. Straord. No Ires/IRAP,748.00015,SOPRAV.PASS. STRAORD.NO IRES/IRAP,B14,1:1,
mapping_670071,670071,Altri Oneri Straord-indeducibili,748.00199,ALTRI ONERI STRAORD-INDEDUCIBILI,B14,1:1,
mapping_670072,670072,Altri Oneri Gestione (sez. E),749.00090,ALTRI ONERI GESTIONE (SEZ. E),B14,1:1,
mapping_670073,670073,Altri Oneri Gest-indeducib. (sez. E),749.00092,ALTRI ONERI GEST-INDEDUCIB. (SEZ.E),B14,1:1,
mapping_670074,670074,Acc. To Ris. Vinc. Organi Ist. (sez. E),749.00095,ACC.TO RIS.VINC.ORGANI IST. (SEZ.E),B14,1:1,
mapping_670075,670075,Utiliz. Ris. Vinc. Organi Ist. (sez. E),749.00096,UTILIZ.RIS.VINC.ORGANI IST. (SEZ.E),B14,1:1,
mapping_800001,800001,Dividendi Impr. Controllate,820.00001,DIVIDENDI IMPR.CONTROLLATE,C15A,1:1,
mapping_800002,800002,Dividendi da Controllate Sogg. IRES,820.00006,DIVIDENDI DA CONTROLLATE SOGG.IRES,C15A,1:1,
mapping_800003,800003,Dividendi non Incass. da Controllate,820.00011,DIVIDENDI NON INCASS.DA CONTROLLATE,C15A,1:1,
mapping_800004,800004,Dividendi Impr. Collegate,820.00002,DIVIDENDI IMPR.COLLEGATE,C15B,1:1,
mapping_800005,800005,Dividendi da Collegate Sogg. IRES,820.00007,DIVIDENDI DA COLLEGATE SOGG.IRES,C15B,1:1,
mapping_800006,800006,Dividendi non Incass. da Collegate,820.00012,DIVIDENDI NON INCASS.DA COLLEGATE,C15B,1:1,
mapping_800007,800007,Dividendi Impr. Controllanti,820.00004,DIVIDENDI IMPR.CONTROLLANTI,C15C,1:1,
mapping_800008,800008,Dividendi da Controllanti Sogg. IRES,820.00008,DIVIDENDI DA CONTROLLANTI SOGG.IRES,C15C,1:1,
mapping_800009,800009,Dividendi non Incass. da Controllanti,820.00013,DIVIDENDI NON INCASS.DA CONTROLLANTI,C15C,1:1,
mapping_800010,800010,Dividendi da Consociate,820.00005,DIVIDENDI DA CONSOCIATE,C15D,1:1,
mapping_800011,800011,Dividendi da Consociate Sogg. IRES,820.00009,DIVIDENDI DA CONSOCIATE SOGG.IRES,C15D,1:1,
mapping_800012,800012,Dividendi non Incass. da Consociate,820.00014,DIVIDENDI NON INCASS.DA CONSOCIATE,C15D,1:1,
mapping_800013,800013,Altri Proventi da Partecipazioni,820.00003,ALTRI PROVENTI DA PARTECIPAZIONI,C15E,1:1,
mapping_800014,800014,Altri Prov. da Partecip. Sogg. IRES,820.00010,ALTRI PROV. DA PARTECIP. SOGG.IRES,C15E,1:1,
mapping_800015,800015,Altri Proventi da Partec. non Incass.,820.00015,ALTRI PROVENTI DA PARTEC.NON INCASS.,C15E,1:1,
mapping_800016,800016,"Altri Proventi Sogg. Irpef (49,72%)",820.00017,"ALTRI PROVENTI SOGG. IRPEF (49,72%)",C15E,1:1,
mapping_800017,800017,"Altri Proventi Sogg. Irpef (58,14%)",820.00018,"ALTRI PROVENTI SOGG. IRPEF (58,14%)",C15E,1:1,
mapping_810001,810001,Inter. Attivi Impr. Controllate,820.00021,INTER.ATTIVI IMPR.CONTROLLATE,C16A1,1:1,
mapping_810002,810002,Inter. Attivi Impr. Collegate,820.00022,INTER.ATTIVI IMPR.COLLEGATE,C16A2,1:1,
mapping_810003,810003,Inter. Attivi Impr. Controllanti,820.00023,INTER.ATTIVI IMPR.CONTROLLANTI,C16A3,1:1,
mapping_810004,810004,Inter. Attivi Controllo Controllanti,820.00025,INTER.ATTIVI CONTROLLO CONTROLLANTI,C16A4,1:1,
mapping_810005,810005,Inter. Attivi Altri Cred. Iscrit. Immob,820.00024,INTER.ATTIVI ALTRI CRED.ISCRIT.IMMOB,C16A5,1:1,
mapping_810006,810006,Proventi Fin. Titoli Immobilizzati,820.00031,PROVENTI FIN.TITOLI IMMOBILIZZATI,C16B,1:1,
mapping_810007,810007,Proventi Fin. Titoli Attivo Circolant,820.00041,PROVENTI FIN.TITOLI ATTIVO CIRCOLANT,C16C,1:1,
mapping_810008,810008,Altri Proventi Fin. Impr. Controllate,820.00052,ALTRI PROVENTI FIN.IMPR.CONTROLLATE,C16D1,1:1,
mapping_810009,810009,Altri Proventi Fin. Impr. Collegate,820.00053,ALTRI PROVENTI FIN.IMPR.COLLEGATE,C16D2,1:1,
mapping_810010,810010,Altri Proventi Fin. Impr. Controllanti,820.00054,ALTRI PROVENTI FIN.IMPR.CONTROLLANTI,C16D3,1:1,
mapping_810011,810011,Altri Prov. Fin. da Consociate,820.00055,ALTRI PROV.FIN. DA CONSOCIATE,C16D4,1:1,
mapping_810012,810012,Proventi Attivita Fin. non Immob. Zate,820.00051,PROVENTI ATTIVITA FIN.NON IMMOB.ZATE,C16D5,1:1,
mapping_810013,810013,Contributi C/interessi,820.00057,CONTRIBUTI C/INTERESSI,C16D5,1:1,
mapping_810014,810014,Inter. Attivi V/clienti,820.00061,INTER.ATTIVI vs CLIENTI,C16D5,1:1,
mapping_810015,810015,Inter. Attivi V/erario,820.00062,INTER.ATTIVI vs ERARIO,C16D5,1:1,
mapping_810016,810016,Inter. Attivi V/dipendenti,820.00063,INTER.ATTIVI vs DIPENDENTI,C16D5,1:1,
mapping_810017,810017,Inter. Attivi Depositi Bancari,820.00064,INTER.ATTIVI DEPOSITI BANCARI,C16D5,1:1,
mapping_810018,810018,Inter. Attivi Depositi Postali,820.00065,INTER.ATTIVI DEPOSITI POSTALI,C16D5,1:1,
mapping_810019,810019,"Inter. Attivi Cred. Imposta(iva,irpeg)",820.00066,"INTER.ATTIVI CRED.IMPOSTA(IVA,IRPEG)",C16D5,1:1,
mapping_810020,810020,Altri Inter. Attivi,820.00067,ALTRI INTER. ATTIVI,C16D5,1:1,
mapping_810021,810021,Altri Proventi Finanziari,820.00068,ALTRI PROVENTI FINANZIARI,C16D5,1:1,
mapping_810022,810022,Inter. Attivi Mora non Incassati,820.00069,INTER. ATTIVI MORA NON INCASSATI,C16D5,1:1,
mapping_810023,810023,Proventi Fin. non Imponibili,820.00070,PROVENTI FIN. NON IMPONIBILI,C16D5,1:1,
mapping_810024,810024,Interessi Attivi (HOLDING Industr.),820.00075,INTERESSI ATTIVI (HOLDING INDUSTR.),C16D5,1:1,
mapping_810025,810025,Prov. Fin. da Patrim. Edil.(sez. D),821.00001,PROV. FIN. DA PATRIM. EDIL.(SEZ.D),C16D5,1:1,
mapping_810026,810026,Prov. Fin. Altri Beni Patrim.(sez. D),821.00002,PROV. FIN. ALTRI BENI PATRIM.(SEZ.D),C16D5,1:1,
mapping_810027,810027,Altri Prov. Fin. Racc. Fondi (sez. D),821.00003,ALTRI PROV. FIN. RACC. FONDI (SEZ.D),C16D5,1:1,
mapping_810028,810028,Prov. Fin. da Rapp. Bancari (sez. D),821.00004,PROV. FIN. DA RAPP. BANCARI (SEZ.D),C16D5,1:1,
mapping_810029,810029,Prov. Fin. da Altri Invest. (sez. D),821.00005,PROV. FIN. DA ALTRI INVEST. (SEZ.D),C16D5,1:1,
mapping_820001,820001,Inter. Pass. Impr. Controllate,740.00001,INTER.PASS.IMPR.CONTROLLATE,C17A,1:1,
mapping_820002,820002,Inter. Pass. Ante 17/6/16 Controllate,740.00021,INTER.PASS.ante 17/6/16 CONTROLLATE,C17A,1:1,
mapping_820003,820003,Inter. Pass. Impr. Collegate,740.00002,INTER.PASS.IMPR.COLLEGATE,C17B,1:1,
mapping_820004,820004,Inter. Pass. Ante 17/6/16 Collegate,740.00022,INTER.PASS.ante 17/6/16 COLLEGATE,C17B,1:1,
mapping_820005,820005,Inter. Pass. Impr. Controllanti,740.00003,INTER.PASS.IMPR.CONTROLLANTI,C17C,1:1,
mapping_820006,820006,Inter. Pass. Ante 17/6/16 Controllanti,740.00023,INTER.PASS.ante 17/6/16 CONTROLLANTI,C17C,1:1,
mapping_820007,820007,Altri Oneri Fin. V/consociate,740.00015,ALTRI ONERI FIN. vs CONSOCIATE,C17D,1:1,
mapping_820008,820008,Inter. Pass. Ante 17/6/16 V/consoc.,740.00024,INTER.PASS.ante 17/6/16 vs CONSOC.,C17D,1:1,
mapping_820009,820009,Inter. Finanziam. Veicoli,713.00130,INTER. FINANZIAM.VEICOLI,C17E,1:1,
mapping_820010,820010,Inter. Finanziam. Auto non Assegnata,713.00131,INTER.FINANZIAM.AUTO NON ASSEGNATA,C17E,1:1,
mapping_820011,820011,Inter. Finanziam. Auto Assegnata,713.00132,INTER.FINANZIAM.AUTO ASSEGNATA,C17E,1:1,
mapping_820012,820012,Inter. Finanziam. Auto-indeducibili,713.00133,INTER.FINANZIAM.AUTO-INDEDUCIBILI,C17E,1:1,
mapping_820013,820013,Inter. Finanziam. Auto Agenti(80%),713.00134,INTER.FINANZIAM.AUTO AGENTI(80%),C17E,1:1,
mapping_820014,820014,Inter. Pass. Debiti V/banche Cred,740.00004,INTER.PASS.DEBITI vs BANCHE CRED,C17E,1:1,
mapping_820015,820015,Inter. Passivi su Mutui,740.00005,INTER. PASSIVI SU MUTUI,C17E,1:1,
mapping_820016,820016,Inter. Pass. Debiti V/altri Finanz.,740.00006,INTER.PASS.DEBITI vs ALTRI FINANZ.,C17E,1:1,
mapping_820017,820017,Inter. Pass. Debiti da Titoli,740.00007,INTER.PASS.DEBITI DA TITOLI,C17E,1:1,
mapping_820018,820018,Inter. Pass. V/fornitori,740.00008,INTER.PASS.vs FORNITORI,C17E,1:1,
mapping_820019,820019,Sconti e Altri Oneri Finanz.,740.00009,SCONTI E ALTRI ONERI FINANZ.,C17E,1:1,
mapping_820020,820020,Sconti Passivi su Effetti Finanziari,740.00010,SCONTI PASSIVI SU EFFETTI FINANZIARI,C17E,1:1,
mapping_820021,820021,Accan. F.do Rischi su Cambi,740.00012,ACCAN. F.DO RISCHI SU CAMBI,C17E,1:1,
mapping_820022,820022,Perdite su Titoli,740.00013,PERDITE SU TITOLI,C17E,1:1,
mapping_820023,820023,Altri Inter. Pass-oneri Finanziari,740.00014,ALTRI INTER.PASS-ONERI FINANZIARI,C17E,1:1,
mapping_820024,820024,Inter. Passivi Deduc. No Rol,740.00020,INTER.PASSIVI DEDUC.NO ROL,C17E,1:1,
mapping_820025,820025,Inter. Pass. Ante 17/6/16 Altre Impr.,740.00025,INTER.PASS.ante 17/6/16 ALTRE IMPR.,C17E,1:1,
mapping_820026,820026,Commiss. Disponibilita' Fondi,740.00029,COMMISS.DISPONIBILITA' FONDI,C17E,1:1,
mapping_820027,820027,Commiss. Istruttoria Veloce,740.00030,COMMISS.ISTRUTTORIA VELOCE,C17E,1:1,
mapping_820028,820028,Commiss. Fidejussioni Bancarie,740.00031,COMMISS.FIDEJUSSIONI BANCARIE,C17E,1:1,
mapping_820029,820029,Commiss. Bancarie per Protesti,740.00032,COMMISS.BANCARIE PER PROTESTI,C17E,1:1,
mapping_820030,820030,Commiss. Massimo Scoperto,740.00033,COMMISS.MASSIMO SCOPERTO,C17E,1:1,
mapping_820031,820031,Commiss. Factoring,740.00034,COMMISS.FACTORING,C17E,1:1,
mapping_820032,820032,Oneri Finanz. Pos/carte Credito,740.00035,ONERI FINANZ. POS/CARTE CREDITO,C17E,1:1,
mapping_820033,820033,Commiss. Fidejussioni Assicurative,740.00036,COMMISS.FIDEJUSSIONI ASSICURATIVE,C17E,1:1,
mapping_820034,820034,Inter. Pass. Depositi Bancari,740.00037,INTER.PASS.DEPOSITI BANCARI,C17E,1:1,
mapping_820035,820035,Inter. Pass. Depositi Postali,740.00038,INTER.PASS.DEPOSITI POSTALI,C17E,1:1,
mapping_820036,820036,Altri Oneri Bancari,740.00039,ALTRI ONERI BANCARI,C17E,1:1,
mapping_820037,820037,Utili Assoc. Partec. Capitale,740.00040,UTILI ASSOC.PARTEC.CAPITALE,C17E,1:1,
mapping_820038,820038,Interessi Passivi Dilettanti,740.00041,INTERESSI PASSIVI DILETTANTI,C17E,1:1,
mapping_820039,820039,Inter. Liquidazioni IVA Trimestr.,740.00051,INTER. LIQUIDAZIONI IVA TRIMESTR.,C17E,1:1,
mapping_820040,820040,Altri Inter.-indeducibili,740.00061,ALTRI INTER.-INDEDUCIBILI,C17E,1:1,
mapping_820041,820041,Inter. Passivi Mora non Pagati,740.00062,INTER. PASSIVI MORA NON PAGATI,C17E,1:1,
mapping_820042,820042,Contributi C/interessi (l. Sabatini),740.00065,CONTRIBUTI C/INTERESSI (L. SABATINI),C17E,1:1,
mapping_820043,820043,Inter. Pass. 96% (HOLDING Industr.),740.00075,INTER.PASS. 96% (HOLDING INDUSTR.),C17E,1:1,
mapping_820044,820044,Oneri Fin. da Patrim. Edil. (sez. D),742.00001,ONERI FIN. DA PATRIM. EDIL. (SEZ.D),C17E,1:1,
mapping_820045,820045,Oneri Fin. Altri Beni Patr. (sez. D),742.00002,ONERI FIN. ALTRI BENI PATR. (SEZ.D),C17E,1:1,
mapping_820046,820046,Accan. Fin. Rischi ed Oneri (sez. D),742.00003,ACCAN. FIN. RISCHI ED ONERI (SEZ.D),C17E,1:1,
mapping_820047,820047,Oneri Fin. su Rapp. Bancari (sez. D),742.00004,ONERI FIN. SU RAPP. BANCARI (SEZ.D),C17E,1:1,
mapping_820048,820048,Oneri Fin. su Prestiti (sez. D),742.00005,ONERI FIN. SU PRESTITI (SEZ.D),C17E,1:1,
mapping_820049,820049,Altri Oneri Fin. Vari (sez. D),742.00006,ALTRI ONERI FIN. VARI (SEZ.D),C17E,1:1,
mapping_830001,830001,Utile su Cambi da Realizzo,820.00071,UTILE SU CAMBI DA REALIZZO,C17BISA,1:1,
mapping_830002,830002,Utile su Cambi da Valutazione,820.00072,UTILE SU CAMBI DA VALUTAZIONE,C17BISA,1:1,
mapping_830003,830003,Perdite su Cambi da Realizzo,740.00011,PERDITE SU CAMBI DA REALIZZO,C17BISB,1:1,
mapping_830004,830004,Perdite su Cambi da Valutazione,740.00071,PERDITE SU CAMBI DA VALUTAZIONE,C17BISB,1:1,
mapping_840001,840001,Rivalut. Partec. Impr. Controllate,822.00001,RIVALUT.PARTEC.IMPR.CONTROLLATE,D18A,1:1,
mapping_840002,840002,Rivalut. Partec. Impr. Collegate,822.00002,RIVALUT.PARTEC.IMPR.COLLEGATE,D18A,1:1,
mapping_840003,840003,Rivalut. Partec. Impr. Controllanti,822.00003,RIVALUT.PARTEC.IMPR.CONTROLLANTI,D18A,1:1,
mapping_840004,840004,Rivalut. Partec. Altre Imprese,822.00004,RIVALUT.PARTEC.ALTRE IMPRESE,D18A,1:1,
mapping_840005,840005,Rivalut. Partec. Soc. Persone,822.00005,RIVALUT.PARTEC.SOC.PERSONE,D18A,1:1,
mapping_840006,840006,Rivalutaz. (temp.) Titoli e Azioni,822.00045,RIVALUTAZ. (TEMP.) TITOLI E AZIONI,D18A,1:1,
mapping_840007,840007,Rivalut. Crediti Immobilizzati,822.00011,RIVALUT.CREDITI IMMOBILIZZATI,D18B,1:1,
mapping_840008,840008,Rivalut. Altri Titoli,822.00021,RIVALUT.ALTRI TITOLI,D18C,1:1,
mapping_840009,840009,Rivalut. Azioni Proprie,822.00031,RIVALUT.AZIONI PROPRIE,D18C,1:1,
mapping_840010,840010,Rivalut. Titoli Attivo Circolante,822.00041,RIVALUT.TITOLI ATTIVO CIRCOLANTE,D18C,1:1,
mapping_840011,840011,Rivalut. di Strum. Finanz. Derivati,822.00042,RIVALUT. DI STRUM. FINANZ. DERIVATI,D18D,1:1,
mapping_840012,840012,Rivalut. Att. Fin. Gest. Accen. Tesoreria,822.00043,RIVALUT.ATT.FIN.GEST.ACCEN.TESORERIA,D18E,1:1,
mapping_845001,845001,Svalut. Partec. Impr. Controllate,746.00001,SVALUT.PARTEC.IMPR.CONTROLLATE,D19A,1:1,
mapping_845002,845002,Svalut. Partec. Impr. Collegate,746.00011,SVALUT.PARTEC.IMPR.COLLEGATE,D19A,1:1,
mapping_845003,845003,Svalut. Partec. Impr. Controllanti,746.00021,SVALUT.PARTEC.IMPR.CONTROLLANTI,D19A,1:1,
mapping_845004,845004,Svalut. Partec. Altre Imprese,746.00031,SVALUT.PARTEC.ALTRE IMPRESE,D19A,1:1,
mapping_845005,845005,Svalut. Partec. Soc. Persone,746.00032,SVALUT.PARTEC.SOC.PERSONE,D19A,1:1,
mapping_845006,845006,Svalutazione (temp.) Titoli e Azioni,746.00102,SVALUTAZIONE (TEMP.) TITOLI E AZIONI,D19A,1:1,
mapping_845007,845007,Svalut. Cred. Impr. Controllate,746.00041,SVALUT.CRED.IMPR.CONTROLLATE,D19B,1:1,
mapping_845008,845008,Svalut. Cred. Impr. Collegate,746.00051,SVALUT.CRED.IMPR.COLLEGATE,D19B,1:1,
mapping_845009,845009,Svalut. Cred. Impr. Controllanti,746.00061,SVALUT.CRED.IMPR.CONTROLLANTI,D19B,1:1,
mapping_845010,845010,Svalut. Cred. V/altri,746.00100,SVALUT.CRED.vs ALTRI,D19B,1:1,
mapping_845011,845011,Svalutazione Titoli Deducibili,746.00105,SVALUTAZIONE TITOLI DEDUCIBILI,D19B,1:1,
mapping_845012,845012,Svalut. Titoli Immobilizzati,746.00200,SVALUT.TITOLI IMMOBILIZZATI,D19B,1:1,
mapping_845013,845013,Svalut. Azioni Proprie,746.00300,SVALUT.AZIONI PROPRIE,D19C,1:1,
mapping_845014,845014,Svalut. di Strum. Finanz. Derivati,746.00301,SVALUT. DI STRUM. FINANZ. DERIVATI,D19D,1:1,
mapping_845015,845015,Svalut. Att. Fin. Gest. Accen. Tesoreria,746.00302,SVALUT.ATT.FIN.GEST.ACCEN.TESORERIA,D19E,1:1,
mapping_900001,900001,IRES,750.00001,IRES,20A,1:1,
mapping_900002,900002,IRAP,750.00002,IRAP,20A,1:1,
mapping_900003,900003,Imposte Es. Precedenti Indeducibili,748.00013,IMPOSTE ES.PRECEDENTI INDEDUCIBILI,20B,1:1,
mapping_900004,900004,Imposte Es. Precedenti Indeducibili,750.00003,IMPOSTE ES. PRECEDENTI INDEDUCIBILI,20B,1:1,
mapping_900005,900005,Imposte da Adeg. ISA Maggiorazione,750.00005,IMPOSTE DA ADEG. ISA MAGGIORAZIONE,20B,1:1,
mapping_900006,900006,IRES Differita,750.00101,IRES DIFFERITA,20C,1:1,
mapping_900007,900007,IRAP Differita,750.00102,IRAP DIFFERITA,20C,1:1,
mapping_900008,900008,Soprav. Passive Imposte Differite,750.00103,SOPRAV.PASSIVE IMPOSTE DIFFERITE,20C,1:1,
mapping_900009,900009,Utilizzo IRES Differita,750.00111,UTILIZZO IRES DIFFERITA,20C,1:1,
mapping_900010,900010,Utilizzo IRAP Differita,750.00112,UTILIZZO IRAP DIFFERITA,20C,1:1,
mapping_900011,900011,Soprav. Attive Imposte Differite,750.00113,SOPRAV.ATTIVE IMPOSTE DIFFERITE,20C,1:1,
mapping_900012,900012,IRES Anticipata,750.00201,IRES ANTICIPATA,20C,1:1,
mapping_900013,900013,IRAP Anticipata,750.00202,IRAP ANTICIPATA,20C,1:1,
mapping_900014,900014,Soprav. Passive Imposte Anticipate,750.00203,SOPRAV.PASSIVE IMPOSTE ANTICIPATE,20C,1:1,
mapping_900015,900015,Soprav. Attive Imposte Anticipate,750.00210,SOPRAV.ATTIVE IMPOSTE ANTICIPATE,20C,1:1,
mapping_900016,900016,Utilizzo IRES Anticipata,750.00211,UTILIZZO IRES ANTICIPATA,20C,1:1,
mapping_900017,900017,Utilizzo IRAP Anticipata,750.00212,UTILIZZO IRAP ANTICIPATA,20C,1:1,
mapping_900018,900018,Proventi Regime Trasparenza(art.115),750.00213,PROVENTI REGIME TRASPARENZA(ART.115),20D,1:1,
mapping_900019,900019,Oneri Regime Trasparenza(art.115),750.00214,ONERI REGIME TRASPARENZA(ART.115),20D,1:1,
mapping_900020,900020,Proventi da Consolidato Fiscale,750.00215,PROVENTI DA CONSOLIDATO FISCALE,20D,1:1,
mapping_900021,900021,Oneri da Consolidato Fiscale,750.00216,ONERI DA CONSOLIDATO FISCALE,20D,1:1,
mapping_150018,150018,Costi di Pubblicita',102.00012,COSTI DI PUBBLICITA',,1:1,
mapping_150019,150019,Costi di Pubblicita' — Amm. Diretto,106.00012,COSTI DI PUBBLICITA' - amm.diretto,,1:1,
mapping_150020,150020,F.amm. Costi di Pubblicita',112.00012,F.AMM. COSTI DI PUBBLICITA',,1:1,
mapping_150021,150021,F.do Svalut. Costi Pubblicita',122.00012,F.DO SVALUT.COSTI PUBBLICITA',,1:1,
mapping_150022,150022,Immobili Strumentali Ante14/06/90,155.00001,IMMOBILI STRUMENTALI ante14/06/90,,1:1,
mapping_150023,150023,Immob. Strument. Anni2007-2008-2009,155.00011,IMMOB.STRUMENT.anni2007-2008-2009,,1:1,
mapping_150024,150024,F.amm. Immob. Strum. Ante14/06/90,156.00001,F.AMM. IMMOB.STRUM.ante14/06/90,,1:1,
mapping_150025,150025,F.amm. Immob. Strum.(2007-2008-2009),156.00011,F.AMM. IMMOB.STRUM.(2007-2008-2009),,1:1,
mapping_150026,150026,Manutenz. Rinviare Eserc. Successivi,156.00101,MANUTENZ.RINVIARE ESERC.SUCCESSIVI,,1:1,
mapping_305025,305025,Rettifiche di Liquidazione,301.00015,RETTIFICHE DI LIQUIDAZIONE,,1:1,
mapping_305026,305026,Rettifiche di Trasformazione,301.00016,RETTIFICHE DI TRASFORMAZIONE,,1:1,
mapping_305027,305027,Riserva Azioni Proprie in Portafogl.,306.00001,RISERVA AZIONI PROPRIE IN PORTAFOGL.,,1:1,
mapping_305028,305028,Riserva Rinnov. Impianti e Macchinari,307.00002,RISERVA RINNOV.IMPIANTI E MACCHINARI,,1:1,
mapping_305029,305029,Riserva per Ammortamento Anticipato,307.00003,RISERVA PER AMMORTAMENTO ANTICIPATO,,1:1,
mapping_305030,305030,Riserva per Acquisto Azioni Proprie,307.00004,RISERVA PER ACQUISTO AZIONI PROPRIE,,1:1,
mapping_305031,305031,Risultato D'esercizio,309.00001,RISULTATO D'ESERCIZIO,,1:1,
mapping_280025,280025,IVA Split Payment,415.00022,IVA SPLIT PAYMENT,,1:1,
mapping_280026,280026,Deb. V/cassa Nazionale Previdenza,455.00001,DEB.vs CASSA NAZIONALE PREVIDENZA,,1:1,
mapping_280027,280027,Clienti C/caparre,457.00001,CLIENTI C/CAPARRE,,1:1,
mapping_280028,280028,Clienti C/fondo Spese,457.00002,CLIENTI C/FONDO SPESE,,1:1,
mapping_280029,280029,Clienti C/rimborso Spese,457.00003,CLIENTI C/RIMBORSO SPESE,,1:1,
mapping_280030,280030,Clienti C/pagam. Contributi-imposte,457.00004,CLIENTI C/PAGAM.CONTRIBUTI-IMPOSTE,,1:1,
mapping_280031,280031,Incassi C/terzi,457.00005,INCASSI C/TERZI,,1:1,
mapping_670076,670076,Provare,702.10000,provare,,1:1,
mapping_670077,670077,Manutenz. Auto (40%),714.00012,MANUTENZ.AUTO (40%),,1:1,
mapping_670078,670078,Manutenz. Auto (90%),714.00013,MANUTENZ.AUTO (90%),,1:1,
mapping_670079,670079,Rappresentanza-ded.1/3 in 5 Anni,715.00031,RAPPRESENTANZA-DED.1/3 in 5 anni,,1:1,
mapping_670080,670080,Amm.to Costi di Pubblicita',725.00012,AMM.TO COSTI DI PUBBLICITA',,1:1,
mapping_670081,670081,Inter. Passivi-inded. Art.96 TUIR,740.00052,INTER. PASSIVI-INDED.Art.96 Tuir,,1:1,
mapping_670082,670082,Inter. Passivi-inded. Art.97 TUIR,740.00053,INTER. PASSIVI-INDED.Art.97 Tuir,,1:1,
mapping_670083,670083,Inter. Passivi-inded. Art.98 TUIR,740.00054,INTER. PASSIVI-INDED.Art.98 Tuir,,1:1,
mapping_670084,670084,Inter. Pass. 100% (HOLDING Industr.),740.00080,INTER.PASS. 100% (HOLDING INDUSTR.),,1:1,
mapping_670085,670085,Inter. Passivi Inded. per Rol,740.00100,INTER. PASSIVI INDED.PER ROL,,1:1,
mapping_670086,670086,Leasing Beni Mobili Promiscui(50%),755.00001,LEASING BENI MOBILI PROMISCUI(50%),,1:1,
mapping_670087,670087,Leasing Telefonini(80%),755.00006,LEASING TELEFONINI(80%),,1:1,
mapping_670088,670088,Noleggi Beni Mobili Promiscui(50%),755.00011,NOLEGGI BENI MOBILI PROMISCUI(50%),,1:1,
mapping_670089,670089,Locazioni Telef. Mobile(80%),755.00026,LOCAZIONI TELEF.MOBILE(80%),,1:1,
mapping_670090,670090,Locazioni/noleggi-indeducibili,755.00031,LOCAZIONI/NOLEGGI-INDEDUCIBILI,,1:1,
mapping_670091,670091,Locazione Immob. Strum. Promiscuo(50%),757.00001,LOCAZIONE IMMOB.STRUM.PROMISCUO(50%),,1:1,
mapping_670092,670092,Riscaldamento Immob. Promiscuo(50%),757.00006,RISCALDAMENTO IMMOB.PROMISCUO(50%),,1:1,
mapping_670093,670093,Acqua-immobile Promiscuo(50%),757.00011,ACQUA-IMMOBILE PROMISCUO(50%),,1:1,
mapping_670094,670094,Altre Spese Immobile Strumentale,757.00016,ALTRE SPESE IMMOBILE STRUMENTALE,,1:1,
mapping_670095,670095,Altre Spese Immob. Promiscuo(50%),757.00021,ALTRE SPESE IMMOB.PROMISCUO(50%),,1:1,
mapping_670096,670096,Leasing Immob. Strum. Ante 14/06/90,757.00026,LEASING IMMOB.STRUM.ante 14/06/90,,1:1,
mapping_670097,670097,Leasing Immob. Str. Ante 14/06/90(50%),757.00031,LEASING IMMOB.STR.ante 14/06/90(50%),,1:1,
mapping_670098,670098,Energia Elettrica(50%),757.00036,ENERGIA ELETTRICA(50%),,1:1,
mapping_670099,670099,Manutenzione Immobili,758.00001,MANUTENZIONE IMMOBILI,,1:1,
mapping_670100,670100,Ammodernamento Immobili,758.00002,AMMODERNAMENTO IMMOBILI,,1:1,
mapping_670101,670101,Ristrutturazione Immobili,758.00003,RISTRUTTURAZIONE IMMOBILI,,1:1,
mapping_670102,670102,Compensi a Terzi Prest.(non Occas.),760.00001,COMPENSI A TERZI PREST.(NON OCCAS.),,1:1,
mapping_670103,670103,Utilizzo Strutture Terzi,760.00002,UTILIZZO STRUTTURE TERZI,,1:1,
mapping_670104,670104,Servizi di Segreteria,760.00003,SERVIZI DI SEGRETERIA,,1:1,
mapping_670105,670105,Compensi Lav. Autonomo Occasionale,760.00004,COMPENSI LAV.AUTONOMO OCCASIONALE,,1:1,
mapping_670106,670106,Pasti e Soggiorni,762.00001,PASTI E SOGGIORNI,,1:1,
mapping_670107,670107,Pasti e Sogg. Commit. per Professionis,762.00002,PASTI E SOGG.COMMIT.PER PROFESSIONIS,,1:1,
mapping_670108,670108,Rimb. Trasferte Prof. Associato,762.00003,RIMB.TRASFERTE PROF.ASSOCIATO,,1:1,
mapping_670109,670109,Rimb. Chilom. Prof. Associato,762.00004,RIMB.CHILOM.PROF.ASSOCIATO,,1:1,
mapping_670110,670110,Rimb. Chilom. Prof. Assoc-indeducibili,762.00005,RIMB.CHILOM.PROF.ASSOC-INDEDUCIBILI,,1:1,
mapping_670111,670111,Vitto-alloggio-art.54-comma6,762.00006,VITTO-ALLOGGIO-Art.54-Comma6,,1:1,
mapping_670112,670112,Vitto-alloggio-inded. Art.54-comma6,762.00007,VITTO-ALLOGGIO-INDED.Art.54-Comma6,,1:1,
mapping_670113,670113,Aggiornamento Professionale,762.00008,AGGIORNAMENTO PROFESSIONALE,,1:1,
mapping_670114,670114,Spese Antic. Nome-conto Cliente,762.00009,SPESE ANTIC.NOME-CONTO CLIENTE,,1:1,
mapping_670115,670115,Pasti-sogg. Aggior. Prof.(75%),762.00010,PASTI-SOGG.AGGIOR.PROF.(75%),,1:1,
mapping_670116,670116,Rappresentanza-altre Spese,762.00011,RAPPRESENTANZA-ALTRE SPESE,,1:1,
mapping_670117,670117,Rappresentanza(75%),762.00012,RAPPRESENTANZA(75%),,1:1,
mapping_670118,670118,Assicurazioni Professionali,762.00021,ASSICURAZIONI PROFESSIONALI,,1:1,
mapping_670119,670119,Spese Aggiorn-manut. Software,762.00022,SPESE AGGIORN-MANUT.SOFTWARE,,1:1,
mapping_670120,670120,Contr. Annuale Iscriz. Ordine Profess.,762.00023,CONTR.ANNUALE ISCRIZ.ORDINE PROFESS.,,1:1,
mapping_670121,670121,Carburan-lubr. Motocicli Ciclomotori,762.00024,CARBURAN-LUBR.MOTOCICLI CICLOMOTORI,,1:1,
mapping_670122,670122,Manutenz. Telef. Mobile(80%),762.00025,MANUTENZ.TELEF.MOBILE(80%),,1:1,
mapping_670123,670123,Manutenzione-riparaz. Auto Profess.,762.00026,MANUTENZIONE-RIPARAZ.AUTO PROFESS.,,1:1,
mapping_670124,670124,Manutenzioni Auto Prof. non Assegnate,762.00027,MANUTENZIONI AUTO PROF.NON ASSEGNATE,,1:1,
mapping_670125,670125,Manutenzioni Auto Prof. Assegnate,762.00028,MANUTENZIONI AUTO PROF.ASSEGNATE,,1:1,
mapping_670126,670126,Manutenz.-riparaz. Auto (50%),762.00029,MANUTENZ.-RIPARAZ.AUTO (50%),,1:1,
mapping_670127,670127,Utile Perdita su Cambi,762.00031,UTILE PERDITA SU CAMBI,,1:1,
mapping_670128,670128,Consumi Forfettari,762.00035,CONSUMI FORFETTARI,,1:1,
mapping_670129,670129,Amm.to Imm. Strument-ante 14/o6/90,764.00001,AMM.TO IMM.STRUMENT-ANTE 14/O6/90,,1:1,
mapping_670130,670130,Amm.to Imm. Strument.2007-2008-2009,764.00011,AMM.TO IMM.STRUMENT.2007-2008-2009,,1:1,
mapping_740065,740065,Cessione Beni Ammortizzabili,801.00067,CESSIONE BENI AMMORTIZZABILI,,1:1,
mapping_740066,740066,Prova,803.01002,prova,,1:1,
mapping_740067,740067,IVA Sospesa in Liquidazione,808.00010,IVA SOSPESA IN LIQUIDAZIONE,,1:1,
mapping_740068,740068,Vendita Diritti di Brevetto,829.00021,VENDITA DIRITTI DI BREVETTO,,1:1,
mapping_740069,740069,Vendita Dir. di Util. delle Oper. Ing.,829.00022,VENDITA DIR.DI UTIL.DELLE OPER.ING.,,1:1,
mapping_740070,740070,"Vendita Concess,licenze, Dir. Simili",829.00031,"VENDITA CONCESS,LICENZE, DIR. SIMILI",,1:1,
mapping_740071,740071,Vendita Marchi di Fabbrica e Commer.,829.00032,VENDITA MARCHI DI FABBRICA E COMMER.,,1:1,
mapping_740072,740072,Vendita di Licenze di Prog. Software,829.00033,VENDITA DI LICENZE DI PROG.SOFTWARE,,1:1,
mapping_740073,740073,Vendita Know How,829.00034,VENDITA KNOW HOW,,1:1,
mapping_740074,740074,Vendita Immobiliz. Immater in Corso,829.00051,VENDITA IMMOBILIZ. IMMATER IN CORSO,,1:1,
mapping_740075,740075,Vendita Acconti a Forn. per Imm. Imm.,829.00052,VENDITA ACCONTI A FORN.PER IMM.IMM.,,1:1,
mapping_740076,740076,Vendita Altre Immob. Immater,829.00061,VENDITA ALTRE IMMOB. IMMATER,,1:1,
mapping_740077,740077,Vendita Terreni,830.00001,VENDITA TERRENI,,1:1,
mapping_740078,740078,Vendita Fabbricati Civili,830.00002,VENDITA FABBRICATI CIVILI,,1:1,
mapping_740079,740079,Vendita Fabbricati Commerciali,830.00003,VENDITA FABBRICATI COMMERCIALI,,1:1,
mapping_740080,740080,Vendita Costruzioni Leggere,830.00004,VENDITA COSTRUZIONI LEGGERE,,1:1,
mapping_740081,740081,Vendita Fabbricati Industriali,830.00005,VENDITA FABBRICATI INDUSTRIALI,,1:1,
mapping_740082,740082,Vendita Fabbricati Civili Strument.,830.00006,VENDITA FABBRICATI CIVILI STRUMENT.,,1:1,
mapping_740083,740083,Vendita Imm. Strum. Li Cat. A/10-uffici,830.00008,VENDITA IMM.STRUM.LI CAT.A/10-UFFICI,,1:1,
mapping_740084,740084,Vendita Impianti Generici,830.00011,VENDITA IMPIANTI GENERICI,,1:1,
mapping_740085,740085,Vendita Impianti Specifici,830.00012,VENDITA IMPIANTI SPECIFICI,,1:1,
mapping_740086,740086,Vendita Macchinari,830.00013,VENDITA MACCHINARI,,1:1,
mapping_740087,740087,Vendita Impianti Allarme-antifurto,830.00014,VENDITA IMPIANTI ALLARME-ANTIFURTO,,1:1,
mapping_740088,740088,Vendita Impianti Telefonici,830.00015,VENDITA IMPIANTI TELEFONICI,,1:1,
mapping_740089,740089,Vendita Attrez. Ind. Li e Comm. Li,830.00021,VENDITA ATTREZ. IND.LI E COMM.LI,,1:1,
mapping_740090,740090,Vendita Attrezzature Varie e Minute,830.00022,VENDITA ATTREZZATURE VARIE E MINUTE,,1:1,
mapping_740091,740091,Vendita Mobili,830.00031,VENDITA MOBILI,,1:1,
mapping_740092,740092,Vendita Macc. Elettriche D'ufficio,830.00032,VENDITA MACC.ELETTRICHE D'UFFICIO,,1:1,
mapping_740093,740093,Vendita Autovetture,830.00033,VENDITA AUTOVETTURE,,1:1,
mapping_740094,740094,Vendita Autocarri,830.00034,VENDITA AUTOCARRI,,1:1,
mapping_740095,740095,Vendita Arredamento,830.00035,VENDITA ARREDAMENTO,,1:1,
mapping_740096,740096,Vendita Altri Beni Materiali,830.00036,VENDITA ALTRI BENI MATERIALI,,1:1,
mapping_740097,740097,"Vendita Beni Strument. Infer 516,46",830.00037,"VENDITA BENI STRUMENT. INFER 516,46",,1:1,
mapping_740098,740098,Vendita Motoveicoli-ciclomotori,830.00038,VENDITA MOTOVEICOLI-CICLOMOTORI,,1:1,
mapping_740099,740099,Vendita Autoveicoli Autotrasportator,830.00039,VENDITA AUTOVEICOLI AUTOTRASPORTATOR,,1:1,
mapping_740100,740100,Vendita Immobiliz. Mater in Corso,830.00041,VENDITA IMMOBILIZ. MATER IN CORSO,,1:1,
mapping_740101,740101,Vendita Acconti a Fornitori Imm. Mat,830.00042,VENDITA ACCONTI A FORNITORI IMM.MAT,,1:1,
mapping_740102,740102,Vendita Acc. a Fornitori Imm. Strumen.,830.00043,VENDITA ACC.A FORNITORI IMM.STRUMEN.,,1:1,
mapping_740103,740103,Compensi Professionali a Privati,855.00001,COMPENSI PROFESSIONALI A PRIVATI,,1:1,
mapping_740104,740104,Prestazioni Prof. Sostitut. Imposta,855.00011,PRESTAZIONI PROF.SOSTITUT.IMPOSTA,,1:1,
mapping_740105,740105,Contributo 4%(gestione Separatainps),855.00021,CONTRIBUTO 4%(gestione separataINPS),,1:1,
mapping_740106,740106,Altri Ricavi Prestazioni Profess.,855.00031,ALTRI RICAVI PRESTAZIONI PROFESS.,,1:1,
mapping_600062,600062,C/sosp.Compensi Profess. a Privati,901.00001,C/SOSP.COMPENSI PROFESS.A PRIVATI,,1:1,
mapping_600063,600063,C/sosp.Prest. Prof. a Sost. Imposta,901.00011,C/SOSP.PREST.PROF.A SOST.IMPOSTA,,1:1,
mapping_600064,600064,C/sosp.Contributo 4%(gest. Sep. INPS),901.00021,C/SOSP.CONTRIBUTO 4%(GEST.SEP.INPS),,1:1,
mapping_600065,600065,C/sosp.Altri Ricavi Professionali,901.00031,C/SOSP.ALTRI RICAVI PROFESSIONALI,,1:1,
mapping_600066,600066,C/sosp.Rimb. Spese Bancarie a Clienti,901.00101,C/SOSP.RIMB.SPESE BANCARIE A CLIENTI,,1:1,
mapping_600067,600067,C/sosp.Spese Bolli Addeb. a Clienti,901.00102,C/SOSP.SPESE BOLLI ADDEB. A CLIENTI,,1:1,
mapping_600068,600068,C/sosp.Materie Prime C/acquisti,902.00001,C/SOSP.MATERIE PRIME C/ACQUISTI,,1:1,
mapping_600069,600069,C/sosp.Beni Produz. Servizi,902.00002,C/SOSP.BENI PRODUZ.SERVIZI,,1:1,
mapping_600070,600070,C/sosp.Materie Prime C/acq. Forfett.,902.00003,C/SOSP.MATERIE PRIME C/ACQ. FORFETT.,,1:1,
mapping_600071,600071,C/sosp.Materie Sussidiarie C/acquist,902.00006,C/SOSP.MATERIE SUSSIDIARIE C/ACQUIST,,1:1,
mapping_600072,600072,C/sosp.Semilavorati C/acquisti,902.00011,C/SOSP.SEMILAVORATI C/ACQUISTI,,1:1,
mapping_600073,600073,C/sosp.Componenti C/acquisti,902.00015,C/SOSP.COMPONENTI C/ACQUISTI,,1:1,
mapping_600074,600074,C/sosp.Materie di Consumo C/acquisti,902.00020,C/SOSP.MATERIE DI CONSUMO C/ACQUISTI,,1:1,
mapping_600075,600075,C/sosp.Imballaggi C/acquisti,902.00024,C/SOSP.IMBALLAGGI C/ACQUISTI,,1:1,
mapping_600076,600076,C/sosp.Resi su Acquisti,902.00031,C/SOSP.RESI SU ACQUISTI,,1:1,
mapping_600077,600077,C/sosp.Sconti-abbuoni su Acquisti,902.00032,C/SOSP.SCONTI-ABBUONI SU ACQUISTI,,1:1,
mapping_600078,600078,C/sosp.Premi su Acquisti,902.00033,C/SOSP.PREMI SU ACQUISTI,,1:1,
mapping_600079,600079,C/sosp.Oneri Access(trasp-imbal-assi,902.00050,C/SOSP.ONERI ACCESS(TRASP-IMBAL-ASSI,,1:1,
mapping_600080,600080,C/sosp.Merci C/acquisti,902.00051,C/SOSP.MERCI C/ACQUISTI,,1:1,
mapping_600081,600081,C/sosp.Resi Acquisti Merci,902.00052,C/SOSP.RESI ACQUISTI MERCI,,1:1,
mapping_600082,600082,C/sosp.Sconti-abbuoni Acq. Merci,902.00053,C/SOSP.SCONTI-ABBUONI ACQ.MERCI,,1:1,
mapping_600083,600083,C/sosp.Premi Acquist0 Merci,902.00054,C/SOSP.PREMI ACQUIST0 MERCI,,1:1,
mapping_600084,600084,C/sosp.Costi Black List,902.00055,C/SOSP.COSTI BLACK LIST,,1:1,
mapping_600085,600085,C/sosp.Errori non Ril. Merci,902.00056,C/SOSP. ERRORI NON RIL. MERCI,,1:1,
mapping_600086,600086,C/sosp.Generi Ricavo Fisso/aggio C/a,902.00201,C/SOSP.GENERI RICAVO FISSO/AGGIO C/A,,1:1,
mapping_600087,600087,C/sosp.Oro Investimento-rev. Charge,902.00301,C/SOSP.ORO INVESTIMENTO-REV.CHARGE,,1:1,
mapping_600088,600088,C/sosp.Oro Industriale-rev. Charge,902.00302,C/SOSP.ORO INDUSTRIALE-REV.CHARGE,,1:1,
mapping_600089,600089,C/sosp.Rottami-rev. Charge,902.00305,C/SOSP.ROTTAMI-REV.CHARGE,,1:1,
mapping_600090,600090,C/sosp.Metalli Ferrosi-rev. Charge,902.00306,C/SOSP.METALLI FERROSI-REV.CHARGE,,1:1,
mapping_600091,600091,C/sosp.Semil. non Ferrosi-rev. Charge,902.00307,C/SOSP.SEMIL.NON FERROSI-REV.CHARGE,,1:1,
mapping_600092,600092,C/sosp.Carta Macero-rev. Charge,902.00308,C/SOSP.CARTA MACERO-REV.CHARGE,,1:1,
mapping_600093,600093,C/sosp.Merci-rev. Charge,902.00309,C/SOSP.MERCI-REV.CHARGE,,1:1,
mapping_600094,600094,C/sosp.Componenti-rev. Charge,902.00310,C/SOSP.COMPONENTI-REV.CHARGE,,1:1,
mapping_600095,600095,C/sosp.Immobili-rev. Charge,902.00311,C/SOSP.IMMOBILI-REV.CHARGE,,1:1,
mapping_600096,600096,C/sosp.Materiali di Manutenzione,904.00001,C/SOSP.MATERIALI DI MANUTENZIONE,,1:1,
mapping_600097,600097,C/sosp.Materiale Pulizia,904.00002,C/SOSP.MATERIALE PULIZIA,,1:1,
mapping_600098,600098,C/sosp.Cancelleria,904.00004,C/SOSP.CANCELLERIA,,1:1,
mapping_600099,600099,C/sosp.Materiale Pubblicitario,904.00005,C/SOSP.MATERIALE PUBBLICITARIO,,1:1,
mapping_600100,600100,C/sosp.Indumenti di Lavoro,904.00007,C/SOSP.INDUMENTI DI LAVORO,,1:1,
mapping_600101,600101,C/sosp.Spese Accessorie su Acquisti,904.00009,C/SOSP.SPESE ACCESSORIE SU ACQUISTI,,1:1,
mapping_600102,600102,C/sosp.Altri Acquisti,904.00010,C/SOSP.ALTRI ACQUISTI,,1:1,
mapping_600103,600103,C/sosp.Acq. Presidi Medici,904.00011,C/SOSP. ACQ. PRESIDI MEDICI,,1:1,
mapping_600104,600104,"C/sosp.Acq. Beni Inf. a 516,46",904.00012,"C/SOSP. ACQ. BENI INF. A 516,46",,1:1,
mapping_600105,600105,"C/sosp.Acq. Beni Inf. 516,45 (50%)",904.00013,"C/SOSP. ACQ. BENI INF. 516,45 (50%)",,1:1,
mapping_600106,600106,"C/sosp.Acq. Beni Inf. 516,45 (80%)",904.00014,"C/SOSP. ACQ. BENI INF. 516,45 (80%)",,1:1,
mapping_600107,600107,C/sosp.Altri Acquisti-indeducibili,904.00199,C/SOSP.ALTRI ACQUISTI-INDEDUCIBILI,,1:1,
mapping_600108,600108,C/sosp.Beni Strum. Contr. Minimi,904.00500,C/SOSP.BENI STRUM.CONTR.MINIMI,,1:1,
mapping_600109,600109,C/sosp.Beni Strum. Contr. Min.(50%),904.00501,C/SOSP.BENI STRUM.CONTR.MIN.(50%),,1:1,
mapping_600110,600110,C/sosp.Riscaldamento,909.00001,C/SOSP.RISCALDAMENTO,,1:1,
mapping_600111,600111,C/sosp.Acqua,909.00002,C/SOSP.ACQUA,,1:1,
mapping_600112,600112,C/sosp.Energia Elettrica,909.00003,C/SOSP.ENERGIA ELETTRICA,,1:1,
mapping_600113,600113,C/sosp.Servizi di Pulizia,909.00004,C/SOSP.SERVIZI DI PULIZIA,,1:1,
mapping_600114,600114,C/sosp.Consul. Legali e Notarili,909.00005,C/SOSP.CONSUL.LEGALI E NOTARILI,,1:1,
mapping_600115,600115,C/sosp.Spese Postali,909.00006,C/SOSP.SPESE POSTALI,,1:1,
mapping_600116,600116,C/sosp.Servizio Smaltimento Rifiuti,909.00007,C/SOSP.SERVIZIO SMALTIMENTO RIFIUTI,,1:1,
mapping_600117,600117,C/sosp.Servizi Bancari,909.00008,C/SOSP.SERVIZI BANCARI,,1:1,
mapping_600118,600118,C/sosp.Assicur. non Obbligatorie,909.00009,C/SOSP.ASSICUR.NON OBBLIGATORIE,,1:1,
mapping_600119,600119,C/sosp.Spese Condominiali,909.00010,C/SOSP.SPESE CONDOMINIALI,,1:1,
mapping_600120,600120,C/sosp.Spese Condominiali (50%),909.00011,C/SOSP.SPESE CONDOMINIALI (50%),,1:1,
mapping_600121,600121,C/sosp.Vigilanza,909.00012,C/SOSP.VIGILANZA,,1:1,
mapping_600122,600122,C/sosp.Spese Telefoniche(80%),909.00013,C/SOSP.SPESE TELEFONICHE(80%),,1:1,
mapping_600123,600123,C/sosp.Cellulari (80%),909.00014,C/SOSP.CELLULARI (80%),,1:1,
mapping_600124,600124,C/sosp.Telefonia,909.00015,C/SOSP.TELEFONIA,,1:1,
mapping_600125,600125,C/sosp.Servizi Correlati a Ricavi,909.00016,C/SOSP.SERVIZI CORRELATI A RICAVI,,1:1,
mapping_600126,600126,C/sosp.Servizi Black List,909.00017,C/SOSP.SERVIZI BLACK LIST,,1:1,
mapping_600127,600127,C/sosp.Acqua (50%),909.00018,C/SOSP.ACQUA (50%),,1:1,
mapping_600128,600128,C/sosp.Energia Elettrica (50%),909.00019,C/SOSP.ENERGIA ELETTRICA (50%),,1:1,
mapping_600129,600129,C/sosp.Riscaldamento (50%),909.00020,C/SOSP.RISCALDAMENTO (50%),,1:1,
mapping_600130,600130,C/sosp.Lavorazioni di Terzi,909.00021,C/SOSP.LAVORAZIONI DI TERZI,,1:1,
mapping_600131,600131,C/sosp.Consulenze Tecniche,909.00022,C/SOSP.CONSULENZE TECNICHE,,1:1,
mapping_600132,600132,C/sosp.Consul. Fiscali-libri Paga,909.00023,C/SOSP.CONSUL.FISCALI-LIBRI PAGA,,1:1,
mapping_600133,600133,C/sosp.Serv. Smaltim. Rifiuti (50%),909.00024,C/SOSP.SERV.SMALTIM.RIFIUTI (50%),,1:1,
mapping_600134,600134,C/sosp.Vigilanza (50%),909.00025,C/SOSP.VIGILANZA (50%),,1:1,
mapping_600135,600135,C/sosp.Servizi di Pulizia (50%),909.00026,C/SOSP.SERVIZI DI PULIZIA (50%),,1:1,
mapping_600136,600136,C/sosp.Manut. Ordin. Fabb. non Strument,909.00031,C/SOSP.MANUT.ORDIN.FABB.NON STRUMENT,,1:1,
mapping_600137,600137,C/sosp.Manut. Straord. Fabb. non Strume,909.00032,C/SOSP.MANUT.STRAORD.FABB.NON STRUME,,1:1,
mapping_600138,600138,C/sosp.Costi Gestione Fabb. non Strum,909.00033,C/SOSP.COSTI GESTIONE FABB.NON STRUM,,1:1,
mapping_600139,600139,C/sosp.Altri Servizi,909.00041,C/SOSP.ALTRI SERVIZI,,1:1,
mapping_600140,600140,C/sosp.Prest. in Subapp. Rev. Charge,909.00061,C/SOSP.PREST.IN SUBAPP.REV.CHARGE,,1:1,
mapping_600141,600141,C/sosp.Serv. Edifici Sett. Edile Rev. C,909.00062,C/SOSP.SERV.EDIFICI SETT.EDILE REV.C,,1:1,
mapping_600142,600142,C/sosp.Servizi Edifici Rev. Charge,909.00063,C/SOSP.SERVIZI EDIFICI REV.CHARGE,,1:1,
mapping_600143,600143,C/sosp.Servizi Edifici Rev. Charge(50,909.00064,C/SOSP.SERVIZI EDIFICI REV.CHARGE(50,,1:1,
mapping_600144,600144,C/sosp.Altri Servizi Indeducibili,909.00199,C/SOSP.ALTRI SERVIZI INDEDUCIBILI,,1:1,
mapping_600145,600145,C/sosp.Collabo. Co. Co. Afferenti Attiv,911.00001,C/SOSP.COLLABO.CO.CO.AFFERENTI ATTIV,,1:1,
mapping_600146,600146,C/sosp.Contr. INPS Co. Co. Co. Affer. Att,911.00002,C/SOSP.CONTR.INPS CO.CO.CO.AFFER.ATT,,1:1,
mapping_600147,600147,C/sosp.Contr. INAIL Co. Co. Co. Affer. At,911.00003,C/SOSP.CONTR.INAIL CO.CO.CO.AFFER.AT,,1:1,
mapping_600148,600148,C/sosp.Premio INAIL C/titolare,911.00004,C/SOSP.PREMIO INAIL C/TITOLARE,,1:1,
mapping_600149,600149,C/sosp.Premio INAIL Socio Lavoratore,911.00005,C/SOSP.PREMIO INAIL SOCIO LAVORATORE,,1:1,
mapping_600150,600150,C/sosp.Collaboratori Voucher (OCCASI,911.00006,C/SOSP.COLLABORATORI VOUCHER (OCCASI,,1:1,
mapping_600151,600151,C/sosp.Contrib. INAIL Collab. Voucher,911.00007,C/SOSP.CONTRIB.INAIL COLLAB.VOUCHER,,1:1,
mapping_600152,600152,C/sosp.Contrib. INPS Collab. Voucher,911.00008,C/SOSP.CONTRIB.INPS COLLAB.VOUCHER,,1:1,
mapping_600153,600153,C/sosp.Collab. Co. Co. Dilettanti,911.00009,C/SOSP.COLLAB.CO.CO. DILETTANTI,,1:1,
mapping_600154,600154,C/sosp.Lav. Auton. Occas. Dilettanti,911.00010,C/SOSP.LAV.AUTON.OCCAS. DILETTANTI,,1:1,
mapping_600155,600155,C/sosp.Prestaz. Lav. Auton. Affer. Attiv,911.00011,C/SOSP.PRESTAZ.LAV.AUTON.AFFER.ATTIV,,1:1,
mapping_600156,600156,C/sosp.Utili Assoc. Partec. Lavoro,911.00021,C/SOSP.UTILI ASSOC.PARTEC.LAVORO,,1:1,
mapping_600157,600157,C/sosp.Prestaz. Lav. Occasion. Affer. At,911.00031,C/SOSP.PRESTAZ.LAV.OCCASION.AFFER.AT,,1:1,
mapping_600158,600158,C/sosp.Comp. Ammin. Profess-soci,911.00041,C/SOSP.COMP.AMMIN.PROFESS-SOCI,,1:1,
mapping_600159,600159,C/sosp.Comp. Ammin. Profess-non Soci,911.00044,C/SOSP.COMP.AMMIN.PROFESS-NON SOCI,,1:1,
mapping_600160,600160,C/sosp.Comp. Ammin. Co. Co. Co-soci,911.00046,C/SOSP.COMP.AMMIN.CO.CO.CO-SOCI,,1:1,
mapping_600161,600161,C/sosp.Comp. Ammin. Co. Co. Co-non Soci,911.00049,C/SOSP.COMP.AMMIN.CO.CO.CO-NON SOCI,,1:1,
mapping_600162,600162,C/sosp.Compensi Sindaci-revisori,911.00051,C/SOSP.COMPENSI SINDACI-REVISORI,,1:1,
mapping_600163,600163,C/sosp.Contr. INPS Ammin. Co. Co. Co-soc,911.00053,C/SOSP.CONTR.INPS AMMIN.CO.CO.CO-SOC,,1:1,
mapping_600164,600164,C/sosp.Contr. INAIL Ammin. Co. Co. Co-so,911.00054,C/SOSP.CONTR.INAIL AMMIN.CO.CO.CO-SO,,1:1,
mapping_600165,600165,C/sosp.Contr. INPS Ammin. Co. Co. Co-non,911.00055,C/SOSP.CONTR.INPS AMMIN.CO.CO.CO-NON,,1:1,
mapping_600166,600166,C/sosp.Contr. INAIL Ammin. Co. Co. Co-no,911.00056,C/SOSP.CONTR.INAIL AMMIN.CO.CO.CO-NO,,1:1,
mapping_600167,600167,C/sosp.Carburanti-lubrificanti,913.00001,C/SOSP.CARBURANTI-LUBRIFICANTI,,1:1,
mapping_600168,600168,C/sosp.Carburan. Lubr. non Assegnati,913.00002,C/SOSP.CARBURAN.LUBR.NON ASSEGNATI,,1:1,
mapping_600169,600169,C/sosp.Carburan-lubr. Assegnati,913.00003,C/SOSP.CARBURAN-LUBR.ASSEGNATI,,1:1,
mapping_600170,600170,C/sosp.Carburan-produz. Servizi,913.00004,C/SOSP.CARBURAN-PRODUZ.SERVIZI,,1:1,
mapping_600171,600171,C/sosp.Carburan. Lubr-indeducibili,913.00005,C/SOSP.CARBURAN.LUBR-INDEDUCIBILI,,1:1,
mapping_600172,600172,C/sosp.Carbu. Autotrazione Forfett.,913.00006,C/SOSP.CARBU.AUTOTRAZIONE FORFETT.,,1:1,
mapping_600173,600173,C/sosp.Carbu. Autotraz. Forfett. (50%),913.00007,C/SOSP.CARBU.AUTOTRAZ.FORFETT. (50%),,1:1,
mapping_600174,600174,C/sosp.Carburan-lubr. Agenti(80%),913.00009,C/SOSP.CARBURAN-LUBR.AGENTI(80%),,1:1,
mapping_600175,600175,C/sosp.Assicurazioni Rca,913.00011,C/SOSP.ASSICURAZIONI RCA,,1:1,
mapping_600176,600176,C/sosp.Assicuraz. Rca non Assegnata,913.00012,C/SOSP.ASSICURAZ.RCA NON ASSEGNATA,,1:1,
mapping_600177,600177,C/sosp.Assicuraz. Rca Assegnata,913.00013,C/SOSP.ASSICURAZ.RCA ASSEGNATA,,1:1,
mapping_600178,600178,C/sosp.Assicuraz. Rca-indeducibili,913.00015,C/SOSP.ASSICURAZ.RCA-INDEDUCIBILI,,1:1,
mapping_600179,600179,C/sosp.Assicuraz. Rca Agenti(80%),913.00019,C/SOSP.ASSICURAZ.RCA AGENTI(80%),,1:1,
mapping_600180,600180,C/sosp.Tasse Proprieta Autoveicoli,913.00021,C/SOSP.TASSE PROPRIETA AUTOVEICOLI,,1:1,
mapping_600181,600181,C/sosp.Tasse Prop. Auto non Assegnata,913.00022,C/SOSP.TASSE PROP.AUTO NON ASSEGNATA,,1:1,
mapping_600182,600182,C/sosp.Tasse Prop. Auto Assegnata,913.00023,C/SOSP.TASSE PROP.AUTO ASSEGNATA,,1:1,
mapping_600183,600183,C/sosp.Tasse Proprieta Auto-indeduc.,913.00025,C/SOSP.TASSE PROPRIETA AUTO-INDEDUC.,,1:1,
mapping_600184,600184,C/sosp.Tasse Propr. Auto Agenti(80%),913.00029,C/SOSP.TASSE PROPR.AUTO AGENTI(80%),,1:1,
mapping_600185,600185,C/sosp.Pedaggi Autostradali,913.00031,C/SOSP.PEDAGGI AUTOSTRADALI,,1:1,
mapping_600186,600186,C/sosp.Pedaggi Autost. non Assegnati,913.00032,C/SOSP.PEDAGGI AUTOST.NON ASSEGNATI,,1:1,
mapping_600187,600187,C/sosp.Pedaggi Autost. Assegnati,913.00033,C/SOSP.PEDAGGI AUTOST.ASSEGNATI,,1:1,
mapping_600188,600188,C/sosp.Pedaggi Autost-indeducibili,913.00035,C/SOSP.PEDAGGI AUTOST-INDEDUCIBILI,,1:1,
mapping_600189,600189,C/sosp.Pedaggi Autost. Agenti(80%),913.00039,C/SOSP.PEDAGGI AUTOST.AGENTI(80%),,1:1,
mapping_600190,600190,C/sosp.Altri Oneri Autoveicoli,913.00051,C/SOSP.ALTRI ONERI AUTOVEICOLI,,1:1,
mapping_600191,600191,C/sosp.Altri Oneri Auto non Assegnat,913.00052,C/SOSP.ALTRI ONERI AUTO NON ASSEGNAT,,1:1,
mapping_600192,600192,C/sosp.Altri Oneri Auto Assegnata,913.00053,C/SOSP.ALTRI ONERI AUTO ASSEGNATA,,1:1,
mapping_600193,600193,C/sosp.Altri Oneri Auto-indeducibili,913.00055,C/SOSP.ALTRI ONERI AUTO-INDEDUCIBILI,,1:1,
mapping_600194,600194,C/sosp.Altri Oneri Auto Agenti(80%),913.00059,C/SOSP.ALTRI ONERI AUTO AGENTI(80%),,1:1,
mapping_600195,600195,C/sosp.Canoni Leasing Autoveicoli,913.00071,C/SOSP.CANONI LEASING AUTOVEICOLI,,1:1,
mapping_600196,600196,C/sosp.Canoni Leasing Auto non Asseg,913.00072,C/SOSP.CANONI LEASING AUTO NON ASSEG,,1:1,
mapping_600197,600197,C/sosp.Canoni Leasing Auto Assegnata,913.00073,C/SOSP.CANONI LEASING AUTO ASSEGNATA,,1:1,
mapping_600198,600198,C/sosp.Canoni Leasing Auto-indeducib,913.00075,C/SOSP.CANONI LEASING AUTO-INDEDUCIB,,1:1,
mapping_600199,600199,C/sosp.Cano. Leasing Auto Agenti(80%),913.00079,C/SOSP.CANO.LEASING AUTO AGENTI(80%),,1:1,
mapping_600200,600200,C/sosp.Noleggio Veicoli,913.00091,C/SOSP.NOLEGGIO VEICOLI,,1:1,
mapping_600201,600201,C/sosp.Noleggio Auto non Assegnata,913.00092,C/SOSP.NOLEGGIO AUTO NON ASSEGNATA,,1:1,
mapping_600202,600202,C/sosp.Noleggio Auto Assegnata,913.00093,C/SOSP.NOLEGGIO AUTO ASSEGNATA,,1:1,
mapping_600203,600203,C/sosp.Noleggi Veicoli-indeducibili,913.00095,C/SOSP.NOLEGGI VEICOLI-INDEDUCIBILI,,1:1,
mapping_600204,600204,C/sosp.Noleggio Veicoli Agenti(80%),913.00099,C/SOSP.NOLEGGIO VEICOLI AGENTI(80%),,1:1,
mapping_600205,600205,C/sosp.Assic. non Obb. Auto non Assegn,913.00102,C/SOSP.ASSIC.NON OBB.AUTO NON ASSEGN,,1:1,
mapping_600206,600206,C/sosp.Assic. non Obb. Auto Assegnata,913.00103,C/SOSP.ASSIC.NON OBB.AUTO ASSEGNATA,,1:1,
mapping_600207,600207,C/sosp.Assic. non Obb. Auto-indeducib.,913.00105,C/SOSP.ASSIC.NON OBB.AUTO-INDEDUCIB.,,1:1,
mapping_600208,600208,C/sosp.Assic. non Obb. Autoveicoli,913.00107,C/SOSP.ASSIC.NON OBB.AUTOVEICOLI,,1:1,
mapping_600209,600209,C/sosp.Assic. non Obb. Auto Agenti(80%,913.00109,C/SOSP.ASSIC.NON OBB.AUTO AGENTI(80%,,1:1,
mapping_600210,600210,C/sosp.Inter. Finanziam. Veicoli,913.00130,C/SOSP.INTER. FINANZIAM.VEICOLI,,1:1,
mapping_600211,600211,C/sosp.Inter. Finanziam. Auto non Asse,913.00131,C/SOSP.INTER.FINANZIAM.AUTO NON ASSE,,1:1,
mapping_600212,600212,C/sosp.Inter. Finanziam. Auto Assegnat,913.00132,C/SOSP.INTER.FINANZIAM.AUTO ASSEGNAT,,1:1,
mapping_600213,600213,C/sosp.Inter. Finanziam. Auto-indeduc.,913.00133,C/SOSP.INTER.FINANZIAM.AUTO-INDEDUC.,,1:1,
mapping_600214,600214,C/sosp.Inter. Finanz. Auto Agenti(80%),913.00134,C/SOSP.INTER.FINANZ.AUTO AGENTI(80%),,1:1,
mapping_600215,600215,C/sosp.Manutenzione-riparazione Beni,914.00001,C/SOSP.MANUTENZIONE-RIPARAZIONE BENI,,1:1,
mapping_600216,600216,C/sosp.Manutenzione Autoveicoli,914.00011,C/SOSP.MANUTENZIONE AUTOVEICOLI,,1:1,
mapping_600217,600217,C/sosp.Manutenzioni non Assegnate,914.00014,C/SOSP.MANUTENZIONI NON ASSEGNATE,,1:1,
mapping_600218,600218,C/sosp.Manutenz. Auto-indeducibili,914.00015,C/SOSP.MANUTENZ.AUTO-INDEDUCIBILI,,1:1,
mapping_600219,600219,C/sosp.Manutenzioni Assegnate,914.00016,C/SOSP.MANUTENZIONI ASSEGNATE,,1:1,
mapping_600220,600220,C/sosp.Manutenz. Auto Agenti(80%),914.00021,C/SOSP.MANUTENZ.AUTO AGENTI(80%),,1:1,
mapping_600221,600221,C/sosp.Manutenzione Auto Autotraspor,914.00031,C/SOSP.MANUTENZIONE AUTO AUTOTRASPOR,,1:1,
mapping_600222,600222,C/sosp.Manutenz. Impian. Telef(80%),914.00041,C/SOSP.MANUTENZ.IMPIAN.TELEF(80%),,1:1,
mapping_600223,600223,C/sosp.Altre Manutenzioni-indeducibi,914.00051,C/SOSP.ALTRE MANUTENZIONI-INDEDUCIBI,,1:1,
mapping_600224,600224,C/sosp.Addestramento-formazione,915.00001,C/SOSP.ADDESTRAMENTO-FORMAZIONE,,1:1,
mapping_600225,600225,C/sosp.Trasporti su Vendite,915.00002,C/SOSP.TRASPORTI SU VENDITE,,1:1,
mapping_600226,600226,C/sosp.Trasporti su Acquisti,915.00003,C/SOSP.TRASPORTI SU ACQUISTI,,1:1,
mapping_600227,600227,C/sosp.Dazi su Acquisti,915.00005,C/SOSP.DAZI SU ACQUISTI,,1:1,
mapping_600228,600228,C/sosp.Oneri Dipend. Distaccati,915.00009,C/SOSP.ONERI DIPEND.DISTACCATI,,1:1,
mapping_600229,600229,C/sosp.Ricerca di Base,915.00010,C/SOSP.RICERCA DI BASE,,1:1,
mapping_600230,600230,C/sosp.Manutenz. Ripar. Beni di Terzi,915.00021,C/SOSP.MANUTENZ.RIPAR.BENI DI TERZI,,1:1,
mapping_600231,600231,C/sosp.Manutenz. Periodiche-contratto,915.00023,C/SOSP.MANUTENZ.PERIODICHE-CONTRATTO,,1:1,
mapping_600232,600232,C/sosp.Manutenz. Auto Assegn. di Terzi,915.00024,C/SOSP.MANUTENZ.AUTO ASSEGN.DI TERZI,,1:1,
mapping_600233,600233,C/sosp.Manut. Auto non Assegn. di Terz,915.00025,C/SOSP.MANUT.AUTO NON ASSEGN.DI TERZ,,1:1,
mapping_600234,600234,C/sosp.Manutenz. Auto Agenti di Terzi,915.00026,C/SOSP.MANUTENZ.AUTO AGENTI DI TERZI,,1:1,
mapping_600235,600235,C/sosp.Rappresentanza,915.00027,C/SOSP.RAPPRESENTANZA,,1:1,
mapping_600236,600236,C/sosp.Rappresentanza-indeducibili,915.00028,C/SOSP.RAPPRESENTANZA-INDEDUCIBILI,,1:1,
mapping_600237,600237,C/sosp.Rappresentanza(75%),915.00029,C/SOSP.RAPPRESENTANZA(75%),,1:1,
mapping_600238,600238,C/sosp.Vitto-alloggio-art.95-comma3,915.00032,C/SOSP.VITTO-ALLOGGIO-Art.95-Comma3,,1:1,
mapping_600239,600239,C/sosp.Vitto-alloggio-inded. Art.95-c,915.00033,C/SOSP.VITTO-ALLOGGIO-INDED.Art.95-C,,1:1,
mapping_600240,600240,C/sosp.Viaggi-bigl. Aerei-ferr-taxi,915.00034,C/SOSP.VIAGGI-BIGL.AEREI-FERR-TAXI,,1:1,
mapping_600241,600241,C/sosp.Rimborsi Pie Lista,915.00035,C/SOSP.RIMBORSI PIE LISTA,,1:1,
mapping_600242,600242,C/sosp.Altre Spese Documentate,915.00036,C/SOSP.ALTRE SPESE DOCUMENTATE,,1:1,
mapping_600243,600243,C/sosp.Rimb. Pie Lista-indeducibili,915.00037,C/SOSP.RIMB.PIE LISTA-INDEDUCIBILI,,1:1,
mapping_600244,600244,C/sosp.Rimb. Chilom-art.95-comma3,915.00038,C/SOSP.RIMB.CHILOM-Art.95-Comma3,,1:1,
mapping_600245,600245,C/sosp.Rimb. Chilom-inded. Art.95-comm,915.00039,C/SOSP.RIMB.CHILOM-INDED.Art.95-Comm,,1:1,
mapping_600246,600246,C/sosp.Pubblicita'(no Rateizzaz.),915.00040,C/SOSP.PUBBLICITA'(NO RATEIZZAZ.),,1:1,
mapping_600247,600247,C/sosp.Mostre e Fiere,915.00042,C/SOSP.MOSTRE E FIERE,,1:1,
mapping_600248,600248,C/sosp.Vitto-alloggio(75%),915.00045,C/SOSP.VITTO-ALLOGGIO(75%),,1:1,
mapping_600249,600249,C/sosp.Vitto-alloggio per Autonomi,915.00046,C/SOSP.VITTO-ALLOGGIO PER AUTONOMI,,1:1,
mapping_600250,600250,C/sosp.Provvigioni Intermediari,915.00051,C/SOSP.PROVVIGIONI INTERMEDIARI,,1:1,
mapping_600251,600251,C/sosp.Contributi Enasarco,915.00052,C/SOSP.CONTRIBUTI ENASARCO,,1:1,
mapping_600252,600252,C/sosp.Rimb. Pie Lista Soci Snc-sas(7,915.00061,C/SOSP.RIMB.PIE LISTA SOCI SNC-SAS(7,,1:1,
mapping_600253,600253,C/sosp.Rimb. Chilom. Soci Snc-sas,915.00062,C/SOSP.RIMB.CHILOM.SOCI SNC-SAS,,1:1,
mapping_600254,600254,C/sosp.Altri Serv. Presidi Medici,915.00063,C/SOSP. ALTRI SERV. PRESIDI MEDICI,,1:1,
mapping_600255,600255,C/sosp.Altri Servizi-indeducibili,915.00199,C/SOSP.ALTRI SERVIZI-INDEDUCIBILI,,1:1,
mapping_600256,600256,C/sosp.Errori non Ril. Costi Serv.,915.00200,C/SOSP. ERRORI NON RIL. COSTI SERV.,,1:1,
mapping_600257,600257,C/sosp.Manutenzioni Contrib. Minimi,915.00500,C/SOSP.MANUTENZIONI CONTRIB.MINIMI,,1:1,
mapping_600258,600258,C/sosp.Manutenz. Contrib. Minimi(50%),915.00501,C/SOSP.MANUTENZ.CONTRIB.MINIMI(50%),,1:1,
mapping_600259,600259,C/sosp.Fitti Passivi,917.00001,C/SOSP.FITTI PASSIVI,,1:1,
mapping_600260,600260,C/sosp.Noleggio Impianti-macchinari,917.00002,C/SOSP.NOLEGGIO IMPIANTI-MACCHINARI,,1:1,
mapping_600261,600261,C/sosp.Altri Noleggi,917.00003,C/SOSP.ALTRI NOLEGGI,,1:1,
mapping_600262,600262,C/sosp.Fitti Passivi(50%),917.00005,C/SOSP.FITTI PASSIVI(50%),,1:1,
mapping_600263,600263,C/sosp.Condominiali Affitto,917.00006,C/SOSP.CONDOMINIALI AFFITTO,,1:1,
mapping_600264,600264,C/sosp.Condominiali Affitto (50%),917.00007,C/SOSP.CONDOMINIALI AFFITTO (50%),,1:1,
mapping_600265,600265,C/sosp.Cano. Loc. Fin. Immob. Strum.,917.00009,C/SOSP.CANO.LOC.FIN.IMMOB.STRUM.,,1:1,
mapping_600266,600266,C/sosp.Cano. Loc. Nonfin. Immob. Strum.,917.00010,C/SOSP.CANO.LOC.NONFIN.IMMOB.STRUM.,,1:1,
mapping_600267,600267,C/sosp.Can. Loc. Finan. Beni Mobi. Strum,917.00011,C/SOSP.CAN.LOC.FINAN.BENI MOBI.STRUM,,1:1,
mapping_600268,600268,C/sosp.Cano. Loc. Nonfin. Beni Mobili S,917.00012,C/SOSP.CANO.LOC.NONFIN.BENI MOBILI S,,1:1,
mapping_600269,600269,C/sosp.Cano. Loc. Fin. Immob. Str(80%),917.00013,C/SOSP.CANO.LOC.FIN.IMMOB.STR(80%),,1:1,
mapping_600270,600270,C/sosp.Canon. Loc. non Fin. Immob. Strum,917.00014,C/SOSP.CANON.LOC.NON FIN.IMMOB.STRUM,,1:1,
mapping_600271,600271,C/sosp.Canoni Locazione Finan. Inded.,917.00015,C/SOSP.CANONI LOCAZIONE FINAN.INDED.,,1:1,
mapping_600272,600272,C/sosp.Cano. Loc. Fin. Immob. Str(70%),917.00016,C/SOSP.CANO.LOC.FIN.IMMOB.STR(70%),,1:1,
mapping_600273,600273,C/sosp.Cano. Loc. Nonfin. Immob. Str(70%,917.00017,C/SOSP.CANO.LOC.NONFIN.IMMOB.STR(70%,,1:1,
mapping_600274,600274,C/sosp.Noleggi Telefonia (80%),917.00018,C/SOSP.NOLEGGI TELEFONIA (80%),,1:1,
mapping_600275,600275,C/sosp.Noleggi Beni Mobili (50%),917.00019,C/SOSP. NOLEGGI BENI MOBILI (50%),,1:1,
mapping_600276,600276,"C/sosp.Royalties,dir. Autore Brev. Ese",917.00021,"C/SOSP.ROYALTIES,DIR.AUTORE BREV.ESE",,1:1,
mapping_600277,600277,C/sosp.Licenza Uso Software Eserciz.,917.00022,C/SOSP.LICENZA USO SOFTWARE ESERCIZ.,,1:1,
mapping_600278,600278,C/sosp.Altri Costi Godim. Beni Terzi,917.00023,C/SOSP.ALTRI COSTI GODIM.BENI TERZI,,1:1,
mapping_600279,600279,C/sosp.Utili Assoc. Partec. Privato,917.00024,C/SOSP.UTILI ASSOC.PARTEC.PRIVATO,,1:1,
mapping_600280,600280,C/sosp.Cano. Loc. Fin. Telef. (80%),917.00025,C/SOSP. CANO.LOC.FIN. TELEF. (80%),,1:1,
mapping_600281,600281,C/sosp.Cano. Loc. Fin. Beni Mob.(50%),917.00026,C/SOSP.CANO.LOC.FIN. BENI MOB.(50%),,1:1,
mapping_600282,600282,C/sosp.Godimento Beni Forfettari,917.00034,C/SOSP.GODIMENTO BENI FORFETTARI,,1:1,
mapping_600283,600283,C/sosp.Godimento Beni Forfett.(50%),917.00035,C/SOSP.GODIMENTO BENI FORFETT.(50%),,1:1,
mapping_600284,600284,C/sosp.Errori non Ril. C. di Terzi,917.00036,C/SOSP. ERRORI NON RIL. C. DI TERZI,,1:1,
mapping_600285,600285,C/sosp.Inter. Can. Leas. Telef.(80%),917.00037,C/SOSP. INTER.CAN.LEAS.TELEF.(80%),,1:1,
mapping_600286,600286,C/sosp.Inter Can. Leas Beni Mob.(50%),917.00038,C/SOSP.INTER CAN.LEAS BENI MOB.(50%),,1:1,
mapping_600287,600287,C/sosp.Salari-stipendi,920.00001,C/SOSP.SALARI-STIPENDI,,1:1,
mapping_600288,600288,C/sosp.Salari-stipendi Formaz. Lavoro,920.00002,C/SOSP.SALARI-STIPENDI FORMAZ.LAVORO,,1:1,
mapping_600289,600289,C/sosp.Salari-stipendi Appren.-disab,920.00003,C/SOSP.SALARI-STIPENDI APPREN.-DISAB,,1:1,
mapping_600290,600290,C/sosp.Salari-stipendi Ricerca-svilu,920.00004,C/SOSP.SALARI-STIPENDI RICERCA-SVILU,,1:1,
mapping_600291,600291,C/sosp.Salari e Stipendi Dilettanti,920.00005,C/SOSP. SALARI E STIPENDI DILETTANTI,,1:1,
mapping_600292,600292,C/sosp.Salari Tempo Determ.,920.00006,C/SOSP. SALARI TEMPO DETERM.,,1:1,
mapping_600293,600293,C/sosp.Sussidi Occasionali,920.00010,C/SOSP.SUSSIDI OCCASIONALI,,1:1,
mapping_600294,600294,C/sosp.Indenn. Trasferta Autotrasport,920.00011,C/SOSP.INDENN.TRASFERTA AUTOTRASPORT,,1:1,
mapping_600295,600295,C/sosp.Oneri Sociali INPS Determ.,920.00021,C/SOSP.ONERI SOCIALI INPS DETERM.,,1:1,
mapping_600296,600296,C/sosp.Oneri Soc. INPS Formaz.-lavoro,920.00022,C/SOSP.ONERI SOC.INPS FORMAZ.-LAVORO,,1:1,
mapping_600297,600297,C/sosp.Oneri Soc. INPS Appren.-disab.,920.00023,C/SOSP.ONERI SOC.INPS APPREN.-DISAB.,,1:1,
mapping_600298,600298,C/sosp.Oneri Soc. INPS Ricerca-svilup,920.00024,C/SOSP.ONERI SOC.INPS RICERCA-SVILUP,,1:1,
mapping_600299,600299,C/sosp.Oneri Soc. INPS Lav. Indeterm.,920.00025,C/SOSP.ONERI SOC. INPS LAV.INDETERM.,,1:1,
mapping_600300,600300,C/sosp.Oneri Sociali INAIL,920.00031,C/SOSP.ONERI SOCIALI INAIL,,1:1,
mapping_600301,600301,C/sosp.Oneri Soc. INAIL Formaz.-lavor,920.00032,C/SOSP.ONERI SOC.INAIL FORMAZ.-LAVOR,,1:1,
mapping_600302,600302,C/sosp.Oneri Soc. INAIL Appren.-disab,920.00033,C/SOSP.ONERI SOC.INAIL APPREN.-DISAB,,1:1,
mapping_600303,600303,C/sosp.Oneri Soc. INAIL Ricerca-svil.,920.00034,C/SOSP.ONERI SOC.INAIL RICERCA-SVIL.,,1:1,
mapping_600304,600304,C/sosp.Oneri Soc. INAIL Determ.,920.00036,C/SOSP. ONERI SOC. INAIL DETERM.,,1:1,
mapping_600305,600305,C/sosp.Altri Oneri Sociali,920.00041,C/SOSP.ALTRI ONERI SOCIALI,,1:1,
mapping_600306,600306,C/sosp.Altri Oneri Soc. Formaz.-lavor,920.00042,C/SOSP.ALTRI ONERI SOC.FORMAZ.-LAVOR,,1:1,
mapping_600307,600307,C/sosp.Altri Oneri Soc. Appren.-disab,920.00043,C/SOSP.ALTRI ONERI SOC.APPREN.-DISAB,,1:1,
mapping_600308,600308,C/sosp.Altri Oneri Soc. Ricerca-svil.,920.00044,C/SOSP.ALTRI ONERI SOC.RICERCA-SVIL.,,1:1,
mapping_600309,600309,C/sosp.Acc. TFR,920.00101,C/SOSP. ACC. TFR,,1:1,
mapping_600310,600310,C/sosp.TFR Licenziamenti Corso Anno,920.00105,C/SOSP.TFR LICENZIAMENTI CORSO ANNO,,1:1,
mapping_600311,600311,C/sosp.Acc. TFR Tempo Determ.,920.00108,C/SOSP. ACC. TFR TEMPO DETERM.,,1:1,
mapping_600312,600312,C/sosp.Altri Costi Personale,920.00201,C/SOSP.ALTRI COSTI PERSONALE,,1:1,
mapping_600313,600313,C/sosp.Altri Costi Pers. Formaz. Lavor,920.00202,C/SOSP.ALTRI COSTI PERS.FORMAZ.LAVOR,,1:1,
mapping_600314,600314,C/sosp.Altri Costi Pers. Apprend-disa,920.00203,C/SOSP.ALTRI COSTI PERS.APPREND-DISA,,1:1,
mapping_600315,600315,C/sosp.Altri Costi Pers. Ricerca-svil,920.00204,C/SOSP.ALTRI COSTI PERS.RICERCA-SVIL,,1:1,
mapping_600316,600316,C/sosp.Altri Costi Pers. Coop. Sociali,920.00205,C/SOSP.ALTRI COSTI PERS.COOP.SOCIALI,,1:1,
mapping_600317,600317,C/sosp.Errori non Ril. Costi Pers.,920.00206,C/SOSP. ERRORI NON RIL. COSTI PERS.,,1:1,
mapping_600318,600318,C/sosp.Imposta di Bollo,935.00001,C/SOSP. IMPOSTA DI BOLLO,,1:1,
mapping_600319,600319,C/sosp.Imposta di Fabbricazione,935.00002,C/SOSP. IMPOSTA DI FABBRICAZIONE,,1:1,
mapping_600320,600320,C/sosp.Imposta di Registro,935.00003,C/SOSP. IMPOSTA DI REGISTRO,,1:1,
mapping_600321,600321,C/sosp.Ipotecarie e Catastali,935.00004,C/SOSP. IPOTECARIE E CATASTALI,,1:1,
mapping_600322,600322,C/sosp.Invim,935.00005,C/SOSP. INVIM,,1:1,
mapping_600323,600323,C/sosp.Tassa Concessione Governativa,935.00006,C/SOSP.TASSA CONCESSIONE GOVERNATIVA,,1:1,
mapping_600324,600324,C/sosp.Tassa Concess. Governat(80%),935.00007,C/SOSP.TASSA CONCESS.GOVERNAT(80%),,1:1,
mapping_600325,600325,C/sosp.Tassa sui Rifiuti,935.00008,C/SOSP. TASSA SUI RIFIUTI,,1:1,
mapping_600326,600326,C/sosp.Diritti Camerali,935.00010,C/SOSP. DIRITTI CAMERALI,,1:1,
mapping_600327,600327,C/sosp.Altre Imposte Tasse,935.00011,C/SOSP.ALTRE IMPOSTE TASSE,,1:1,
mapping_600328,600328,C/sosp.Imposta su Immobili (INDEDUCI,935.00021,C/SOSP.IMPOSTA su IMMOBILI (INDEDUCI,,1:1,
mapping_600329,600329,C/sosp.Imposta Munic. Unica-imu-,935.00022,C/SOSP.IMPOSTA MUNIC.UNICA-IMU-,,1:1,
mapping_600330,600330,C/sosp.Altre Imposte Tasse-indeducib,935.00031,C/SOSP.ALTRE IMPOSTE TASSE-INDEDUCIB,,1:1,
mapping_600331,600331,C/sosp.Tassa Vidimazione Libri Socia,935.00041,C/SOSP.TASSA VIDIMAZIONE LIBRI SOCIA,,1:1,
mapping_600332,600332,C/sosp.Perdite su Crediti,937.00001,C/SOSP.PERDITE SU CREDITI,,1:1,
mapping_600333,600333,C/sosp.Utilizzo F.do Svalut. Crediti,937.00002,C/SOSP.UTILIZZO F.DO SVALUT.CREDITI,,1:1,
mapping_600334,600334,C/sosp.Contributi Sindacali Pagati,937.00005,C/SOSP.CONTRIBUTI SINDACALI PAGATI,,1:1,
mapping_600335,600335,C/sosp.Cancel. Abbon. Riv. Giorn.-libri,937.00007,C/SOSP.CANCEL.ABBON.RIV.GIORN.-LIBRI,,1:1,
mapping_600336,600336,C/sosp.Minusvalenze Ordinarie,937.00011,C/SOSP.MINUSVALENZE ORDINARIE,,1:1,
mapping_600337,600337,C/sosp.Soprav. Passive Ordinarie,937.00012,C/SOSP.SOPRAV.PASSIVE ORDINARIE,,1:1,
mapping_600338,600338,C/sosp.Omaggi Clienti Art. Prom.(<50€,937.00021,C/SOSP.OMAGGI CLIENTI ART.PROM.(<50€,,1:1,
mapping_600339,600339,C/sosp.Omaggi Clienti Rappres.(>50€),937.00022,C/SOSP.OMAGGI CLIENTI RAPPRES.(>50€),,1:1,
mapping_600340,600340,C/sosp.Abbuoni Arrotondam. Passivi,937.00023,C/SOSP.ABBUONI ARROTONDAM.PASSIVI,,1:1,
mapping_600341,600341,C/sosp.Sconti Passivi,937.00025,C/SOSP.SCONTI PASSIVI,,1:1,
mapping_600342,600342,C/sosp.Banche Dati,937.00026,C/SOSP.BANCHE DATI,,1:1,
mapping_600343,600343,C/sosp.Erogazioni Liberali,937.00027,C/SOSP.EROGAZIONI LIBERALI,,1:1,
mapping_600344,600344,C/sosp.Altri Oneri Gestione,937.00031,C/SOSP.ALTRI ONERI GESTIONE,,1:1,
mapping_600345,600345,C/sosp.Utili Assoc. Partec. Beni Propr,937.00032,C/SOSP.UTILI ASSOC.PARTEC.BENI PROPR,,1:1,
mapping_600346,600346,C/sosp.Minusval. Ordin. Indeducibili,937.00051,C/SOSP.MINUSVAL.ORDIN.INDEDUCIBILI,,1:1,
mapping_600347,600347,C/sosp.Oneri Inded. No IRAP Art.5,937.00063,C/SOSP.ONERI INDED.NO IRAP ART.5,,1:1,
mapping_600348,600348,C/sosp.Altri Oneri Gest-indeducibili,937.00199,C/SOSP.ALTRI ONERI GEST-INDEDUCIBILI,,1:1,
mapping_600349,600349,C/sosp.Contrib. Previd. Contr. Minimi,937.00200,C/SOSP.CONTRIB.PREVID.CONTR.MINIMI,,1:1,
mapping_600350,600350,C/sosp.Commiss. Disponibilita'fondi,940.00029,C/SOSP.COMMISS.DISPONIBILITA'FONDI,,1:1,
mapping_600351,600351,C/sosp.Commiss. Istruttoria Veloce,940.00030,C/SOSP.COMMISS.ISTRUTTORIA VELOCE,,1:1,
mapping_600352,600352,C/sosp.Commiss. Fidejussioni Bancarie,940.00031,C/SOSP.COMMISS.FIDEJUSSIONI BANCARIE,,1:1,
mapping_600353,600353,C/sosp.Commiss. Bancarie per Protesti,940.00032,C/SOSP.COMMISS.BANCARIE PER PROTESTI,,1:1,
mapping_600354,600354,C/sosp.Commiss. Massimo Scoperto,940.00033,C/SOSP.COMMISS.MASSIMO SCOPERTO,,1:1,
mapping_600355,600355,C/sosp.Commiss. Factoring,940.00034,C/SOSP.COMMISS.FACTORING,,1:1,
mapping_600356,600356,C/sosp.Commiss. Pos/carte Credito,940.00035,C/SOSP.COMMISS.POS/CARTE CREDITO,,1:1,
mapping_600357,600357,C/sosp.Commiss. Fidejussioni Assicur.,940.00036,C/SOSP.COMMISS.FIDEJUSSIONI ASSICUR.,,1:1,
mapping_600358,600358,C/sosp.Altri Oneri Bancari,940.00039,C/SOSP.ALTRI ONERI BANCARI,,1:1,
mapping_600359,600359,C/sosp.Utili Assoc. Partec. Capitale,940.00040,C/SOSP.UTILI ASSOC.PARTEC.CAPITALE,,1:1,
mapping_600360,600360,C/sosp.Interessi Passivi Dilettanti,940.00041,C/SOSP. INTERESSI PASSIVI DILETTANTI,,1:1,
mapping_600361,600361,C/sosp.Merci C/acq. Istituz. Sez. A),941.00001,C/SOSP. MERCI C/ACQ.ISTITUZ. SEZ.A),,1:1,
mapping_600362,600362,C/sosp.Mat. Consumo Istituz. Sez. A),941.00002,C/SOSP. MAT. CONSUMO ISTITUZ. SEZ.A),,1:1,
mapping_600363,600363,C/sosp.Cancelleria Istituz. Sez. A),941.00003,C/SOSP. CANCELLERIA ISTITUZ. SEZ.A),,1:1,
mapping_600364,600364,C/sosp.Costi Serv. Istituz. Sez. A),941.00004,C/SOSP. COSTI SERV. ISTITUZ. SEZ.A),,1:1,
mapping_600365,600365,C/sosp.Telefonia Istituz. Sez. A),941.00005,C/SOSP. TELEFONIA ISTITUZ. SEZ.A),,1:1,
mapping_600366,600366,C/sosp.Riscaldam. Istituz. Sez. A),941.00007,C/SOSP. RISCALDAM. ISTITUZ. SEZ.A),,1:1,
mapping_600367,600367,C/sosp.En. Elettrica Istituz. Sez. A),941.00008,C/SOSP. EN.ELETTRICA ISTITUZ. SEZ.A),,1:1,
mapping_600368,600368,C/sosp.Serv. Banc. Istituz. Sez. A),941.00009,C/SOSP. SERV. BANC.ISTITUZ. SEZ.A),,1:1,
mapping_600369,600369,C/sosp.Cons. Legali Istituz. Sez. A),941.00010,C/SOSP. CONS.LEGALI ISTITUZ. SEZ.A),,1:1,
mapping_600370,600370,C/sosp.Cons. Fiscali Istituz. Sez. A),941.00011,C/SOSP. CONS.FISCALI ISTITUZ. SEZ.A),,1:1,
mapping_600371,600371,C/sosp.Cons. Profess. Istituz. Sez. A),941.00012,C/SOSP. CONS.PROFESS.ISTITUZ. SEZ.A),,1:1,
mapping_600372,600372,C/sosp.Coll. Cococo Istituz. Sez. A),941.00013,C/SOSP. COLL.COCOCO ISTITUZ. SEZ.A),,1:1,
mapping_600373,600373,C/sosp.Col. INPS Cococo Ist. Sez. A),941.00014,C/SOSP. COL.INPS COCOCO IST. SEZ.A),,1:1,
mapping_600374,600374,C/sosp.Coll. INAIL Cococo Ist. Sez. a,941.00015,C/SOSP. COLL.INAIL COCOCO IST.SEZ.A,,1:1,
mapping_600375,600375,C/sosp.Man. Ripar. Istituz. Sez. A),941.00016,C/SOSP. MAN. RIPAR. ISTITUZ. SEZ.A),,1:1,
mapping_600376,600376,C/sosp.Viaggi-big-taxi Ist. Sez. A),941.00017,C/SOSP. VIAGGI-BIG-TAXI IST. SEZ.A),,1:1,
mapping_600377,600377,C/sosp.Ass. non Obbli. Istituz. Sez. A),941.00018,C/SOSP. ASS.NON OBBLI.ISTITUZ.SEZ.A),,1:1,
mapping_600378,600378,C/sosp.Godim. Beni Terzi Ist. Sez. A),941.00040,C/SOSP. GODIM. BENI TERZI IST.SEZ.A),,1:1,
mapping_600379,600379,C/sosp.Salari Stip. Istituz. Sez. A),941.00050,C/SOSP. SALARI STIP.ISTITUZ. SEZ.A),,1:1,
mapping_600380,600380,C/sosp.On. Soc. INPS Istituz. Sez. A),941.00051,C/SOSP. ON.SOC.INPS ISTITUZ. SEZ.A),,1:1,
mapping_600381,600381,C/sosp.On. Soc. INAIL Istituz. Sez. A),941.00052,C/SOSP. ON.SOC.INAIL ISTITUZ. SEZ.A),,1:1,
mapping_600382,600382,C/sosp.TFR Istituz. Sez. A),941.00054,C/SOSP. TFR ISTITUZ. SEZ.A),,1:1,
mapping_600383,600383,C/sosp.Altri Costi Pers. Ist. Sez. A),941.00055,C/SOSP. ALTRI COSTI PERS. IST.SEZ.A),,1:1,
mapping_600384,600384,C/sosp.Ammortamenti Istituz. Sez. A),941.00060,C/SOSP. AMMORTAMENTI ISTITUZ. SEZ.A),,1:1,
mapping_600385,600385,C/sosp.Sval. Immob. Istituz. Sez. A),941.00062,C/SOSP. SVAL. IMMOB. ISTITUZ. SEZ.A),,1:1,
mapping_600386,600386,C/sosp.Acc. Rischi Istituz. Sez. A),941.00065,C/SOSP. ACC.RISCHI ISTITUZ. SEZ.A),,1:1,
mapping_600387,600387,C/sosp.Oneri Div. Gest. Istit. Sez. A),941.00070,C/SOSP. ONERI DIV.GEST.ISTIT. SEZ.A),,1:1,
mapping_600388,600388,C/sosp.Rim. Iniz. Istituz. Sez. A),941.00200,C/SOSP. RIM. INIZ. ISTITUZ. SEZ.A),,1:1,
mapping_600389,600389,C/sosp.Mat. Prime C/acq. Sez. B),942.00001,C/SOSP. MAT.PRIME C/ACQ. SEZ. B),,1:1,
mapping_600390,600390,C/sosp.Mat. Sussid. C/acq. Sez. B),942.00002,C/SOSP. MAT.SUSSID. C/ACQ. SEZ. B),,1:1,
mapping_600391,600391,C/sosp.Mat. Consumo C/acq. Sez. B),942.00003,C/SOSP. MAT.CONSUMO C/ACQ. SEZ. B),,1:1,
mapping_600392,600392,C/sosp.Merci C/acquisti Sez. B),942.00004,C/SOSP. MERCI C/ACQUISTI SEZ. B),,1:1,
mapping_600393,600393,C/sosp.Acqua Sez. B),942.00015,C/SOSP. ACQUA SEZ. B),,1:1,
mapping_600394,600394,C/sosp.Gas e Riscaldam. Sez. B),942.00016,C/SOSP. GAS E RISCALDAM. SEZ. B),,1:1,
mapping_600395,600395,C/sosp.Energia Elettr. Sez. B),942.00017,C/SOSP. ENERGIA ELETTR. SEZ. B),,1:1,
mapping_600396,600396,C/sosp.Serv. Smal. Rifiuti Sez. B),942.00018,C/SOSP. SERV.SMAL.RIFIUTI SEZ. B),,1:1,
mapping_600397,600397,C/sosp.Ass. non Obbligatorie Sez. B),942.00019,C/SOSP. ASS. NON OBBLIGATORIE SEZ.B),,1:1,
mapping_600398,600398,C/sosp.Serv. Vigilanza Sez. B),942.00020,C/SOSP. SERV.VIGILANZA SEZ. B),,1:1,
mapping_600399,600399,C/sosp.Consul. Fiscali Sez. B),942.00021,C/SOSP. CONSUL. FISCALI SEZ. B),,1:1,
mapping_600400,600400,C/sosp.Consul. Tecniche Sez. B),942.00022,C/SOSP. CONSUL.TECNICHE SEZ. B),,1:1,
mapping_600401,600401,C/sosp.Altri Servizi Sez. B),942.00030,C/SOSP. ALTRI SERVIZI SEZ. B),,1:1,
mapping_600402,600402,C/sosp.Altri Serv. Inded. Sez. B),942.00031,C/SOSP. ALTRI SERV.INDED. SEZ. B),,1:1,
mapping_600403,600403,C/sosp.Spese Postali Sez. B),942.00035,C/SOSP. SPESE POSTALI SEZ. B),,1:1,
mapping_600404,600404,C/sosp.Man. Period.-contratto Sez. B),942.00040,C/SOSP. MAN.PERIOD.-CONTRATTO SEZ.B),,1:1,
mapping_600405,600405,C/sosp.Altre Sp. Documentate Sez. B),942.00041,C/SOSP. ALTRE SP.DOCUMENTATE SEZ. B),,1:1,
mapping_600406,600406,C/sosp.Collab. Cococo Dilet. Sez. B),942.00045,C/SOSP. COLLAB. COCOCO DILET. SEZ.B),,1:1,
mapping_600407,600407,C/sosp.Prest. Lav. Auton. Dilet. Sez. B,942.00046,C/SOSP. PREST.LAV.AUTON.DILET. SEZ.B,,1:1,
mapping_600408,600408,C/sosp.Comp. Sindaci Revisori Sez. B),942.00047,C/SOSP. COMP.SINDACI REVISORI SEZ.B),,1:1,
mapping_600409,600409,C/sosp.Coll. Cococo Aff. Att. Sez. B),942.00048,C/SOSP. COLL. COCOCO AFF.ATT. SEZ.B),,1:1,
mapping_600410,600410,C/sosp.Contr. INPS Coco Af. Att. Sez. B,942.00049,C/SOSP.CONTR.INPS COCO AF.ATT. SEZ.B,,1:1,
mapping_600411,600411,C/sosp.Contr. INAIL Coco Af. Att. Sez. B,942.00050,C/SOSP.CONTR.INAIL COCO AF.ATT.SEZ.B,,1:1,
mapping_600412,600412,C/sosp.Carb.-lubrific. Sez. B),942.00060,C/SOSP. CARB.-LUBRIFIC. SEZ. B),,1:1,
mapping_600413,600413,C/sosp.Assicuraz. Rca Sez. B),942.00061,C/SOSP. ASSICURAZ. RCA SEZ. B),,1:1,
mapping_600414,600414,C/sosp.Tassa Propr. Autoveic. Sez. B),942.00062,C/SOSP. TASSA PROPR.AUTOVEIC. SEZ.B),,1:1,
mapping_600415,600415,C/sosp.Pedaggi Autostr. Sez. B),942.00063,C/SOSP. PEDAGGI AUTOSTR. SEZ. B),,1:1,
mapping_600416,600416,C/sosp.Altri On. Autoveic. Sez. B),942.00064,C/SOSP. ALTRI ON.AUTOVEIC. SEZ. B),,1:1,
mapping_600417,600417,C/sosp.Noleggio Veicoli Sez. B),942.00075,C/SOSP. NOLEGGIO VEICOLI SEZ. B),,1:1,
mapping_600418,600418,C/sosp.Nol. Veicoli Inded. Sez. B),942.00076,C/SOSP. NOL. VEICOLI INDED. SEZ. B),,1:1,
mapping_600419,600419,C/sosp.Assic. non Obbl. Veic. Sez. B),942.00077,C/SOSP. ASSIC. NON OBBL.VEIC. SEZ.B),,1:1,
mapping_600420,600420,C/sosp.Fitti Passivi Sez. B),942.00085,C/SOSP. FITTI PASSIVI SEZ. B),,1:1,
mapping_600421,600421,C/sosp.Noleg. Imp.-macch. Sez. B),942.00086,C/SOSP. NOLEG. IMP.-MACCH. SEZ. B),,1:1,
mapping_600422,600422,C/sosp.Altri Noleggi Sez. B),942.00087,C/SOSP. ALTRI NOLEGGI SEZ. B),,1:1,
mapping_600423,600423,C/sosp.Noleg. Telef. (80%) Sez. B),942.00093,C/SOSP. NOLEG. TELEF. (80%) SEZ. B),,1:1,
mapping_600424,600424,C/sosp.Altri C. Godim. Terzi Sez. B),942.00094,C/SOSP. ALTRI C.GODIM.TERZI SEZ. B),,1:1,
mapping_600425,600425,C/sosp.Salari e Stipendi Sez. B),942.00120,C/SOSP. SALARI E STIPENDI SEZ. B),,1:1,
mapping_600426,600426,C/sosp.Sal. e Stip. Dilett. Sez. B),942.00121,C/SOSP. SAL. E STIP. DILETT. SEZ. B),,1:1,
mapping_600427,600427,C/sosp.On. Soc. INPS (sez. B),942.00123,C/SOSP. ON.SOC.INPS (SEZ.B),,1:1,
mapping_600428,600428,C/sosp.On. Soc. INAIL Sez. B),942.00124,C/SOSP. ON.SOC.INAIL SEZ. B),,1:1,
mapping_600429,600429,C/sosp.Altri On. Sociali Sez. B),942.00125,C/SOSP. ALTRI ON. SOCIALI SEZ. B),,1:1,
mapping_600430,600430,C/sosp.Altre Imp. e Tasse Sez. B),942.00171,C/SOSP. ALTRE IMP. E TASSE SEZ. B),,1:1,
mapping_600431,600431,C/sosp.Imp. e Tasse Inded- Sez. B),942.00172,C/SOSP. IMP. E TASSE INDED- SEZ. B),,1:1,
mapping_600432,600432,"C/sosp.Altri On,. Gestione Sez. B)",942.00185,"C/SOSP. ALTRI ON,.GESTIONE SEZ. B)",,1:1,
mapping_600433,600433,C/sosp.Altri On. Gest. Inded. Sez. B),942.00186,C/SOSP. ALTRI ON.GEST.INDED. SEZ. B),,1:1,
mapping_600434,600434,C/sosp.Racc. Fondi Abit. Sez. C),943.00001,C/SOSP. RACC.FONDI ABIT. SEZ.C),,1:1,
mapping_600435,600435,C/sosp.Costi Rac. Fondi Occ. Sez. C),943.00002,C/SOSP. COSTI RAC. FONDI OCC. SEZ.C),,1:1,
mapping_600436,600436,C/sosp.Altri On. Rac. Fondi Sez. C),943.00003,C/SOSP. ALTRI ON.RAC. FONDI SEZ. C),,1:1,
mapping_600437,600437,C/sosp.On. Fin. da Pat. Edil. Sez. D),944.00001,C/SOSP.ON.FIN. DA PAT.EDIL. SEZ. D),,1:1,
mapping_600438,600438,C/sosp.On. Fin. Al. Beni Patr. Sez. D),944.00002,C/SOSP. ON.FIN. AL.BENI PATR. SEZ.D),,1:1,
mapping_600439,600439,C/sosp.On. Fin. su Rap. Banc. Sez. D),944.00004,C/SOSP. ON.FIN. SU RAP. BANC. SEZ.D),,1:1,
mapping_600440,600440,C/sosp.On. Fin. su Prestiti Sez. D),944.00005,C/SOSP. ON.FIN. SU PRESTITI SEZ. D),,1:1,
mapping_600441,600441,C/sosp.Altri On. Fin. Vari Sez. D),944.00006,C/SOSP. ALTRI ON.FIN. VARI SEZ. D),,1:1,
mapping_600442,600442,C/sosp.Mat. Prime C/acq. Sez. E),945.00001,C/SOSP. MAT.PRIME C/ACQ. SEZ. E),,1:1,
mapping_600443,600443,C/sosp.Mat. Sussid. C/acq. Sez. E),945.00002,C/SOSP. MAT.SUSSID. C/ACQ. SEZ. E),,1:1,
mapping_600444,600444,C/sosp.Mat. Cons. C/acq. Sez. E),945.00003,C/SOSP. MAT. CONS. C/ACQ. SEZ. E),,1:1,
mapping_600445,600445,C/sosp.Merci C/acq. Sez. E),945.00004,C/SOSP. MERCI C/ACQ. SEZ. E),,1:1,
mapping_600446,600446,C/sosp.Altri Servizi Sez. E),945.00020,C/SOSP. ALTRI SERVIZI SEZ. E),,1:1,
mapping_600447,600447,C/sosp.Altri Serv. Inded. Sez. E),945.00028,C/SOSP. ALTRI SERV. INDED. SEZ. E),,1:1,
mapping_600448,600448,C/sosp.Coll. Aff. Att. A' Sez. E),945.00040,C/SOSP. COLL. AFF. ATT.A' SEZ. E),,1:1,
mapping_600449,600449,C/sosp.Altri C. Godim. Terzi Sez. E),945.00050,C/SOSP. ALTRI C.GODIM. TERZI SEZ. E),,1:1,
mapping_600450,600450,C/sosp.Altri C. Godim. Inded. Sez. E),945.00052,C/SOSP. ALTRI C.GODIM. INDED. SEZ.E),,1:1,
mapping_600451,600451,"C/sosp.Costi del Personale Sez, E)",945.00060,"C/SOSP. COSTI DEL PERSONALE SEZ, E)",,1:1,
mapping_600452,600452,C/sosp.Altri On. Gestione Sez. E),945.00090,C/SOSP. ALTRI ON. GESTIONE SEZ. E),,1:1,
mapping_600453,600453,C/sosp.Altri On. Gest. Inded. Sez. E),945.00092,C/SOSP. ALTRI ON.GEST.INDED. SEZ. E),,1:1,
mapping_600454,600454,C/sosp.Locaz. Immob. Strum. Promisc.50%,957.00001,C/SOSP.LOCAZ.IMMOB.STRUM.PROMISC.50%,,1:1,
mapping_600455,600455,C/sosp.Riscaldamen.-imm. Promisc.50%,957.00006,C/SOSP. RISCALDAMEN.-IMM.PROMISC.50%,,1:1,
mapping_600456,600456,C/sosp.Acqua-immob. Promisc.(50%),957.00011,C/SOSP.ACQUA-IMMOB.PROMISC.(50%),,1:1,
mapping_600457,600457,C/sosp.Altre Spese Immobile Strument,957.00016,C/SOSP.ALTRE SPESE IMMOBILE STRUMENT,,1:1,
mapping_600458,600458,C/sosp.Altre Spese Immob. Promis.50%,957.00021,C/SOSP.ALTRE SPESE IMMOB.PROMIS.50%,,1:1,
mapping_600459,600459,C/sosp.Leas. Immob. Strum. Ante 14/6/90,957.00026,C/SOSP.LEAS.IMMOB.STRUM.ante 14/6/90,,1:1,
mapping_600460,600460,C/sosp.Leas. Imm. Str. Ante14/6/90(50%),957.00031,C/SOSP.LEAS.IMM.STR.ante14/6/90(50%),,1:1,
mapping_600461,600461,C/sosp.Energia Elettrica(50%),957.00036,C/SOSP.ENERGIA ELETTRICA(50%),,1:1,
mapping_600462,600462,C/sosp.Manutenzione Immobili,958.00001,C/SOSP.MANUTENZIONE IMMOBILI,,1:1,
mapping_600463,600463,C/sosp.Ammodernamento Immobili,958.00002,C/SOSP.AMMODERNAMENTO IMMOBILI,,1:1,
mapping_600464,600464,C/sosp.Ristrutturazione Immobili,958.00003,C/SOSP.RISTRUTTURAZIONE IMMOBILI,,1:1,
mapping_600465,600465,C/sosp.Comp. a Terzi Prest. non Occas.,960.00001,C/SOSP.COMP.A TERZI PREST.NON OCCAS.,,1:1,
mapping_600466,600466,C/sosp.Costi Utiliz. Strutture Terzi,960.00002,C/SOSP.COSTI UTILIZ.STRUTTURE TERZI,,1:1,
mapping_600467,600467,C/sosp.Servizi Segreteria,960.00003,C/SOSP.SERVIZI SEGRETERIA,,1:1,
mapping_600468,600468,C/sosp.Compensi Lav. Autonomo Occas.,960.00004,C/SOSP.COMPENSI LAV.AUTONOMO OCCAS.,,1:1,
mapping_600469,600469,C/sosp.Pasti e Soggiorni,962.00001,C/SOSP.PASTI E SOGGIORNI,,1:1,
mapping_600470,600470,C/sosp.Pasti-sogg. Commit. per Prof,962.00002,C/SOSP.PASTI-SOGG.COMMIT.PER PROF,,1:1,
mapping_600471,600471,C/sosp.Rimb. Trasferte Profess. Assoc.,962.00003,C/SOSP.RIMB.TRASFERTE PROFESS.ASSOC.,,1:1,
mapping_600472,600472,C/sosp.Rimb. Chilometr. Profess. Assoc.,962.00004,C/SOSP.RIMB.CHILOMETR.PROFESS.ASSOC.,,1:1,
mapping_600473,600473,C/sosp.Rimb. Chilom. Prof. Assoc.(ind),962.00005,C/SOSP.RIMB.CHILOM.PROF.ASSOC.(IND),,1:1,
mapping_600474,600474,C/sosp.Vitto-alloggio(art.54 C.6),962.00006,C/SOSP.VITTO-ALLOGGIO(ART.54 c.6),,1:1,
mapping_600475,600475,C/sosp.Vitto-allogg. Ind.(art.54 C.6),962.00007,C/SOSP.VITTO-ALLOGG.IND.(ART.54 c.6),,1:1,
mapping_600476,600476,C/sosp.Spese Aggiorn. Prof.(50%),962.00008,C/SOSP. SPESE AGGIORN.PROF.(50%),,1:1,
mapping_600477,600477,C/sosp.Spese Antic. Nome-conto Client,962.00009,C/SOSP.SPESE ANTIC.NOME-CONTO CLIENT,,1:1,
mapping_600478,600478,C/sosp.Pasti-sogg. Aggior. Prof.(75%),962.00010,C/SOSP.PASTI-SOGG.AGGIOR.PROF.(75%),,1:1,
mapping_600479,600479,C/sosp.Rappresentanza-altre Spese,962.00011,C/SOSP. RAPPRESENTANZA-ALTRE SPESE,,1:1,
mapping_600480,600480,C/sosp.Rappresentanza(75%),962.00012,C/SOSP.RAPPRESENTANZA(75%),,1:1,
mapping_600481,600481,C/sosp.Assicurazioni Professionali,962.00021,C/SOSP.ASSICURAZIONI PROFESSIONALI,,1:1,
mapping_600482,600482,C/sosp.Spese Aggior.-manut. Software,962.00022,C/SOSP.SPESE AGGIOR.-MANUT.SOFTWARE,,1:1,
mapping_600483,600483,C/sosp.Contr. Annuale Iscriz. Ord. Prof,962.00023,C/SOSP.CONTR.ANNUALE ISCRIZ.ORD.PROF,,1:1,
mapping_600484,600484,C/sosp.Carb. Lubrif. Motocic. Ciclomot.,962.00024,C/SOSP.CARB.LUBRIF.MOTOCIC.CICLOMOT.,,1:1,
mapping_600485,600485,C/sosp.Manutenz. Telef. Mobile(80%),962.00025,C/SOSP.MANUTENZ.TELEF.MOBILE(80%),,1:1,
mapping_600486,600486,C/sosp.Manut.-ripar. Auto Profession.,962.00026,C/SOSP.MANUT.-RIPAR.AUTO PROFESSION.,,1:1,
mapping_600487,600487,C/sosp.Manut. Auto non Assegnate,962.00027,C/SOSP.MANUT.AUTO NON ASSEGNATE,,1:1,
mapping_600488,600488,C/sosp.Manut. Auto Assegnate,962.00028,C/SOSP.MANUT.AUTO ASSEGNATE,,1:1,
mapping_600489,600489,C/sosp.Manut.-ripar. Auto (50%),962.00029,C/SOSP.MANUT.-RIPAR.AUTO (50%),,1:1,
mapping_600490,600490,C/sosp.Utile Perdite su Cambi,962.00031,C/SOSP.UTILE PERDITE SU CAMBI,,1:1,
mapping_600491,600491,C/sosp.IVA su Acquisti,969.00001,C/SOSP.IVA SU ACQUISTI,,1:1,
mapping_600492,600492,C/sosp.IVA su Compensi,969.00002,C/SOSP.IVA SU COMPENSI,,1:1,
mapping_600493,600493,C/sosp.Ritenute Effettuate,969.00003,C/SOSP.RITENUTE EFFETTUATE,,1:1,
mapping_600494,600494,C/sosp.IVA Esigib. Diff su Vendite,969.00004,C/SOSP.IVA ESIGIB.DIFF SU VENDITE,,1:1,
mapping_600495,600495,C/sosp.Cassa Professionisti,969.00005,C/SOSP.CASSA PROFESSIONISTI,,1:1,
mapping_600496,600496,C/sosp.Debiti V/INPS (gest. Sep.),969.00006,C/SOSP.DEBITI vs INPS (GEST.SEP.),,1:1,
mapping_600497,600497,C/sosp.Contr. INPS Co. Co. Co. Afferenti,969.00007,C/SOSP.CONTR.INPS CO.CO.CO.AFFERENTI,,1:1,
mapping_600498,600498,C/sosp.Ritenute Subite,969.00008,C/SOSP.RITENUTE SUBITE,,1:1,
mapping_600499,600499,IVA a Esigibilita' Diff. su Acquisti,969.00010,IVA a ESIGIBILITA' DIFF. SU ACQUISTI,,1:1,
mapping_600500,600500,C/sosp.Titol. C/prelev. Ditte Individ.,969.00011,C/SOSP.TITOL.C/PRELEV.DITTE INDIVID.,,1:1,
mapping_600501,600501,Conto Automatismi Programma per Ps,969.00015,CONTO AUTOMATISMI PROGRAMMA PER PS,,1:1,
mapping_600502,600502,C/sosp.ENPAM C/contributi,969.00017,C/SOSP.ENPAM C/CONTRIBUTI,,1:1,
mapping_600503,600503,C/sosp.ENPALS C/contributi,969.00018,C/SOSP.ENPALS C/CONTRIBUTI,,1:1,
mapping_400001,400001,Beni di Terzi,001.00001,BENI DI TERZI,,1:1,
mapping_400002,400002,Beni di Terzi in Lavorazione,001.00002,BENI DI TERZI IN LAVORAZIONE,,1:1,
mapping_400003,400003,Beni di Terzi in Riparazione,001.00003,BENI DI TERZI IN RIPARAZIONE,,1:1,
mapping_400004,400004,Beni di Terzi in Prova,001.00004,BENI DI TERZI IN PROVA,,1:1,
mapping_400005,400005,Beni di Terzi in Garanzia,001.00005,BENI DI TERZI IN GARANZIA,,1:1,
mapping_400006,400006,Titoli di Terzi in Garanzia,001.00006,TITOLI DI TERZI IN GARANZIA,,1:1,
mapping_400007,400007,Titoli di Terzi in Custodia,001.00007,TITOLI DI TERZI IN CUSTODIA,,1:1,
mapping_400008,400008,Titoli di Terzi a Cauzione,001.00008,TITOLI DI TERZI A CAUZIONE,,1:1,
mapping_400009,400009,Ipoteche a Favore di Terzi,001.00009,IPOTECHE A FAVORE DI TERZI,,1:1,
mapping_400010,400010,Pegni a Favore di Terzi,001.00010,PEGNI A FAVORE DI TERZI,,1:1,
mapping_400011,400011,Depositari Beni,001.00011,DEPOSITARI BENI,,1:1,
mapping_400012,400012,Depositari Beni in Lavorazione,001.00012,DEPOSITARI BENI IN LAVORAZIONE,,1:1,
mapping_400013,400013,Depositari Beni in Riparazione,001.00013,DEPOSITARI BENI IN RIPARAZIONE,,1:1,
mapping_400014,400014,Depositari Beni in Prova,001.00014,DEPOSITARI BENI IN PROVA,,1:1,
mapping_400015,400015,Depositari Beni in Garanzia,001.00015,DEPOSITARI BENI IN GARANZIA,,1:1,
mapping_400016,400016,Depositari Titoli in Garanzia,001.00016,DEPOSITARI TITOLI IN GARANZIA,,1:1,
mapping_400017,400017,Depositari Titoli in Custodia,001.00017,DEPOSITARI TITOLI IN CUSTODIA,,1:1,
mapping_400018,400018,Depositari Titoli a Cauzione,001.00018,DEPOSITARI TITOLI A CAUZIONE,,1:1,
mapping_400019,400019,Fidejussioni Prestate a Terzi,001.00019,FIDEJUSSIONI PRESTATE A TERZI,,1:1,
mapping_400020,400020,Beni di Terzi a Noleggio,001.00021,BENI DI TERZI A NOLEGGIO,,1:1,
mapping_400021,400021,Beni di Terzi in Locazione,001.00022,BENI DI TERZI IN LOCAZIONE,,1:1,
mapping_400022,400022,Beni di Terzi in Affitto,001.00023,BENI DI TERZI IN AFFITTO,,1:1,
mapping_400023,400023,Beni di Terzi in Leasing,001.00024,BENI DI TERZI IN LEASING,,1:1,
mapping_400024,400024,Beni di Terzi in Comodato,001.00025,BENI DI TERZI IN COMODATO,,1:1,
mapping_400025,400025,Clienti C/beni a Noleggio,001.00031,CLIENTI C/BENI A NOLEGGIO,,1:1,
mapping_400026,400026,Clienti C/beni in Locazione,001.00032,CLIENTI C/BENI IN LOCAZIONE,,1:1,
mapping_400027,400027,Clienti C/beni in Affitto,001.00033,CLIENTI C/BENI IN AFFITTO,,1:1,
mapping_400028,400028,Clienti C/beni in Leasing,001.00034,CLIENTI C/BENI IN LEASING,,1:1,
mapping_400029,400029,Clienti C/beni in Comodato,001.00035,CLIENTI C/BENI IN COMODATO,,1:1,
mapping_400030,400030,Contratti di Leasing,001.00040,CONTRATTI DI LEASING,,1:1,
mapping_400031,400031,Beni da Ricevere,001.00041,BENI DA RICEVERE,,1:1,
mapping_400032,400032,Clienti C/impegni,001.00042,CLIENTI C/IMPEGNI,,1:1,
mapping_400033,400033,Titoli da Ricevere,001.00043,TITOLI DA RICEVERE,,1:1,
mapping_400034,400034,Debitori per Titoli da Ricevere,001.00044,DEBITORI PER TITOLI DA RICEVERE,,1:1,
mapping_400035,400035,Fidejussioni Ricevute da Terzi,001.00045,FIDEJUSSIONI RICEVUTE DA TERZI,,1:1,
mapping_400036,400036,Avalli Ricevuti da Terzi,001.00046,AVALLI RICEVUTI DA TERZI,,1:1,
mapping_400037,400037,Rischi per Effetti Scontati,001.00047,RISCHI PER EFFETTI SCONTATI,,1:1,
mapping_400038,400038,Compagnia di Assicurazione C/rischi,001.00048,COMPAGNIA DI ASSICURAZIONE C/RISCHI,,1:1,
mapping_400039,400039,Avalli Prestati a Terzi,001.00049,AVALLI PRESTATI A TERZI,,1:1,
mapping_400040,400040,Garanzie Personali Prest. a Terzi,001.00050,GARANZIE PERSONALI PREST. A TERZI,,1:1,
mapping_400041,400041,Beni di Terzi in Deposito,001.00051,BENI DI TERZI IN DEPOSITO,,1:1,
mapping_400042,400042,Depositanti Beni,001.00101,DEPOSITANTI BENI,,1:1,
mapping_400043,400043,Depositanti Beni in Lavorazione,001.00102,DEPOSITANTI BENI IN LAVORAZIONE,,1:1,
mapping_400044,400044,Depositanti Beni in Riparazione,001.00103,DEPOSITANTI BENI IN RIPARAZIONE,,1:1,
mapping_400045,400045,Depositanti Beni in Prova,001.00104,DEPOSITANTI BENI IN PROVA,,1:1,
mapping_400046,400046,Depositanti Beni in Garanzia,001.00105,DEPOSITANTI BENI IN GARANZIA,,1:1,
mapping_400047,400047,Depositanti Titoli in Garanzia,001.00106,DEPOSITANTI TITOLI IN GARANZIA,,1:1,
mapping_400048,400048,Depositanti Titoli in Custodia,001.00107,DEPOSITANTI TITOLI IN CUSTODIA,,1:1,
mapping_400049,400049,Depositanti Titoli a Cauzione,001.00108,DEPOSITANTI TITOLI A CAUZIONE,,1:1,
mapping_400050,400050,Beni Presso Terzi in Deposito,001.00111,BENI PRESSO TERZI IN DEPOSITO,,1:1,
mapping_400051,400051,Beni Presso Terzi in Lavorazione,001.00112,BENI PRESSO TERZI IN LAVORAZIONE,,1:1,
mapping_400052,400052,Beni Presso Terzi in Riparazone,001.00113,BENI PRESSO TERZI IN RIPARAZONE,,1:1,
mapping_400053,400053,Beni Presso Terzi in Prova,001.00114,BENI PRESSO TERZI IN PROVA,,1:1,
mapping_400054,400054,Beni Presso Terzi in Garanzia,001.00115,BENI PRESSO TERZI IN GARANZIA,,1:1,
mapping_400055,400055,Titoli Presso Terzi in Garanzia,001.00116,TITOLI PRESSO TERZI IN GARANZIA,,1:1,
mapping_400056,400056,Titoli Presso Terzi in Custodia,001.00117,TITOLI PRESSO TERZI IN CUSTODIA,,1:1,
mapping_400057,400057,Titoli Presso Terzi a Cauzione,001.00118,TITOLI PRESSO TERZI A CAUZIONE,,1:1,
mapping_400058,400058,Beni a Noleggio C/clienti,001.00121,BENI A NOLEGGIO C/CLIENTI,,1:1,
mapping_400059,400059,Beni in Locazione C/clienti,001.00122,BENI IN LOCAZIONE C/CLIENTI,,1:1,
mapping_400060,400060,Beni in Affitto C/clienti,001.00123,BENI IN AFFITTO C/CLIENTI,,1:1,
mapping_400061,400061,Beni in Leasing C/clienti,001.00124,BENI IN LEASING C/CLIENTI,,1:1,
mapping_400062,400062,Beni in Comodato C/clienti,001.00125,BENI IN COMODATO C/CLIENTI,,1:1,
mapping_400063,400063,Locatori C/leasing,001.00126,LOCATORI C/LEASING,,1:1,
mapping_400064,400064,Beni Presso Terzi a Noleggio,001.00131,BENI PRESSO TERZI A NOLEGGIO,,1:1,
mapping_400065,400065,Beni Presso Terzi in Locazione,001.00132,BENI PRESSO TERZI IN LOCAZIONE,,1:1,
mapping_400066,400066,Beni Presso Terzi in Affitto,001.00133,BENI PRESSO TERZI IN AFFITTO,,1:1,
mapping_400067,400067,Beni Presso Terzi in Leasing,001.00134,BENI PRESSO TERZI IN LEASING,,1:1,
mapping_400068,400068,Beni Presso Terzi in Comodato,001.00135,BENI PRESSO TERZI IN COMODATO,,1:1,
mapping_400069,400069,Fornitori C/impegni,001.00141,FORNITORI C/IMPEGNI,,1:1,
mapping_400070,400070,Beni da Consegnare,001.00142,BENI DA CONSEGNARE,,1:1,
mapping_400071,400071,Creditori per Titoli da Consegnare,001.00143,CREDITORI PER TITOLI DA CONSEGNARE,,1:1,
mapping_400072,400072,Titoli da Consegnare,001.00144,TITOLI DA CONSEGNARE,,1:1,
mapping_400073,400073,Creditori per Fidejussioni,001.00145,CREDITORI PER FIDEJUSSIONI,,1:1,
mapping_400074,400074,Creditori per Avalli,001.00146,CREDITORI PER AVALLI,,1:1,
mapping_400075,400075,Banche per Effetti Scontati,001.00147,BANCHE PER EFFETTI SCONTATI,,1:1,
mapping_400076,400076,Rischi Trasferiti a Terzi,001.00148,RISCHI TRASFERITI A TERZI,,1:1,
mapping_400077,400077,Bilancio di Chiusura,010.00001,BILANCIO DI CHIUSURA,,1:1,
mapping_400078,400078,Bilancio di Apertura,010.00002,BILANCIO DI APERTURA,,1:1,
mapping_400079,400079,Controp. Bilanciamento-semplificate,010.00010,CONTROP.BILANCIAMENTO-SEMPLIFICATE,,1:1,
mapping_400080,400080,Conto Riserv. Automatismi Programma,010.00015,CONTO RISERV. AUTOMATISMI PROGRAMMA,,1:1,
mapping_400081,400081,Manutenzioni da Ammortizzare,010.00020,MANUTENZIONI DA AMMORTIZZARE,,1:1,
mapping_400082,400082,C/sosp.Prodotti Finiti C/vendite,011.00001,C/SOSP.PRODOTTI FINITI C/VENDITE,,1:1,
mapping_400083,400083,C/sosp.Merci C/vendite,011.00011,C/SOSP.MERCI C/VENDITE,,1:1,
mapping_400084,400084,C/sosp.Imballaggi C/vendite,011.00021,C/SOSP.IMBALLAGGI C/VENDITE,,1:1,
mapping_400085,400085,C/sosp.Materie Prime/semil. C/vendite,011.00031,C/SOSP.MATERIE PRIME/SEMIL.C/VENDITE,,1:1,
mapping_400086,400086,C/sosp.Altri Ricavi delle Vendite,011.00051,C/SOSP.ALTRI RICAVI DELLE VENDITE,,1:1,
mapping_400087,400087,C/sosp.Passaggi Interni Beni,011.00061,C/SOSP.PASSAGGI INTERNI BENI,,1:1,
mapping_400088,400088,C/sosp.Rimborsi Spese Beni(imballi),011.00062,C/SOSP.RIMBORSI SPESE BENI(IMBALLI),,1:1,
mapping_400089,400089,C/sosp.Merci C/vendite Forfettari,011.00063,C/SOSP.MERCI C/VENDITE FORFETTARI,,1:1,
mapping_400090,400090,C/sosp.Ricavi Vendite non Imp.,011.00064,C/SOSP. RICAVI VENDITE NON IMP.,,1:1,
mapping_400091,400091,C/sosp.Merci C/vendite Dpi,011.00066,C/SOSP. MERCI C/VENDITE DPI,,1:1,
mapping_400092,400092,C/sosp.Ricavi Prestazioni Servizi,013.00001,C/SOSP.RICAVI PRESTAZIONI SERVIZI,,1:1,
mapping_400093,400093,C/sosp.Lavorazioni C/terzi,013.00011,C/SOSP.LAVORAZIONI C/TERZI,,1:1,
mapping_400094,400094,C/sosp.Provvigioni Attive,013.00021,C/SOSP.PROVVIGIONI ATTIVE,,1:1,
mapping_400095,400095,C/sosp.Altri Ricavi delle Prestazion,013.00031,C/SOSP.ALTRI RICAVI DELLE PRESTAZION,,1:1,
mapping_400096,400096,C/sosp.Passaggi Interni Servizi,013.00041,C/SOSP.PASSAGGI INTERNI SERVIZI,,1:1,
mapping_400097,400097,C/sosp.Rimborsi Spese Servizi(trasp.,013.00042,C/SOSP.RIMBORSI SPESE SERVIZI(TRASP.,,1:1,
mapping_400098,400098,C/sosp.Ricavi Servizi Forfett.,013.00043,C/SOSP. RICAVI SERVIZI FORFETT.,,1:1,
mapping_400099,400099,C/sosp.Altre Prestaz. non Imponib.,013.00044,C/SOSP. ALTRE PRESTAZ. NON IMPONIB.,,1:1,
mapping_400100,400100,C/sosp.Resi su Vendite,015.00001,C/SOSP.RESI SU VENDITE,,1:1,
mapping_400101,400101,C/sosp.Sconti su Vendite,015.00002,C/SOSP.SCONTI SU VENDITE,,1:1,
mapping_400102,400102,C/sosp.Abbuoni su Vendite,015.00003,C/SOSP.ABBUONI SU VENDITE,,1:1,
mapping_400103,400103,C/sosp.Premi su Vendite,015.00004,C/SOSP.PREMI SU VENDITE,,1:1,
mapping_400104,400104,C/sosp.Ricavi Generi a Ricavo Fisso/,018.00001,C/SOSP.RICAVI GENERI A RICAVO FISSO/,,1:1,
mapping_400105,400105,C/sosp.Fitti Attivi Fabb. Strum. Soc. i,018.00002,C/SOSP.FITTI ATTIVI FABB.STRUM.SOC.I,,1:1,
mapping_400106,400106,C/sosp.Fitti Attivi Fabb. non Strum. S,018.00003,C/SOSP.FITTI ATTIVI FABB.NON STRUM.S,,1:1,
mapping_400107,400107,C/sosp.Fitti Attivi Terreni Soc. Immo,018.00004,C/SOSP.FITTI ATTIVI TERRENI SOC.IMMO,,1:1,
mapping_400108,400108,C/sosp.Fitti Attivi Fabb. Civili Soc.,018.00005,C/SOSP.FITTI ATTIVI FABB.CIVILI SOC.,,1:1,
mapping_400109,400109,C/sosp.Fitto Ramo Azienda Gest. Carat,018.00006,C/SOSP.FITTO RAMO AZIENDA GEST.CARAT,,1:1,
mapping_400110,400110,C/sosp.Canoni Attivi,020.00001,C/SOSP.CANONI ATTIVI,,1:1,
mapping_400111,400111,C/sosp.Omaggi da Fornitori,020.00002,C/SOSP.OMAGGI DA FORNITORI,,1:1,
mapping_400112,400112,C/sosp.Proventi per Liberalita',020.00003,C/SOSP.PROVENTI PER LIBERALITA',,1:1,
mapping_400113,400113,"C/sosp.Proventi Royalties,marchi,ecc",020.00004,"C/SOSP.PROVENTI ROYALTIES,MARCHI,ECC",,1:1,
mapping_400114,400114,C/sosp.Abbuoni/arroton. Attivi,020.00005,C/SOSP.ABBUONI/ARROTON.ATTIVI,,1:1,
mapping_400115,400115,C/sosp.Rimborsi Spese,020.00006,C/SOSP.RIMBORSI SPESE,,1:1,
mapping_400116,400116,C/sosp.Altri Ricavi e Proventi Vari,020.00007,C/SOSP.ALTRI RICAVI E PROVENTI VARI,,1:1,
mapping_400117,400117,C/sosp.Affitti Attivi D'azienda,020.00008,C/SOSP.AFFITTI ATTIVI D'AZIENDA,,1:1,
mapping_400118,400118,C/sosp.Arroton. su Convers. Valute,020.00009,C/SOSP.ARROTON.SU CONVERS.VALUTE,,1:1,
mapping_400119,400119,C/sosp.Fitti Attivi Fabb. Strumentali,020.00011,C/SOSP.FITTI ATTIVI FABB.STRUMENTALI,,1:1,
mapping_400120,400120,C/sosp.Fitti Attivi Fabb. non Strum.,020.00012,C/SOSP.FITTI ATTIVI FABB.NON STRUM.,,1:1,
mapping_400121,400121,C/sosp.Fitti Attivi Terreni,020.00013,C/SOSP.FITTI ATTIVI TERRENI,,1:1,
mapping_400122,400122,C/sosp.Errori non Ril. Ricavi,020.00015,C/SOSP. ERRORI NON RIL. RICAVI,,1:1,
mapping_400123,400123,C/sosp.Contrib. Covid No Ires/IRAP,020.00020,C/SOSP. CONTRIB. COVID NO IRES/IRAP,,1:1,
mapping_400124,400124,C/sosp.Contributo Covid,020.00021,C/SOSP. CONTRIBUTO COVID,,1:1,
mapping_400125,400125,C/sosp.Contrib. Cr. Imposta No Imp.,020.00022,C/SOSP. CONTRIB. CR.IMPOSTA NO IMP.,,1:1,
mapping_400126,400126,C/sosp.Rimb. Spese Addebitate Clienti,020.00050,C/SOSP.RIMB.SPESE ADDEBITATE CLIENTI,,1:1,
mapping_400127,400127,C/sosp.Rimb. Spese Trasporto Addeb. Cl,020.00051,C/SOSP.RIMB.SPESE TRASPORTO ADDEB.CL,,1:1,
mapping_400128,400128,C/sosp.Rimb. Spese Bancarie Addeb. Cli,020.00052,C/SOSP.RIMB.SPESE BANCARIE ADDEB.CLI,,1:1,
mapping_400129,400129,C/sosp.Rimb. Spese Bolli Addeb. Client,020.00053,C/SOSP.RIMB.SPESE BOLLI ADDEB.CLIENT,,1:1,
mapping_400130,400130,C/sosp.Quote Associative Sez. A),025.00001,C/SOSP. QUOTE ASSOCIATIVE SEZ. A),,1:1,
mapping_400131,400131,C/sosp.Ricavi App. Fondatori Sez. A),025.00002,C/SOSP. RICAVI APP. FONDATORI SEZ.A),,1:1,
mapping_400132,400132,C/sosp.Prov. Asso. Att. Mut. Sez. A),025.00003,C/SOSP. PROV. ASSO. ATT. MUT. SEZ.A),,1:1,
mapping_400133,400133,C/sosp.Ric. Servizi Assoc. Sez. A),025.00004,C/SOSP. RIC. SERVIZI ASSOC. SEZ. A),,1:1,
mapping_400134,400134,C/sosp.Ric. Serv. Fondat. Sez. A),025.00005,C/SOSP. RIC. SERV. FONDAT. SEZ. A),,1:1,
mapping_400135,400135,C/sosp.Merci C/vend. Assoc. Sez. A),025.00006,C/SOSP. MERCI C/VEND. ASSOC. SEZ.A),,1:1,
mapping_400136,400136,C/sosp.Merci C/vend. Fond. Sez. A),025.00007,C/SOSP. MERCI C/VEND. FOND. SEZ. A),,1:1,
mapping_400137,400137,C/sosp.Ric. Erog. Lib Sez. A),025.00008,C/SOSP. RIC. EROG. LIB SEZ. A),,1:1,
mapping_400138,400138,C/sosp.Prov. 5 per Mille Sez. A),025.00009,C/SOSP. PROV. 5 PER MILLE SEZ. A),,1:1,
mapping_400139,400139,C/sosp.Contr. Sogg. Priv. Sez. A),025.00010,C/SOSP. CONTR.SOGG. PRIV. SEZ.A),,1:1,
mapping_400140,400140,C/sosp.Contr. Enti Pubb. Sez. A),025.00011,C/SOSP. CONTR. ENTI PUBB. SEZ. A),,1:1,
mapping_400141,400141,C/sosp.Prov. Contr. da En. Pubb. Sez. A),025.00012,C/SOSP.PROV.CONTR.DA EN.PUBB. SEZ.A),,1:1,
mapping_400142,400142,C/sosp.Altri Ric. e Pro. Gen. Sez. A),025.00013,C/SOSP. ALTRI RIC. E PRO.GEN. SEZ.A),,1:1,
mapping_400143,400143,C/sosp.Ric. Serv. a Terzi Sez. A),025.00015,C/SOSP. RIC. SERV. A TERZI SEZ. A),,1:1,
mapping_400144,400144,C/sosp.Merci C/vend a Terzi Sez. A),025.00016,C/SOSP. MERCI C/VEND A TERZI SEZ. A),,1:1,
mapping_400145,400145,C/sosp.Ric. Ass. Fondat. Sez. B),026.00001,C/SOSP. RIC. ASS. FONDAT. SEZ. B),,1:1,
mapping_400146,400146,C/sosp.Mer. C/vend. Ass. Fond. Sez. B,026.00002,C/SOSP. MER. C/VEND. ASS.FOND. SEZ.B,,1:1,
mapping_400147,400147,C/sosp.Contr. da Sogg. Priv. Sez. B),026.00003,C/SOSP. CONTR. DA SOGG.PRIV. SEZ. B),,1:1,
mapping_400148,400148,C/sosp.Ric. Serv. a Terzi Sez. B),026.00004,C/SOSP. RIC. SERV. A TERZI SEZ. B),,1:1,
mapping_400149,400149,C/sosp.Contr. da En. Pubb. Sez. B),026.00005,C/SOSP. CONTR. DA EN.PUBB. SEZ. B),,1:1,
mapping_400150,400150,C/sosp.Prov. da Cont. En. Pub. Sez. B,026.00006,C/SOSP. PROV. DA CONT. EN.PUB. SEZ.B,,1:1,
mapping_400151,400151,C/sosp.M. C/vendite da Terzi Sez. B),026.00007,C/SOSP. M. C/VENDITE DA TERZI SEZ.B),,1:1,
mapping_400152,400152,C/sosp.Altri Ric. e Prov. Sez. B),026.00008,C/SOSP. ALTRI RIC. E PROV. SEZ. B),,1:1,
mapping_400153,400153,C/sosp.Prov. Racc. Fondi Abit. Sez. C),027.00001,C/SOSP. PROV.RACC.FONDI ABIT. SEZ.C),,1:1,
mapping_400154,400154,C/sosp.Prov. Racc. Fondi Occ. Sez. C),027.00002,C/SOSP.PROV. RACC. FONDI OCC. SEZ.C),,1:1,
mapping_400155,400155,C/sosp.Altri Prov. Racc. Fdi Sez. C),027.00003,C/SOSP. ALTRI PROV. RACC. FDI SEZ.C),,1:1,
mapping_400156,400156,C/sosp.Prov. Fin. Patr. Edil. Sez. D),028.00001,C/SOSP.PROV.FIN. PATR.EDIL. SEZ.D),,1:1,
mapping_400157,400157,C/sosp.Pro. Fin. Al. Beni Pat. Sez. D),028.00002,C/SOSP.PRO.FIN. AL.BENI PAT. SEZ.D),,1:1,
mapping_400158,400158,C/sosp.Al. Prov. Fin. Racc. Fdi Sez. D),028.00003,C/SOSP.AL.PROV.FIN. RACC. FDI SEZ.D),,1:1,
mapping_400159,400159,C/sosp.Prov. Fin. da Rapp. Banc. Sez. D),028.00004,C/SOSP.PROV.FIN.DA RAPP.BANC. SEZ.D),,1:1,
mapping_400160,400160,C/sosp.Prov. Fin. da Al. Inves. Sez. D),028.00005,C/SOSP.PROV.FIN. DA AL.INVES. SEZ.D),,1:1,
mapping_400161,400161,C/sosp.Prov. Dist. Pers. Sez. E),029.00001,C/SOSP. PROV. DIST.PERS. SEZ. E),,1:1,
mapping_400162,400162,C/sosp.Al. Prov. Supp. Gener. Sez. E),029.00002,C/SOSP. AL.PROV. SUPP. GENER. SEZ.E),,1:1,
