id,code,name,account_type,reconcile,l10n_it_pdcodm_cee_code,l10n_it_pdcodm_ires_deductibility,l10n_it_pdcodm_irap_deductibility,l10n_it_pdcodm_regime,l10n_it_pdcodm_origin,tag_ids
account_100001,100001,Soci C/sottoscrizione,asset_current,False,AA,0,0,"azienda_ordinaria,professionista,forfetario,semplificata",standard,
account_100002,100002,Associati C/sottoscrizione,asset_current,False,AA,0,0,"azienda_ordinaria,professionista,forfetario,semplificata",standard,
account_100003,100003,Soci C/sottoscrizioni Richiamate,asset_current,False,AB,0,0,"azienda_ordinaria,professionista,forfetario,semplificata",standard,
account_100004,100004,Associati C/sottoscriz. Richiamate,asset_current,False,AB,0,0,"azienda_ordinaria,professionista,forfetario,semplificata",standard,
account_110001,110001,Costi di Impianto,asset_non_current,False,BI1,0,0,"azienda_ordinaria,professionista,forfetario,semplificata",standard,
account_110002,110002,Costi di Ampliamento,asset_non_current,False,BI1,0,0,"azienda_ordinaria,professionista,forfetario,semplificata",standard,
account_110003,110003,Spese di Costituzione,asset_non_current,False,BI1,0,0,"azienda_ordinaria,professionista,forfetario,semplificata",standard,
account_110004,110004,Spese per Modifiche Statutarie,asset_non_current,False,BI1,0,0,"azienda_ordinaria,professionista,forfetario,semplificata",standard,
account_110005,110005,Costi Impianto — Amm. Diretto,asset_non_current,False,BI1,0,0,"azienda_ordinaria,professionista,forfetario,semplificata",standard,
account_110006,110006,Costi di Ampliamento — Amm. Diretto,asset_non_current,False,BI1,0,0,"azienda_ordinaria,professionista,forfetario,semplificata",standard,
account_110007,110007,Spese di Costituzione — Amm. Diretto,asset_non_current,False,BI1,0,0,"azienda_ordinaria,professionista,forfetario,semplificata",standard,
account_110008,110008,Spese Modifiche Statut.- Amm. Diretto,asset_non_current,False,BI1,0,0,"azienda_ordinaria,professionista,forfetario,semplificata",standard,
account_119001,119001,F.amm. Costi D'impianto,asset_non_current,False,BI1A,0,0,"azienda_ordinaria,professionista,forfetario,semplificata",standard,
account_119002,119002,F.amm. Costi di Ampliamento,asset_non_current,False,BI1A,0,0,"azienda_ordinaria,professionista,forfetario,semplificata",standard,
account_119003,119003,F.amm. Spese di Costituzione,asset_non_current,False,BI1A,0,0,"azienda_ordinaria,professionista,forfetario,semplificata",standard,
account_119004,119004,F.amm. Spese Modifiche Statutarie,asset_non_current,False,BI1A,0,0,"azienda_ordinaria,professionista,forfetario,semplificata",standard,
account_119005,119005,F.amm. Inded. Immob. Immateriali (BI1),asset_non_current,False,BI1A,0,0,"azienda_ordinaria,professionista,forfetario,semplificata",standard,
account_118001,118001,F.do Svalut. Costi Impianto,asset_non_current,False,BI1B,0,0,"azienda_ordinaria,professionista,forfetario,semplificata",standard,
account_118002,118002,F.do Svalut. Costi Ampliamento,asset_non_current,False,BI1B,0,0,"azienda_ordinaria,professionista,forfetario,semplificata",standard,
account_118003,118003,F.do Svalut. Spese Costituzione,asset_non_current,False,BI1B,0,0,"azienda_ordinaria,professionista,forfetario,semplificata",standard,
account_118004,118004,F.do Svalut. Spese Modifiche Statutar,asset_non_current,False,BI1B,0,0,"azienda_ordinaria,professionista,forfetario,semplificata",standard,
account_110009,110009,Costi di Sviluppo,asset_non_current,False,BI2,0,0,"azienda_ordinaria,professionista,forfetario,semplificata",standard,
account_110010,110010,Costi di Sviluppo-amm. Diretto,asset_non_current,False,BI2,0,0,"azienda_ordinaria,professionista,forfetario,semplificata",standard,
account_119006,119006,F.amm. Costi di Sviluppo,asset_non_current,False,BI2A,0,0,"azienda_ordinaria,professionista,forfetario,semplificata",standard,
account_119007,119007,F.amm. Inded. Immob. Immateriali (BI2),asset_non_current,False,BI2A,0,0,"azienda_ordinaria,professionista,forfetario,semplificata",standard,
account_118005,118005,F.do Svalut. Costi di Sviluppo,asset_non_current,False,BI2B,0,0,"azienda_ordinaria,professionista,forfetario,semplificata",standard,
account_110011,110011,Diritti di Brevetto,asset_non_current,False,BI3,0,0,"azienda_ordinaria,professionista,forfetario,semplificata",standard,
account_110012,110012,Diritti di Utiliz. delle Opere Ingegn,asset_non_current,False,BI3,0,0,"azienda_ordinaria,professionista,forfetario,semplificata",standard,
account_119008,119008,F.amm. Diritti di Brevetto,asset_non_current,False,BI3A,0,0,"azienda_ordinaria,professionista,forfetario,semplificata",standard,
account_119009,119009,F.amm. Diritti Utiliz. Opere Ingegno,asset_non_current,False,BI3A,0,0,"azienda_ordinaria,professionista,forfetario,semplificata",standard,
account_119010,119010,F.amm. Inded. Immob. Immateriali (BI3),asset_non_current,False,BI3A,0,0,"azienda_ordinaria,professionista,forfetario,semplificata",standard,
account_118006,118006,F.do Svalut. Diritti di Brevetto,asset_non_current,False,BI3B,0,0,"azienda_ordinaria,professionista,forfetario,semplificata",standard,
account_118007,118007,F.do Svalut. Diritti Util. Opere Ingeg,asset_non_current,False,BI3B,0,0,"azienda_ordinaria,professionista,forfetario,semplificata",standard,
account_110013,110013,"Concessioni,licenze e Diritti Simili",asset_non_current,False,BI4,0,0,"azienda_ordinaria,professionista,forfetario,semplificata",standard,
account_110014,110014,Marchi di Fabbrica e di Commercio,asset_non_current,False,BI4,0,0,"azienda_ordinaria,professionista,forfetario,semplificata",standard,
account_110015,110015,Licenze di Programmi Software,asset_non_current,False,BI4,0,0,"azienda_ordinaria,professionista,forfetario,semplificata",standard,
account_110016,110016,Know How,asset_non_current,False,BI4,0,0,"azienda_ordinaria,professionista,forfetario,semplificata",standard,
account_119011,119011,F.amm. Conces. Licenze-altri Simili,asset_non_current,False,BI4A,0,0,"azienda_ordinaria,professionista,forfetario,semplificata",standard,
account_119012,119012,F.amm. Marchi di Fabbrica e di Comm.,asset_non_current,False,BI4A,0,0,"azienda_ordinaria,professionista,forfetario,semplificata",standard,
account_119013,119013,F.amm. Licenze Programmi Software,asset_non_current,False,BI4A,0,0,"azienda_ordinaria,professionista,forfetario,semplificata",standard,
account_119014,119014,F.amm. Know How,asset_non_current,False,BI4A,0,0,"azienda_ordinaria,professionista,forfetario,semplificata",standard,
account_119015,119015,F.amm. Inded. Immob. Immateriali (BI4),asset_non_current,False,BI4A,0,0,"azienda_ordinaria,professionista,forfetario,semplificata",standard,
account_118008,118008,F.do Svalut. Concessioni-licenze,asset_non_current,False,BI4B,0,0,"azienda_ordinaria,professionista,forfetario,semplificata",standard,
account_118009,118009,F.do Svalut. Marchi Fabbr. e Commercio,asset_non_current,False,BI4B,0,0,"azienda_ordinaria,professionista,forfetario,semplificata",standard,
account_118010,118010,F.do Svalut. Licenze Progr. Software,asset_non_current,False,BI4B,0,0,"azienda_ordinaria,professionista,forfetario,semplificata",standard,
account_118011,118011,F.do Svalut. Know How,asset_non_current,False,BI4B,0,0,"azienda_ordinaria,professionista,forfetario,semplificata",standard,
account_110017,110017,Avviamento,asset_non_current,False,BI5,0,0,"azienda_ordinaria,professionista,forfetario,semplificata",standard,
account_119016,119016,F.amm. Avviamento,asset_non_current,False,BI5A,0,0,"azienda_ordinaria,professionista,forfetario,semplificata",standard,
account_119017,119017,F.amm. Inded. Immob. Immateriali (BI5),asset_non_current,False,BI5A,0,0,"azienda_ordinaria,professionista,forfetario,semplificata",standard,
account_118012,118012,F.do Svalut. Avviamento,asset_non_current,False,BI5B,0,0,"azienda_ordinaria,professionista,forfetario,semplificata",standard,
account_110018,110018,Immobil. Immateriali in Corso,asset_non_current,False,BI6,0,0,"azienda_ordinaria,professionista,forfetario,semplificata",standard,
account_110019,110019,Acconti a Fornitori per Imm. Imm.,asset_non_current,False,BI6,0,0,"azienda_ordinaria,professionista,forfetario,semplificata",standard,
account_118013,118013,F.do Svalut. Immob. Immat. in Corso,asset_non_current,False,BI6B,0,0,"azienda_ordinaria,professionista,forfetario,semplificata",standard,
account_118014,118014,F.do Svalut. Acconti Fornit. Immob. Imm,asset_non_current,False,BI6B,0,0,"azienda_ordinaria,professionista,forfetario,semplificata",standard,
account_110020,110020,Altre Immobiliz. Immateriali,asset_non_current,False,BI7,0,0,"azienda_ordinaria,professionista,forfetario,semplificata",standard,
account_110021,110021,Costi per Migliorie Beni di Terzi,asset_non_current,False,BI7,0,0,"azienda_ordinaria,professionista,forfetario,semplificata",standard,
account_119018,119018,F.amm. Altre Immob. Immateriali,asset_non_current,False,BI7A,0,0,"azienda_ordinaria,professionista,forfetario,semplificata",standard,
account_119019,119019,F.amm. Costi Migliorie Beni di Terzi,asset_non_current,False,BI7A,0,0,"azienda_ordinaria,professionista,forfetario,semplificata",standard,
account_119020,119020,F.amm. Inded. Immob. Immateriali (BI7),asset_non_current,False,BI7A,0,0,"azienda_ordinaria,professionista,forfetario,semplificata",standard,
account_118015,118015,F.do Svalut. Altre Immob. Immateriali,asset_non_current,False,BI7B,0,0,"azienda_ordinaria,professionista,forfetario,semplificata",standard,
account_118016,118016,F.do Svalut. Costi Miglior. Beni Terzi,asset_non_current,False,BI7B,0,0,"azienda_ordinaria,professionista,forfetario,semplificata",standard,
account_120001,120001,Terreni,asset_fixed,False,BII1,0,0,"azienda_ordinaria,professionista,forfetario,semplificata",standard,
account_120002,120002,Fabbricati Civili,asset_fixed,False,BII1,0,0,"azienda_ordinaria,professionista,forfetario,semplificata",standard,
account_120003,120003,Fabbricati Commerciali,asset_fixed,False,BII1,0,0,"azienda_ordinaria,professionista,forfetario,semplificata",standard,
account_120004,120004,Costruzioni Leggere,asset_fixed,False,BII1,0,0,"azienda_ordinaria,professionista,forfetario,semplificata",standard,
account_120005,120005,Fabbricati Industriali,asset_fixed,False,BII1,0,0,"azienda_ordinaria,professionista,forfetario,semplificata",standard,
account_120006,120006,Fabbricati Civili Strumentali,asset_fixed,False,BII1,0,0,"azienda_ordinaria,professionista,forfetario,semplificata",standard,
account_120007,120007,Immobili Strum. Categ. A/10-uffici,asset_fixed,False,BII1,0,0,"azienda_ordinaria,professionista,forfetario,semplificata",standard,
account_129001,129001,F.amm. Terreni,asset_fixed,False,BII1A,0,0,"azienda_ordinaria,professionista,forfetario,semplificata",standard,
account_129002,129002,F.amm. Fabbricati Civili,asset_fixed,False,BII1A,0,0,"azienda_ordinaria,professionista,forfetario,semplificata",standard,
account_129003,129003,F.amm. Fabbricati Commerciali,asset_fixed,False,BII1A,0,0,"azienda_ordinaria,professionista,forfetario,semplificata",standard,
account_129004,129004,F.amm. Costruzioni Leggere,asset_fixed,False,BII1A,0,0,"azienda_ordinaria,professionista,forfetario,semplificata",standard,
account_129005,129005,F.amm. Fabbricati Industriali,asset_fixed,False,BII1A,0,0,"azienda_ordinaria,professionista,forfetario,semplificata",standard,
account_129006,129006,F.amm. Fabb. Civili Strumentali,asset_fixed,False,BII1A,0,0,"azienda_ordinaria,professionista,forfetario,semplificata",standard,
account_129007,129007,F.amm. Immob. Strumentali Cat. A/10,asset_fixed,False,BII1A,0,0,"azienda_ordinaria,professionista,forfetario,semplificata",standard,
account_129008,129008,F.amm. Inded. Immob. Materiali (BII1),asset_fixed,False,BII1A,0,0,"azienda_ordinaria,professionista,forfetario,semplificata",standard,
account_129009,129009,F.amm. Ant. Terreni,asset_fixed,False,BII1A,0,0,storico,standard,
account_129010,129010,F.amm. Ant. Fabbricati Civili,asset_fixed,False,BII1A,0,0,storico,standard,
account_129011,129011,F.amm. Ant. Fabbricati Commerciali,asset_fixed,False,BII1A,0,0,storico,standard,
account_129012,129012,F.amm. Ant. Costruzioni Leggere,asset_fixed,False,BII1A,0,0,storico,standard,
account_129013,129013,F.amm. Ant. Fabbricati Industriali,asset_fixed,False,BII1A,0,0,storico,standard,
account_129014,129014,F.amm. Ant. Fabb. Civili Strumentali,asset_fixed,False,BII1A,0,0,storico,standard,
account_129015,129015,F.amm. Ant. Imm. Strumentali Cat. A/10,asset_fixed,False,BII1A,0,0,storico,standard,
account_128001,128001,F.do Svalut. Terreni,asset_fixed,False,BII1B,0,0,"azienda_ordinaria,professionista,forfetario,semplificata",standard,
account_128002,128002,F.do Svalut. Fabbricati Civili,asset_fixed,False,BII1B,0,0,"azienda_ordinaria,professionista,forfetario,semplificata",standard,
account_128003,128003,F.do Svalut. Fabbricati Strumentali,asset_fixed,False,BII1B,0,0,"azienda_ordinaria,professionista,forfetario,semplificata",standard,
account_128004,128004,F.do Svalut. Costruzioni Leggere,asset_fixed,False,BII1B,0,0,"azienda_ordinaria,professionista,forfetario,semplificata",standard,
account_128005,128005,F.do Svalut. Fabbricati Industriali,asset_fixed,False,BII1B,0,0,"azienda_ordinaria,professionista,forfetario,semplificata",standard,
account_120008,120008,Impianti Generici,asset_fixed,False,BII2,0,0,"azienda_ordinaria,professionista,forfetario,semplificata",standard,
account_120009,120009,Impianti Specifici,asset_fixed,False,BII2,0,0,"azienda_ordinaria,professionista,forfetario,semplificata",standard,
account_120010,120010,Macchinari,asset_fixed,False,BII2,0,0,"azienda_ordinaria,professionista,forfetario,semplificata",standard,
account_120011,120011,Impianti D'allarme-antifurto,asset_fixed,False,BII2,0,0,"azienda_ordinaria,professionista,forfetario,semplificata",standard,
account_120012,120012,Impianti Telefonici,asset_fixed,False,BII2,0,0,"azienda_ordinaria,professionista,forfetario,semplificata",standard,
account_129016,129016,F.amm. Impianti Generici,asset_fixed,False,BII2A,0,0,"azienda_ordinaria,professionista,forfetario,semplificata",standard,
account_129017,129017,F.amm. Impianti Specifici,asset_fixed,False,BII2A,0,0,"azienda_ordinaria,professionista,forfetario,semplificata",standard,
account_129018,129018,F.amm. Macchinari,asset_fixed,False,BII2A,0,0,"azienda_ordinaria,professionista,forfetario,semplificata",standard,
account_129019,129019,F.amm. Impianti Allarme-antifurto,asset_fixed,False,BII2A,0,0,"azienda_ordinaria,professionista,forfetario,semplificata",standard,
account_129020,129020,F.amm. Impianti Telefonici,asset_fixed,False,BII2A,0,0,"azienda_ordinaria,professionista,forfetario,semplificata",standard,
account_129021,129021,F.amm. Inded. Immob. Materiali (BII2),asset_fixed,False,BII2A,0,0,"azienda_ordinaria,professionista,forfetario,semplificata",standard,
account_129022,129022,F.amm. Ant. Impianti Generici,asset_fixed,False,BII2A,0,0,storico,standard,
account_129023,129023,F.amm. Ant. Impianti Specifici,asset_fixed,False,BII2A,0,0,storico,standard,
account_129024,129024,F.amm. Ant. Macchinari,asset_fixed,False,BII2A,0,0,storico,standard,
account_129025,129025,F.amm. Ant. Impianti Allarme-antif.,asset_fixed,False,BII2A,0,0,storico,standard,
account_129026,129026,F.amm. Ant. Impianti Telefonici,asset_fixed,False,BII2A,0,0,storico,standard,
account_128006,128006,F.do Svalut. Impianti Generici,asset_fixed,False,BII2B,0,0,"azienda_ordinaria,professionista,forfetario,semplificata",standard,
account_128007,128007,F.do Svalut. Impianti Specifici,asset_fixed,False,BII2B,0,0,"azienda_ordinaria,professionista,forfetario,semplificata",standard,
account_128008,128008,F.do Svalut. Macchinari,asset_fixed,False,BII2B,0,0,"azienda_ordinaria,professionista,forfetario,semplificata",standard,
account_128009,128009,F.do Svalut. Impianti Allarme-antifur,asset_fixed,False,BII2B,0,0,"azienda_ordinaria,professionista,forfetario,semplificata",standard,
account_128010,128010,F.do Svalut. Impianti Telefonici,asset_fixed,False,BII2B,0,0,"azienda_ordinaria,professionista,forfetario,semplificata",standard,
account_120013,120013,Attrezzat. Ind. Li e Comm. Li,asset_fixed,False,BII3,0,0,"azienda_ordinaria,professionista,forfetario,semplificata",standard,
account_120014,120014,Attrezzature Varie e Minute,asset_fixed,False,BII3,0,0,"azienda_ordinaria,professionista,forfetario,semplificata",standard,
account_129027,129027,F.amm. Attrez. Ind. Li e Comm. Li,asset_fixed,False,BII3A,0,0,"azienda_ordinaria,professionista,forfetario,semplificata",standard,
account_129028,129028,F.amm. Attrez. Varie e Minuta,asset_fixed,False,BII3A,0,0,"azienda_ordinaria,professionista,forfetario,semplificata",standard,
account_129029,129029,F.amm. Inded. Immob. Materiali (BII3),asset_fixed,False,BII3A,0,0,"azienda_ordinaria,professionista,forfetario,semplificata",standard,
account_129030,129030,F.amm. Ant. Attr. Industriali-comm.,asset_fixed,False,BII3A,0,0,storico,standard,
account_129031,129031,F.amm. Ant. Attr. Varia e Minuta,asset_fixed,False,BII3A,0,0,storico,standard,
account_128011,128011,F.do Svalut. Attrez. Ind. e Commerciali,asset_fixed,False,BII3B,0,0,"azienda_ordinaria,professionista,forfetario,semplificata",standard,
account_128012,128012,F.do Svalut. Attrez. Varia e Minuta,asset_fixed,False,BII3B,0,0,"azienda_ordinaria,professionista,forfetario,semplificata",standard,
account_120015,120015,Mobili,asset_fixed,False,BII4,0,0,"azienda_ordinaria,professionista,forfetario,semplificata",standard,
account_120016,120016,Macch. Elettriche-elettron. D'ufficio,asset_fixed,False,BII4,0,0,"azienda_ordinaria,professionista,forfetario,semplificata",standard,
account_120017,120017,Autovetture,asset_fixed,False,BII4,0,0,"azienda_ordinaria,professionista,forfetario,semplificata",standard,
account_120018,120018,Autocarri,asset_fixed,False,BII4,0,0,"azienda_ordinaria,professionista,forfetario,semplificata",standard,
account_120019,120019,Arredamento,asset_fixed,False,BII4,0,0,"azienda_ordinaria,professionista,forfetario,semplificata",standard,
account_120020,120020,Altri Beni Materiali,asset_fixed,False,BII4,0,0,"azienda_ordinaria,professionista,forfetario,semplificata",standard,
account_120021,120021,"Beni Strumentali Inferiori 516,46",asset_fixed,False,BII4,0,0,"azienda_ordinaria,professionista,forfetario,semplificata",standard,
account_120022,120022,Motoveicoli-ciclomotori,asset_fixed,False,BII4,0,0,"azienda_ordinaria,professionista,forfetario,semplificata",standard,
account_120023,120023,Autoveicoli Autotrasportatori,asset_fixed,False,BII4,0,0,"azienda_ordinaria,professionista,forfetario,semplificata",standard,
account_129032,129032,F.amm. Mobili,asset_fixed,False,BII4A,0,0,"azienda_ordinaria,professionista,forfetario,semplificata",standard,
account_129033,129033,F.amm. Macchine Elettriche D'ufficio,asset_fixed,False,BII4A,0,0,"azienda_ordinaria,professionista,forfetario,semplificata",standard,
account_129034,129034,F.amm. Autovetture,asset_fixed,False,BII4A,0,0,"azienda_ordinaria,professionista,forfetario,semplificata",standard,
account_129035,129035,F.amm. Autocarri,asset_fixed,False,BII4A,0,0,"azienda_ordinaria,professionista,forfetario,semplificata",standard,
account_129036,129036,F.amm. Arredamento,asset_fixed,False,BII4A,0,0,"azienda_ordinaria,professionista,forfetario,semplificata",standard,
account_129037,129037,F.amm. Altri Beni Materiali,asset_fixed,False,BII4A,0,0,"azienda_ordinaria,professionista,forfetario,semplificata",standard,
account_129038,129038,"F.amm. Beni Infer.516,46",asset_fixed,False,BII4A,0,0,"azienda_ordinaria,professionista,forfetario,semplificata",standard,
account_129039,129039,F.amm. Motoveicoli-ciclomotori,asset_fixed,False,BII4A,0,0,"azienda_ordinaria,professionista,forfetario,semplificata",standard,
account_129040,129040,F.amm. Autoveicoli Autotrasportatori,asset_fixed,False,BII4A,0,0,"azienda_ordinaria,professionista,forfetario,semplificata",standard,
account_129041,129041,F.amm. Ant. Mobili,asset_fixed,False,BII4A,0,0,storico,standard,
account_129042,129042,F.amm. Ant. Macchine Elett. Ufficio,asset_fixed,False,BII4A,0,0,storico,standard,
account_129043,129043,F.amm. Ant. Autovetture,asset_fixed,False,BII4A,0,0,storico,standard,
account_129044,129044,F.amm. Ant. Autocarri,asset_fixed,False,BII4A,0,0,storico,standard,
account_129045,129045,F.amm. Ant. Arredamento,asset_fixed,False,BII4A,0,0,storico,standard,
account_129046,129046,F.amm. Ant. Altri Beni Materiali,asset_fixed,False,BII4A,0,0,storico,standard,
account_129047,129047,"F.amm. Ant. Beni Strum. Inf. 516,46",asset_fixed,False,BII4A,0,0,storico,standard,
account_129048,129048,F.amm. Ant. Motoveicoli — Ciclomotori,asset_fixed,False,BII4A,0,0,storico,standard,
account_129049,129049,F.amm. Ant. Autoveicoli Autotrasport.,asset_fixed,False,BII4A,0,0,storico,standard,
account_129050,129050,F.amm. Inded. Immob. Materiali (BII4),asset_fixed,False,BII4A,0,0,"azienda_ordinaria,professionista,forfetario,semplificata",standard,
account_128013,128013,F.do Svalut. Mobili,asset_fixed,False,BII4B,0,0,"azienda_ordinaria,professionista,forfetario,semplificata",standard,
account_128014,128014,F.do Svalut. Macch. Elettriche Ufficio,asset_fixed,False,BII4B,0,0,"azienda_ordinaria,professionista,forfetario,semplificata",standard,
account_128015,128015,F.do Svalut. Autovetture,asset_fixed,False,BII4B,0,0,"azienda_ordinaria,professionista,forfetario,semplificata",standard,
account_128016,128016,F.do Svalut. Autocarri,asset_fixed,False,BII4B,0,0,"azienda_ordinaria,professionista,forfetario,semplificata",standard,
account_128017,128017,F.do Svalut. Arredamento,asset_fixed,False,BII4B,0,0,"azienda_ordinaria,professionista,forfetario,semplificata",standard,
account_128018,128018,F.do Svalut. Altri Beni Materiali,asset_fixed,False,BII4B,0,0,"azienda_ordinaria,professionista,forfetario,semplificata",standard,
account_120024,120024,Immobilizzazioni Materiali in Corso,asset_fixed,False,BII5,0,0,"azienda_ordinaria,professionista,forfetario,semplificata",standard,
account_120025,120025,Acconti a Fornitori Imm. Materiali,asset_fixed,False,BII5,0,0,"azienda_ordinaria,professionista,forfetario,semplificata",standard,
account_120026,120026,Acconti a Fornitori Imm. Strumentali,asset_fixed,False,BII5,0,0,"azienda_ordinaria,professionista,forfetario,semplificata",standard,
account_128019,128019,F.do Svalut. Immob. Materiali in Corso,asset_fixed,False,BII5B,0,0,"azienda_ordinaria,professionista,forfetario,semplificata",standard,
account_128020,128020,F.do Svalut. Acconti Fornit. Immob. Mat,asset_fixed,False,BII5B,0,0,"azienda_ordinaria,professionista,forfetario,semplificata",standard,
account_130001,130001,Partec. Impr. Controllate,asset_non_current,False,BIII1A,0,0,"azienda_ordinaria,professionista,forfetario,semplificata",standard,
account_130002,130002,F.do Svalut. Partec. Impr. Controllate,asset_non_current,False,BIII1A,0,0,"azienda_ordinaria,professionista,forfetario,semplificata",standard,
account_130003,130003,Partec. Impr. Collegate,asset_non_current,False,BIII1B,0,0,"azienda_ordinaria,professionista,forfetario,semplificata",standard,
account_130004,130004,F.do Svalut. Partec. Impr. Collegate,asset_non_current,False,BIII1B,0,0,"azienda_ordinaria,professionista,forfetario,semplificata",standard,
account_130005,130005,Partec. Impr. Controllanti,asset_non_current,False,BIII1C,0,0,"azienda_ordinaria,professionista,forfetario,semplificata",standard,
account_130006,130006,F.do Svalut. Partec. Impr. Controllanti,asset_non_current,False,BIII1C,0,0,"azienda_ordinaria,professionista,forfetario,semplificata",standard,
account_130007,130007,Partec. V/consociate,asset_non_current,False,BIII1D,0,0,"azienda_ordinaria,professionista,forfetario,semplificata",standard,
account_130008,130008,F.do Sval. Partec. V/consociate,asset_non_current,False,BIII1D,0,0,"azienda_ordinaria,professionista,forfetario,semplificata",standard,
account_130009,130009,Partec. Altre Imprese,asset_non_current,False,BIII1DBIS,0,0,"azienda_ordinaria,professionista,forfetario,semplificata",standard,
account_130010,130010,F.do Svalut. Partec. Altre Imprese,asset_non_current,False,BIII1DBIS,0,0,"azienda_ordinaria,professionista,forfetario,semplificata",standard,
account_130011,130011,Cred. Impr. Controllate <12mesi,asset_non_current,False,BIII2A1,0,0,"azienda_ordinaria,professionista,forfetario,semplificata",standard,
account_130012,130012,Cred. Impr. Controllate >12mesi,asset_non_current,False,BIII2A2,0,0,"azienda_ordinaria,professionista,forfetario,semplificata",standard,
account_130013,130013,F.do Svalut. Cred. Impr. Controllate,asset_non_current,False,BIII2A2,0,0,"azienda_ordinaria,professionista,forfetario,semplificata",standard,
account_130014,130014,Cred. Impr. Collegate <12mesi,asset_non_current,False,BIII2B1,0,0,"azienda_ordinaria,professionista,forfetario,semplificata",standard,
account_130015,130015,Cred. Impr. Collegate >12mesi,asset_non_current,False,BIII2B2,0,0,"azienda_ordinaria,professionista,forfetario,semplificata",standard,
account_130016,130016,F.do Svalut. Cred. Impr. Collegate,asset_non_current,False,BIII2B2,0,0,"azienda_ordinaria,professionista,forfetario,semplificata",standard,
account_130017,130017,Cred. Impr. Controllanti <12mesi,asset_non_current,False,BIII2C1,0,0,"azienda_ordinaria,professionista,forfetario,semplificata",standard,
account_130018,130018,Cred. Impr. Controllanti >12mesi,asset_non_current,False,BIII2C2,0,0,"azienda_ordinaria,professionista,forfetario,semplificata",standard,
account_130019,130019,F.do Svalut. Cred. Impr. Controllanti,asset_non_current,False,BIII2C2,0,0,"azienda_ordinaria,professionista,forfetario,semplificata",standard,
account_130020,130020,Cred. V/consociate <12mesi,asset_non_current,False,BIII2D1,0,0,"azienda_ordinaria,professionista,forfetario,semplificata",standard,
account_130021,130021,F.do Sval. V/consociate <12mesi,asset_non_current,False,BIII2D1,0,0,"azienda_ordinaria,professionista,forfetario,semplificata",standard,
account_130022,130022,Cred. V/consociate >12mesi,asset_non_current,False,BIII2D2,0,0,"azienda_ordinaria,professionista,forfetario,semplificata",standard,
account_130023,130023,F.do Sval. V/consociate >12mesi,asset_non_current,False,BIII2D2,0,0,"azienda_ordinaria,professionista,forfetario,semplificata",standard,
account_130024,130024,Depos. Cauz/caparre Forn.<12mesi,asset_non_current,False,BIII2DBIS1,0,0,"azienda_ordinaria,professionista,forfetario,semplificata",standard,
account_130025,130025,Depos. Cauzionali Vari <12mesi,asset_non_current,False,BIII2DBIS1,0,0,"azienda_ordinaria,professionista,forfetario,semplificata",standard,
account_130026,130026,Cred. V/altre Imprese <12mesi,asset_non_current,False,BIII2DBIS1,0,0,"azienda_ordinaria,professionista,forfetario,semplificata",standard,
account_130027,130027,Crediti Finanziari Ets <12mesi,asset_non_current,False,BIII2DBIS1,0,0,"azienda_ordinaria,professionista,forfetario,semplificata",standard,
account_130028,130028,Fondo Sval. Crediti Fin. Ets <12mesi,asset_non_current,False,BIII2DBIS1,0,0,"azienda_ordinaria,professionista,forfetario,semplificata",standard,
account_130029,130029,Depos. Cauz/caparre Forn.>12mesi,asset_non_current,False,BIII2DBIS2,0,0,"azienda_ordinaria,professionista,forfetario,semplificata",standard,
account_130030,130030,Depos. Cauzionali Vari >12mesi,asset_non_current,False,BIII2DBIS2,0,0,"azienda_ordinaria,professionista,forfetario,semplificata",standard,
account_130031,130031,Cred. V/altre Imprese >12mesi,asset_non_current,False,BIII2DBIS2,0,0,"azienda_ordinaria,professionista,forfetario,semplificata",standard,
account_130032,130032,Crediti Finanziari Ets >12mesi,asset_non_current,False,BIII2DBIS2,0,0,"azienda_ordinaria,professionista,forfetario,semplificata",standard,
account_130033,130033,F.do Svalut. Crediti V/altri,asset_non_current,False,BIII2DBIS2,0,0,"azienda_ordinaria,professionista,forfetario,semplificata",standard,
account_130034,130034,Fondo Sval. Crediti Fin. Ets >12mesi,asset_non_current,False,BIII2DBIS2,0,0,"azienda_ordinaria,professionista,forfetario,semplificata",standard,
account_130035,130035,Titoli Stato Lungo Termine,asset_non_current,False,BIII3,0,0,"azienda_ordinaria,professionista,forfetario,semplificata",standard,
account_130036,130036,Obbligazioni,asset_non_current,False,BIII3,0,0,"azienda_ordinaria,professionista,forfetario,semplificata",standard,
account_130037,130037,Certificati Deposito >12mesi,asset_non_current,False,BIII3,0,0,"azienda_ordinaria,professionista,forfetario,semplificata",standard,
account_130038,130038,F.do Svalut. Altri Titoli Immobilizz.,asset_non_current,False,BIII3,0,0,"azienda_ordinaria,professionista,forfetario,semplificata",standard,
account_130039,130039,Strumenti Fin. Derivati Attivi,asset_non_current,False,BIII4,0,0,"azienda_ordinaria,professionista,forfetario,semplificata",standard,
account_130040,130040,F.do Svalut. Strum. Fin. Der. Attivi,asset_non_current,False,BIII4,0,0,"azienda_ordinaria,professionista,forfetario,semplificata",standard,
account_140001,140001,Materie Prime,asset_current,False,CI1,0,0,"azienda_ordinaria,professionista,forfetario,semplificata",standard,
account_140002,140002,Materie Sussidiarie,asset_current,False,CI1,0,0,"azienda_ordinaria,professionista,forfetario,semplificata",standard,
account_140003,140003,Materie di Consumo,asset_current,False,CI1,0,0,"azienda_ordinaria,professionista,forfetario,semplificata",standard,
account_140004,140004,Materiali Vari,asset_current,False,CI1,0,0,"azienda_ordinaria,professionista,forfetario,semplificata",standard,
account_140005,140005,F.do Svalut. Mat. Prime-sussid-consumo,asset_current,False,CI1,0,0,"azienda_ordinaria,professionista,forfetario,semplificata",standard,
account_140006,140006,Prodotti in Corso di Lavorazione,asset_current,False,CI2,0,0,"azienda_ordinaria,professionista,forfetario,semplificata",standard,
account_140007,140007,Semilavorati,asset_current,False,CI2,0,0,"azienda_ordinaria,professionista,forfetario,semplificata",standard,
account_140008,140008,F.do Svalut. Prod. C. So Lavor-semilav.,asset_current,False,CI2,0,0,"azienda_ordinaria,professionista,forfetario,semplificata",standard,
account_140009,140009,Lavori in Corso su Ordinazione,asset_current,False,CI3,0,0,"azienda_ordinaria,professionista,forfetario,semplificata",standard,
account_140010,140010,F.do Rischi Contrattuali,asset_current,False,CI3,0,0,"azienda_ordinaria,professionista,forfetario,semplificata",standard,
account_140011,140011,Merci,asset_current,False,CI4,0,0,"azienda_ordinaria,professionista,forfetario,semplificata",standard,
account_140012,140012,Prodotti Finiti,asset_current,False,CI4,0,0,"azienda_ordinaria,professionista,forfetario,semplificata",standard,
account_140013,140013,Generi a Ricavo Fisso,asset_current,False,CI4,0,0,"azienda_ordinaria,professionista,forfetario,semplificata",standard,
account_140014,140014,F.do Svalut. Merci-prod. Finiti,asset_current,False,CI4,0,0,"azienda_ordinaria,professionista,forfetario,semplificata",standard,
account_140015,140015,Acconti Fornit-materie Prime,asset_current,False,CI5,0,0,"azienda_ordinaria,professionista,forfetario,semplificata",standard,
account_140016,140016,Acconti Fornit-merci,asset_current,False,CI5,0,0,"azienda_ordinaria,professionista,forfetario,semplificata",standard,
account_140017,140017,Immob. Mater. Destinate alla Vendita,asset_current,False,CI6,0,0,"azienda_ordinaria,professionista,forfetario,semplificata",standard,
account_140018,140018,F.do Svalut. Imm. Mat. Destin. Vendita,asset_current,False,CI6,0,0,"azienda_ordinaria,professionista,forfetario,semplificata",standard,
account_150001,150001,Effetti Portafoglio <12mesi,asset_receivable,True,CII1A,0,0,"azienda_ordinaria,professionista,forfetario,semplificata",standard,
account_150002,150002,Effetti allo Sconto,asset_receivable,True,CII1A,0,0,"azienda_ordinaria,professionista,forfetario,semplificata",standard,
account_150003,150003,Effetti All'incasso,asset_receivable,True,CII1A,0,0,"azienda_ordinaria,professionista,forfetario,semplificata",standard,
account_150004,150004,Effetti Salvo Buon Fine,asset_receivable,True,CII1A,0,0,"azienda_ordinaria,professionista,forfetario,semplificata",standard,
account_150005,150005,Effetti Insol-protest.<12mesi,asset_receivable,True,CII1A,0,0,"azienda_ordinaria,professionista,forfetario,semplificata",standard,
account_150006,150006,Cred. Insol. V/clienti <12mesi,asset_receivable,True,CII1A,0,0,"azienda_ordinaria,professionista,forfetario,semplificata",standard,
account_150007,150007,Clienti C/fatture da Emettere,asset_receivable,True,CII1A,0,0,"azienda_ordinaria,professionista,forfetario,semplificata",standard,
account_150008,150008,Clienti C/note Credito da Emettere,asset_receivable,True,CII1A,0,0,"azienda_ordinaria,professionista,forfetario,semplificata",standard,
account_150009,150009,Cred. per Inter. Mora <12mesi,asset_receivable,True,CII1A,0,0,"azienda_ordinaria,professionista,forfetario,semplificata",standard,
account_150010,150010,Clienti C/spese Anticipate,asset_receivable,True,CII1A,0,0,"azienda_ordinaria,professionista,forfetario,semplificata",standard,
account_150011,150011,Crediti Emissione Notule,asset_receivable,True,CII1A,0,0,"azienda_ordinaria,professionista,forfetario,semplificata",standard,
account_150012,150012,Altri Crediti V/clienti,asset_receivable,True,CII1A,0,0,"azienda_ordinaria,professionista,forfetario,semplificata",standard,
account_150013,150013,F.do Svalut. Cred. V/clienti,asset_receivable,True,CII1A,0,0,"azienda_ordinaria,professionista,forfetario,semplificata",standard,
account_150014,150014,Cred. V/privati per Contr. <12mesi,asset_receivable,True,CII1A,0,0,"azienda_ordinaria,professionista,forfetario,semplificata",standard,
account_150015,150015,Effetti Portafoglio >12mesi,asset_receivable,True,CII1B,0,0,"azienda_ordinaria,professionista,forfetario,semplificata",standard,
account_150016,150016,Cred. Insol. V/clienti >12mesi,asset_receivable,True,CII1B,0,0,"azienda_ordinaria,professionista,forfetario,semplificata",standard,
account_150017,150017,Cred. per Inter. Mora >12mesi,asset_receivable,True,CII1B,0,0,"azienda_ordinaria,professionista,forfetario,semplificata",standard,
account_151001,151001,Cred. Impr. Controllate <12mesi,asset_receivable,True,CII2A,0,0,"azienda_ordinaria,professionista,forfetario,semplificata",standard,
account_151002,151002,Cred. Impr. Controllate >12mesi,asset_receivable,True,CII2B,0,0,"azienda_ordinaria,professionista,forfetario,semplificata",standard,
account_151003,151003,Cred. Impr. Collegate <12mesi,asset_receivable,True,CII3A,0,0,"azienda_ordinaria,professionista,forfetario,semplificata",standard,
account_151004,151004,Cred. Impr. Collegate >12mesi,asset_receivable,True,CII3B,0,0,"azienda_ordinaria,professionista,forfetario,semplificata",standard,
account_151005,151005,Cred. Impr. Controllanti <12mesi,asset_receivable,True,CII4A,0,0,"azienda_ordinaria,professionista,forfetario,semplificata",standard,
account_151006,151006,Cred. Impr. Controllanti >12mesi,asset_receivable,True,CII4B,0,0,"azienda_ordinaria,professionista,forfetario,semplificata",standard,
account_152001,152001,Cred. V/consociate <12mesi,asset_receivable,True,CII5A,0,0,"azienda_ordinaria,professionista,forfetario,semplificata",standard,
account_152002,152002,Cred. V/consociate >12mesi,asset_receivable,True,CII5B,0,0,"azienda_ordinaria,professionista,forfetario,semplificata",standard,
account_160001,160001,IVA su Acquisti,asset_current,True,CII5BISA,0,0,"azienda_ordinaria,professionista,forfetario,semplificata",standard,
account_160002,160002,Erario IVA Chiesta a Rimborso,asset_current,True,CII5BISA,0,0,"azienda_ordinaria,professionista,forfetario,semplificata",standard,
account_160003,160003,Erario C/acconto IRES,asset_current,True,CII5BISA,0,0,"azienda_ordinaria,professionista,forfetario,semplificata",standard,
account_160004,160004,Erario C/acconto IRAP,asset_current,True,CII5BISA,0,0,"azienda_ordinaria,professionista,forfetario,semplificata",standard,
account_160005,160005,Erario C/IRES a Credito,asset_current,True,CII5BISA,0,0,"azienda_ordinaria,professionista,forfetario,semplificata",standard,
account_160006,160006,Erario C/IRAP a Credito,asset_current,True,CII5BISA,0,0,"azienda_ordinaria,professionista,forfetario,semplificata",standard,
account_160007,160007,Erario C/ritenute Subite,asset_current,True,CII5BISA,0,0,"azienda_ordinaria,professionista,forfetario,semplificata",standard,
account_160008,160008,Erario C/riten. Inter. Attivi,asset_current,True,CII5BISA,0,0,"azienda_ordinaria,professionista,forfetario,semplificata",standard,
account_160009,160009,Crediti ZFU,asset_current,True,CII5BISA,0,0,"azienda_ordinaria,professionista,forfetario,semplificata",standard,
account_160010,160010,Cred. Imposte Pagate Estero,asset_current,True,CII5BISA,0,0,"azienda_ordinaria,professionista,forfetario,semplificata",standard,
account_160011,160011,Altri Crediti Tributari,asset_current,True,CII5BISA,0,0,"azienda_ordinaria,professionista,forfetario,semplificata",standard,
account_160012,160012,Erario C/imposte Rimb.<12mesi,asset_current,True,CII5BISA,0,0,"azienda_ordinaria,professionista,forfetario,semplificata",standard,
account_160013,160013,Credito D'imposta Autotrasp. Gasolio,asset_current,True,CII5BISA,0,0,"azienda_ordinaria,professionista,forfetario,semplificata",standard,
account_160014,160014,Credito D'imposta D. L. 34/2020,asset_current,True,CII5BISA,0,0,"azienda_ordinaria,professionista,forfetario,semplificata",standard,
account_160015,160015,Credito D'imposta D. L. 176/2022,asset_current,True,CII5BISA,0,0,"azienda_ordinaria,professionista,forfetario,semplificata",standard,
account_160016,160016,Crediti Imposta Beni Strum. Nuovi,asset_current,True,CII5BISA,0,0,"azienda_ordinaria,professionista,forfetario,semplificata",standard,
account_160017,160017,IVA a Esigib. Differ. Acquisti,asset_current,True,CII5BISA,0,0,"azienda_ordinaria,professionista,forfetario,semplificata",standard,
account_160018,160018,Erario C/IRES,asset_current,True,CII5BISA,0,0,"azienda_ordinaria,professionista,forfetario,semplificata",standard,
account_160019,160019,Erario C/IRAP,asset_current,True,CII5BISA,0,0,"azienda_ordinaria,professionista,forfetario,semplificata",standard,
account_160020,160020,Erario C/IVA,asset_current,True,CII5BISA,0,0,"azienda_ordinaria,professionista,forfetario,semplificata",standard,
account_160021,160021,Pro Rata Provvisorio,asset_current,True,CII5BISA,0,0,"azienda_ordinaria,professionista,forfetario,semplificata",standard,
account_160022,160022,Crediti V/erario Bonus Edilizi,asset_current,True,CII5BISB,0,0,"azienda_ordinaria,professionista,forfetario,semplificata",standard,
account_160023,160023,Erario C/imposte Rimb.>12mesi,asset_current,True,CII5BISB,0,0,"azienda_ordinaria,professionista,forfetario,semplificata",standard,
account_162001,162001,Attivita per Imposte Anticipate,asset_current,False,CII5TER,0,0,"azienda_ordinaria,professionista,forfetario,semplificata",standard,
account_162002,162002,Attivita per Imposte Antic.>12mesi,asset_current,False,CII5TER,0,0,"azienda_ordinaria,professionista,forfetario,semplificata",standard,
account_163001,163001,INPS C/acconti,asset_current,True,CII5QUATA,0,0,"azienda_ordinaria,professionista,forfetario,semplificata",standard,
account_163002,163002,INPS C/rimborsi,asset_current,True,CII5QUATA,0,0,"azienda_ordinaria,professionista,forfetario,semplificata",standard,
account_163003,163003,INPS C/conguaglio,asset_current,True,CII5QUATA,0,0,"azienda_ordinaria,professionista,forfetario,semplificata",standard,
account_163004,163004,INAIL C/acconti,asset_current,True,CII5QUATA,0,0,"azienda_ordinaria,professionista,forfetario,semplificata",standard,
account_163005,163005,INAIL C/rimborsi,asset_current,True,CII5QUATA,0,0,"azienda_ordinaria,professionista,forfetario,semplificata",standard,
account_163006,163006,INAIL C/conguaglio,asset_current,True,CII5QUATA,0,0,"azienda_ordinaria,professionista,forfetario,semplificata",standard,
account_163007,163007,Altri Cred. V/istit. Previdenziali,asset_current,True,CII5QUATA,0,0,"azienda_ordinaria,professionista,forfetario,semplificata",standard,
account_163008,163008,ENPAM C/contributi,asset_current,True,CII5QUATA,0,0,"azienda_ordinaria,professionista,forfetario,semplificata",standard,
account_163009,163009,ENPALS C/contributi,asset_current,True,CII5QUATA,0,0,"azienda_ordinaria,professionista,forfetario,semplificata",standard,
account_163010,163010,Soci C/prelevamenti,asset_current,True,CII5QUATA,0,0,"azienda_ordinaria,professionista,forfetario,semplificata",standard,
account_163011,163011,Dipendenti C/antic. su Retribuzioni,asset_current,True,CII5QUATA,0,0,"azienda_ordinaria,professionista,forfetario,semplificata",standard,
account_163012,163012,Dipendenti C/anticipi TFR,asset_current,True,CII5QUATA,0,0,"azienda_ordinaria,professionista,forfetario,semplificata",standard,
account_163013,163013,Dipendenti C/prestiti,asset_current,True,CII5QUATA,0,0,"azienda_ordinaria,professionista,forfetario,semplificata",standard,
account_163014,163014,Dipend. C/antic. Spese Viaggio,asset_current,True,CII5QUATA,0,0,"azienda_ordinaria,professionista,forfetario,semplificata",standard,
account_163015,163015,Altri Crediti V/dipendenti,asset_current,True,CII5QUATA,0,0,"azienda_ordinaria,professionista,forfetario,semplificata",standard,
account_163016,163016,Erario C/acconto Imp. Sostit. TFR,asset_current,True,CII5QUATA,0,0,"azienda_ordinaria,professionista,forfetario,semplificata",standard,
account_163017,163017,Credito Bonus Dipendenti,asset_current,True,CII5QUATA,0,0,"azienda_ordinaria,professionista,forfetario,semplificata",standard,
account_163018,163018,Caparre a Fornitori,asset_current,True,CII5QUATA,0,0,"azienda_ordinaria,professionista,forfetario,semplificata",standard,
account_163019,163019,Cauzioni su Imballaggi,asset_current,True,CII5QUATA,0,0,"azienda_ordinaria,professionista,forfetario,semplificata",standard,
account_163020,163020,Altri Crediti V/fornitori,asset_current,True,CII5QUATA,0,0,"azienda_ordinaria,professionista,forfetario,semplificata",standard,
account_163021,163021,Crediti per Cauzioni,asset_current,True,CII5QUATA,0,0,"azienda_ordinaria,professionista,forfetario,semplificata",standard,
account_163022,163022,Crediti per Anticipi,asset_current,True,CII5QUATA,0,0,"azienda_ordinaria,professionista,forfetario,semplificata",standard,
account_163023,163023,Crediti Diversi,asset_current,True,CII5QUATA,0,0,"azienda_ordinaria,professionista,forfetario,semplificata",standard,
account_163024,163024,Associato C/utili,asset_current,True,CII5QUATA,0,0,"azienda_ordinaria,professionista,forfetario,semplificata",standard,
account_163025,163025,Associante C/corrispettivo,asset_current,True,CII5QUATA,0,0,"azienda_ordinaria,professionista,forfetario,semplificata",standard,
account_163026,163026,Pagamenti C/terzi,asset_current,True,CII5QUATA,0,0,"azienda_ordinaria,professionista,forfetario,semplificata",standard,
account_163027,163027,Crediti per Pos/carte Credito,asset_current,True,CII5QUATA,0,0,"azienda_ordinaria,professionista,forfetario,semplificata",standard,
account_163028,163028,Cred. V/enti Rete Associat. <12mesi,asset_current,True,CII5QUATA,0,0,"azienda_ordinaria,professionista,forfetario,semplificata",standard,
account_163029,163029,Crediti da 5 per Mille <12 Mesi,asset_current,True,CII5QUATA,0,0,"azienda_ordinaria,professionista,forfetario,semplificata",standard,
account_163030,163030,Crediti V/assoc. Fondatori <12 Mesi,asset_current,True,CII5QUATA,0,0,"azienda_ordinaria,professionista,forfetario,semplificata",standard,
account_163031,163031,Crediti V/enti Pubblici <12 Mesi,asset_current,True,CII5QUATA,0,0,"azienda_ordinaria,professionista,forfetario,semplificata",standard,
account_163032,163032,Crediti Finanz. V/altri Ets <12mesi,asset_current,True,CII5QUATA,0,0,"azienda_ordinaria,professionista,forfetario,semplificata",standard,
account_163033,163033,INPS C/contributi,asset_current,True,CII5QUATA,0,0,"azienda_ordinaria,professionista,forfetario,semplificata",standard,
account_163034,163034,Inps-contributi Gest. Separata,asset_current,True,CII5QUATA,0,0,"azienda_ordinaria,professionista,forfetario,semplificata",standard,
account_163035,163035,INAIL C/contributi,asset_current,True,CII5QUATA,0,0,"azienda_ordinaria,professionista,forfetario,semplificata",standard,
account_163036,163036,Enasarco C/contributi,asset_current,True,CII5QUATA,0,0,"azienda_ordinaria,professionista,forfetario,semplificata",standard,
account_163037,163037,Debiti V/enasarco per FIRR,asset_current,True,CII5QUATA,0,0,"azienda_ordinaria,professionista,forfetario,semplificata",standard,
account_163038,163038,Altri Debiti Istit. Previdenz.<12mesi,asset_current,True,CII5QUATA,0,0,"azienda_ordinaria,professionista,forfetario,semplificata",standard,
account_163039,163039,Deb. per F.do Tesoreria INPS,asset_current,True,CII5QUATA,0,0,"azienda_ordinaria,professionista,forfetario,semplificata",standard,
account_163040,163040,Deb. V/INPS Ferie Mensilita'maturate,asset_current,True,CII5QUATA,0,0,"azienda_ordinaria,professionista,forfetario,semplificata",standard,
account_163041,163041,Deb. per F.do Assist. Integrativa,asset_current,True,CII5QUATA,0,0,"azienda_ordinaria,professionista,forfetario,semplificata",standard,
account_163042,163042,Deb. per F.do Previd. Integrativa,asset_current,True,CII5QUATA,0,0,"azienda_ordinaria,professionista,forfetario,semplificata",standard,
account_163043,163043,Deb. per F.do Assist. Enti Bilaterali,asset_current,True,CII5QUATA,0,0,"azienda_ordinaria,professionista,forfetario,semplificata",standard,
account_163044,163044,Deb. per F.do Assist. Enti Paritetici,asset_current,True,CII5QUATA,0,0,"azienda_ordinaria,professionista,forfetario,semplificata",standard,
account_163045,163045,Debiti V/INPS Dipend. Sospesi,asset_current,True,CII5QUATA,0,0,"azienda_ordinaria,professionista,forfetario,semplificata",standard,
account_163046,163046,Debiti V/INPS Collab. Sospesi,asset_current,True,CII5QUATA,0,0,"azienda_ordinaria,professionista,forfetario,semplificata",standard,
account_163047,163047,Soci C/utili,asset_current,True,CII5QUATA,0,0,"azienda_ordinaria,professionista,forfetario,semplificata",standard,
account_163048,163048,Altri Crediti V/dipend.>12mesi,asset_current,True,CII5QUATB,0,0,"azienda_ordinaria,professionista,forfetario,semplificata",standard,
account_163049,163049,Crediti Diversi >12mesi,asset_current,True,CII5QUATB,0,0,"azienda_ordinaria,professionista,forfetario,semplificata",standard,
account_163050,163050,Cred. V/privati per Contr. >12mesi,asset_current,True,CII5QUATB,0,0,"azienda_ordinaria,professionista,forfetario,semplificata",standard,
account_163051,163051,Cred. V/enti Rete Associat. >12mesi,asset_current,True,CII5QUATB,0,0,"azienda_ordinaria,professionista,forfetario,semplificata",standard,
account_163052,163052,Crediti da 5 per Mille >12 Mesi,asset_current,True,CII5QUATB,0,0,"azienda_ordinaria,professionista,forfetario,semplificata",standard,
account_163053,163053,Crediti V/assoc. Fondatori >12 Mesi,asset_current,True,CII5QUATB,0,0,"azienda_ordinaria,professionista,forfetario,semplificata",standard,
account_163054,163054,Crediti V/enti Pubblici >12 Mesi,asset_current,True,CII5QUATB,0,0,"azienda_ordinaria,professionista,forfetario,semplificata",standard,
account_163055,163055,Crediti Finanz. V/altri Ets >12mesi,asset_current,True,CII5QUATB,0,0,"azienda_ordinaria,professionista,forfetario,semplificata",standard,
account_163056,163056,Altri Debiti Istit. Previdenz.>12mesi,asset_current,True,CII5QUATB,0,0,"azienda_ordinaria,professionista,forfetario,semplificata",standard,
account_170001,170001,Partec. Impr. Controllate,asset_current,False,CIII1,0,0,"azienda_ordinaria,professionista,forfetario,semplificata",standard,
account_170002,170002,F.do Svalut. Partec. Impr. Controllate,asset_current,False,CIII1,0,0,"azienda_ordinaria,professionista,forfetario,semplificata",standard,
account_170003,170003,Partec. Imprese Collegate,asset_current,False,CIII2,0,0,"azienda_ordinaria,professionista,forfetario,semplificata",standard,
account_170004,170004,F.do Svalut. Partec. Impr. Collegate,asset_current,False,CIII2,0,0,"azienda_ordinaria,professionista,forfetario,semplificata",standard,
account_170005,170005,Partec. Impr. Controllanti,asset_current,False,CIII3,0,0,"azienda_ordinaria,professionista,forfetario,semplificata",standard,
account_170006,170006,F.do Svalut. Partec. Impr. Controllanti,asset_current,False,CIII3,0,0,"azienda_ordinaria,professionista,forfetario,semplificata",standard,
account_170007,170007,Partec. V/consociate,asset_current,False,CIII3BIS,0,0,"azienda_ordinaria,professionista,forfetario,semplificata",standard,
account_170008,170008,F.do Sval. Partec. V/consociate,asset_current,False,CIII3BIS,0,0,"azienda_ordinaria,professionista,forfetario,semplificata",standard,
account_170009,170009,Altre Partecipazioni,asset_current,False,CIII4,0,0,"azienda_ordinaria,professionista,forfetario,semplificata",standard,
account_170010,170010,F.do Svalut. Altre Imprese,asset_current,False,CIII4,0,0,"azienda_ordinaria,professionista,forfetario,semplificata",standard,
account_170011,170011,Strumenti Fin. Derivati Attivi,asset_current,False,CIII5,0,0,"azienda_ordinaria,professionista,forfetario,semplificata",standard,
account_170012,170012,F.do Sval. Strum. Fin. Derivati Att.,asset_current,False,CIII5,0,0,"azienda_ordinaria,professionista,forfetario,semplificata",standard,
account_170013,170013,Titoli Stato Breve Termine,asset_current,False,CIII6,0,0,"azienda_ordinaria,professionista,forfetario,semplificata",standard,
account_170014,170014,Obbligazioni <12mesi,asset_current,False,CIII6,0,0,"azienda_ordinaria,professionista,forfetario,semplificata",standard,
account_170015,170015,Certificati Deposito <12mesi,asset_current,False,CIII6,0,0,"azienda_ordinaria,professionista,forfetario,semplificata",standard,
account_170016,170016,F.do Svalut. Titoli Reddito Fisso,asset_current,False,CIII6,0,0,"azienda_ordinaria,professionista,forfetario,semplificata",standard,
account_170017,170017,Att. Ta' Fin. Gest. Accentrata Tesor.,asset_current,False,CIII7,0,0,"azienda_ordinaria,professionista,forfetario,semplificata",standard,
account_180001,180001,Banca,asset_cash,True,CIV1,0,0,"azienda_ordinaria,professionista,forfetario,semplificata",standard,
account_180002,180002,Banca C/inter. Maturati,asset_cash,True,CIV1,0,0,"azienda_ordinaria,professionista,forfetario,semplificata",standard,
account_180003,180003,Depositi Bancari Aziendali,asset_cash,True,CIV1,0,0,"azienda_ordinaria,professionista,forfetario,semplificata",standard,
account_181001,181001,Assegni Bancari,asset_cash,True,CIV2,0,0,"azienda_ordinaria,professionista,forfetario,semplificata",standard,
account_181002,181002,Assegni Circolari,asset_cash,True,CIV2,0,0,"azienda_ordinaria,professionista,forfetario,semplificata",standard,
account_182001,182001,Cassa,asset_cash,False,CIV3,0,0,"azienda_ordinaria,professionista,forfetario,semplificata",standard,
account_182002,182002,Valori Bollati,asset_cash,True,CIV3,0,0,"azienda_ordinaria,professionista,forfetario,semplificata",standard,
account_190001,190001,Ratei Attivi,asset_prepayments,False,D,0,0,"azienda_ordinaria,professionista,forfetario,semplificata",standard,
account_190002,190002,Risconti Attivi,asset_prepayments,False,D,0,0,"azienda_ordinaria,professionista,forfetario,semplificata",standard,
account_190003,190003,Costi Anticipati,asset_prepayments,False,D,0,0,"azienda_ordinaria,professionista,forfetario,semplificata",standard,
account_190004,190004,Disaggi su Prestiti,asset_prepayments,False,D,0,0,"azienda_ordinaria,professionista,forfetario,semplificata",standard,
account_300001,300001,Capitale Sociale,equity,False,AI,0,0,"azienda_ordinaria,professionista,forfetario,semplificata",standard,
account_300002,300002,Capitale Netto-ditte Individuali,equity,False,AI,0,0,"azienda_ordinaria,professionista,forfetario,semplificata",standard,
account_300003,300003,Anticipo Utili Soci Snc-sas,equity,False,AI,0,0,"azienda_ordinaria,professionista,forfetario,semplificata",standard,
account_300004,300004,Fondo Dotazione Ente,equity,False,AI,0,0,"azienda_ordinaria,professionista,forfetario,semplificata",standard,
account_300005,300005,Titolare C/versamenti-ditte Individ.,equity,False,AI,0,0,"azienda_ordinaria,professionista,forfetario,semplificata",standard,
account_300006,300006,Titolare C/prelev-ditte Individuali,equity,False,AI,0,0,"azienda_ordinaria,professionista,forfetario,semplificata",standard,
account_300007,300007,Titolare-soci Enasarco,equity,False,AI,0,0,"azienda_ordinaria,professionista,forfetario,semplificata",standard,
account_300008,300008,Capitale Netto di Liquidazione,equity,False,AI,0,0,"azienda_ordinaria,professionista,forfetario,semplificata",standard,
account_300009,300009,Capitale Netto di Trasformazione,equity,False,AI,0,0,"azienda_ordinaria,professionista,forfetario,semplificata",standard,
account_301001,301001,Riserva Sovrapprezzo Azioni/quote,equity,False,AII,0,0,"azienda_ordinaria,professionista,forfetario,semplificata",standard,
account_302001,302001,Riserva Rivalutazione L.576/75,equity,False,AIII,0,0,"azienda_ordinaria,professionista,forfetario,semplificata",standard,
account_302002,302002,Riserva Rivalutazione L.72/83,equity,False,AIII,0,0,"azienda_ordinaria,professionista,forfetario,semplificata",standard,
account_302003,302003,Riserva Rivalutazione L.413/91,equity,False,AIII,0,0,"azienda_ordinaria,professionista,forfetario,semplificata",standard,
account_302004,302004,Riserva Rivalutazione L.342/2000,equity,False,AIII,0,0,"azienda_ordinaria,professionista,forfetario,semplificata",standard,
account_302005,302005,Riserva Rivalutazione L.448/2001,equity,False,AIII,0,0,"azienda_ordinaria,professionista,forfetario,semplificata",standard,
account_302006,302006,Riserva Rivalutazione L.266/2005,equity,False,AIII,0,0,"azienda_ordinaria,professionista,forfetario,semplificata",standard,
account_302007,302007,Riserva Rivalutazione L.2/2009,equity,False,AIII,0,0,"azienda_ordinaria,professionista,forfetario,semplificata",standard,
account_302008,302008,Riserva Rivalutazione L.147/2013,equity,False,AIII,0,0,"azienda_ordinaria,professionista,forfetario,semplificata",standard,
account_302009,302009,Riserva Rivalutazione L.208/15,equity,False,AIII,0,0,"azienda_ordinaria,professionista,forfetario,semplificata",standard,
account_302010,302010,Riserva Rivalutazione L.232/2016,equity,False,AIII,0,0,"azienda_ordinaria,professionista,forfetario,semplificata",standard,
account_302011,302011,Riserva Rivalutazione L.205/2017,equity,False,AIII,0,0,"azienda_ordinaria,professionista,forfetario,semplificata",standard,
account_302012,302012,Riserva Rivalutazione L.145/2018,equity,False,AIII,0,0,"azienda_ordinaria,professionista,forfetario,semplificata",standard,
account_302013,302013,Riserva Rivalutazione L.160/2019,equity,False,AIII,0,0,"azienda_ordinaria,professionista,forfetario,semplificata",standard,
account_302014,302014,Riserva Rivalutazione L.126/2020,equity,False,AIII,0,0,"azienda_ordinaria,professionista,forfetario,semplificata",standard,
account_302015,302015,Altre Riserve di Rivalutazione,equity,False,AIII,0,0,"azienda_ordinaria,professionista,forfetario,semplificata",standard,
account_303001,303001,Riserva Legale,equity,False,AIV,0,0,"azienda_ordinaria,professionista,forfetario,semplificata",standard,
account_304001,304001,Riserve Statutarie,equity,False,AV,0,0,"azienda_ordinaria,professionista,forfetario,semplificata",standard,
account_304002,304002,Riserve Indivisib. Art.12 L.904/77,equity,False,AV,0,0,"azienda_ordinaria,professionista,forfetario,semplificata",standard,
account_304003,304003,Riserva Statutaria per Trasparenza,equity,False,AV,0,0,"azienda_ordinaria,professionista,forfetario,semplificata",standard,
account_305001,305001,Riserva Straordinaria,equity,False,AVI1,0,0,"azienda_ordinaria,professionista,forfetario,semplificata",standard,
account_305002,305002,Riserva da Deroghe Ex. Art.2423 C. C.,equity,False,AVI2,0,0,"azienda_ordinaria,professionista,forfetario,semplificata",standard,
account_305003,305003,Riserva Azioni Societa' Controllante,equity,False,AVI3,0,0,"azienda_ordinaria,professionista,forfetario,semplificata",standard,
account_305004,305004,Riserva da Rivalutazione Partecip.,equity,False,AVI4,0,0,"azienda_ordinaria,professionista,forfetario,semplificata",standard,
account_305005,305005,Versamenti in Conto Aumento Capitale,equity,False,AVI5,0,0,"azienda_ordinaria,professionista,forfetario,semplificata",standard,
account_305006,305006,Versamenti Conto Futuro Aumento Cap.,equity,False,AVI6,0,0,"azienda_ordinaria,professionista,forfetario,semplificata",standard,
account_305007,305007,Versamenti in Conto Capitale,equity,False,AVI7,0,0,"azienda_ordinaria,professionista,forfetario,semplificata",standard,
account_305008,305008,Riserva C/copertura Perdite,equity,False,AVI8,0,0,"azienda_ordinaria,professionista,forfetario,semplificata",standard,
account_305009,305009,Riserva Riduzione Capitale Sociale,equity,False,AVI9,0,0,"azienda_ordinaria,professionista,forfetario,semplificata",standard,
account_305010,305010,Riserva Avanzo di Fusione,equity,False,AVI10,0,0,"azienda_ordinaria,professionista,forfetario,semplificata",standard,
account_305011,305011,Riserva Utili da Cambi non Realizz.,equity,False,AVI11,0,0,"azienda_ordinaria,professionista,forfetario,semplificata",standard,
account_305012,305012,Riserva da Conguag. Utili in Corso,equity,False,AVI12,0,0,"azienda_ordinaria,professionista,forfetario,semplificata",standard,
account_305013,305013,Utili 2017,equity,False,AVI13,0,0,"azienda_ordinaria,professionista,forfetario,semplificata",standard,
account_305014,305014,Riserva Contributi in Conto Capitale,equity,False,AVI13,0,0,"azienda_ordinaria,professionista,forfetario,semplificata",standard,
account_305015,305015,Riserva da Conversione Euro,equity,False,AVI13,0,0,"azienda_ordinaria,professionista,forfetario,semplificata",standard,
account_305016,305016,Riserva da Condono Fiscale,equity,False,AVI13,0,0,"azienda_ordinaria,professionista,forfetario,semplificata",standard,
account_305017,305017,Altre Riserve,equity,False,AVI13,0,0,"azienda_ordinaria,professionista,forfetario,semplificata",standard,
account_305018,305018,Riserve Ex Art.170 C.3 TUIR,equity,False,AVI13,0,0,"azienda_ordinaria,professionista,forfetario,semplificata",standard,
account_305019,305019,Riserva Indisponibile L.126/2020,equity,False,AVI13,0,0,"azienda_ordinaria,professionista,forfetario,semplificata",standard,
account_305020,305020,Riserve Indispon. da Organi Istituz.,equity,False,AVI13,0,0,"azienda_ordinaria,professionista,forfetario,semplificata",standard,
account_305021,305021,Riserve Indispon. da Terzi,equity,False,AVI13,0,0,"azienda_ordinaria,professionista,forfetario,semplificata",standard,
account_305022,305022,Riserva Copertu. Flussi Finanz. Attesi,equity,False,AVII,0,0,"azienda_ordinaria,professionista,forfetario,semplificata",standard,
account_305023,305023,Utili Portati a Nuovo,equity,False,AVIII,0,0,"azienda_ordinaria,professionista,forfetario,semplificata",standard,
account_305024,305024,Perdite Portate a Nuovo,equity,False,AVIII,0,0,"azienda_ordinaria,professionista,forfetario,semplificata",standard,
account_308001,308001,Perdita Ripianata Nell'esercizio,equity_unaffected,False,AIX1,0,0,"azienda_ordinaria,professionista,forfetario,semplificata",standard,
account_309001,309001,Azioni Proprie,equity,False,AX,0,0,"azienda_ordinaria,professionista,forfetario,semplificata",standard,
account_309002,309002,F.do Svalut. Azioni Proprie,equity,False,AX,0,0,"azienda_ordinaria,professionista,forfetario,semplificata",standard,
account_309003,309003,Azioni Proprie,equity,False,AX,0,0,"azienda_ordinaria,professionista,forfetario,semplificata",standard,
account_309004,309004,F.do Svalut. Azioni Proprie,equity,False,AX,0,0,"azienda_ordinaria,professionista,forfetario,semplificata",standard,
account_309005,309005,Riserva Negativa Az. Proprie Portaf.,equity,False,AX,0,0,"azienda_ordinaria,professionista,forfetario,semplificata",standard,
account_210001,210001,F.do Indenn. Cess. Rapporti Agenzia,liability_non_current,False,B1,0,0,"azienda_ordinaria,professionista,forfetario,semplificata",standard,
account_210002,210002,F.do Indenn. Cess. Rapporti Co. Co. Co,liability_non_current,False,B1,0,0,"azienda_ordinaria,professionista,forfetario,semplificata",standard,
account_210003,210003,F.do Tfm Ammin-no Professionisti,liability_non_current,False,B1,0,0,"azienda_ordinaria,professionista,forfetario,semplificata",standard,
account_210004,210004,F.do Rischi per Imposte,liability_non_current,False,B2,0,0,"azienda_ordinaria,professionista,forfetario,semplificata",standard,
account_210005,210005,F.do Imposte Differite,liability_non_current,False,B2,0,0,"azienda_ordinaria,professionista,forfetario,semplificata",standard,
account_210006,210006,Strum. Finanziari Derivati Passivi,liability_non_current,False,B3,0,0,"azienda_ordinaria,professionista,forfetario,semplificata",standard,
account_210007,210007,F.do Rischi su Cambi,liability_non_current,False,B4,0,0,"azienda_ordinaria,professionista,forfetario,semplificata",standard,
account_210008,210008,Fondi Accan. Discariche,liability_non_current,False,B4,0,0,"azienda_ordinaria,professionista,forfetario,semplificata",standard,
account_210009,210009,F.do Rischi per Controversie Legali,liability_non_current,False,B4,0,0,"azienda_ordinaria,professionista,forfetario,semplificata",standard,
account_210010,210010,F.do Rischi per Garanzia Prodotti,liability_non_current,False,B4,0,0,"azienda_ordinaria,professionista,forfetario,semplificata",standard,
account_210011,210011,F.do Rischi per Garanzie a Terzi,liability_non_current,False,B4,0,0,"azienda_ordinaria,professionista,forfetario,semplificata",standard,
account_210012,210012,F.do Rischi non Assicurati,liability_non_current,False,B4,0,0,"azienda_ordinaria,professionista,forfetario,semplificata",standard,
account_210013,210013,F.do Operazioni e Concorsi a Premio,liability_non_current,False,B4,0,0,"azienda_ordinaria,professionista,forfetario,semplificata",standard,
account_210014,210014,F.do Recupero Ambientale,liability_non_current,False,B4,0,0,"azienda_ordinaria,professionista,forfetario,semplificata",standard,
account_210015,210015,F.do Manutenzione Ciclica,liability_non_current,False,B4,0,0,"azienda_ordinaria,professionista,forfetario,semplificata",standard,
account_210016,210016,F.do Buoni Sconto,liability_non_current,False,B4,0,0,"azienda_ordinaria,professionista,forfetario,semplificata",standard,
account_210017,210017,F.do Riprist. Beni Affitto Azienda,liability_non_current,False,B4,0,0,"azienda_ordinaria,professionista,forfetario,semplificata",standard,
account_210018,210018,Altri Fondi per Oneri,liability_non_current,False,B4,0,0,"azienda_ordinaria,professionista,forfetario,semplificata",standard,
account_210019,210019,F.do Costi Oneri di Liquidazione,liability_non_current,False,B4,0,0,"azienda_ordinaria,professionista,forfetario,semplificata",standard,
account_220001,220001,Debiti per TFR,liability_non_current,False,C,0,0,"azienda_ordinaria,professionista,forfetario,semplificata",standard,
account_220002,220002,TFR C/anticipi,liability_non_current,False,C,0,0,"azienda_ordinaria,professionista,forfetario,semplificata",standard,
account_230001,230001,Obbligazioni Scadenti <12mesi,liability_current,False,D1A,0,0,"azienda_ordinaria,professionista,forfetario,semplificata",standard,
account_230002,230002,Obbligazioni Scadenti >12mesi,liability_non_current,False,D1B,0,0,"azienda_ordinaria,professionista,forfetario,semplificata",standard,
account_230003,230003,Obbligazioni Convert.<12mesi,liability_current,False,D2A,0,0,"azienda_ordinaria,professionista,forfetario,semplificata",standard,
account_230004,230004,Obbligazioni Convert.>12mesi,liability_non_current,False,D2B,0,0,"azienda_ordinaria,professionista,forfetario,semplificata",standard,
account_230005,230005,Deb. V/soci Finanziam.<12mesi,liability_current,True,D3A,0,0,"azienda_ordinaria,professionista,forfetario,semplificata",standard,
account_230006,230006,Deb. V/soci Finanz. Infrutt.<12mesi,liability_current,True,D3A,0,0,"azienda_ordinaria,professionista,forfetario,semplificata",standard,
account_230007,230007,Deb. V/soci per Ristorni <12mesi,liability_current,True,D3A,0,0,"azienda_ordinaria,professionista,forfetario,semplificata",standard,
account_230008,230008,Debiti V/assoc. Fondatori <12 Mesi,liability_current,True,D3A,0,0,"azienda_ordinaria,professionista,forfetario,semplificata",standard,
account_230009,230009,Deb. V/soci Finanziam.>12mesi,liability_non_current,True,D3B,0,0,"azienda_ordinaria,professionista,forfetario,semplificata",standard,
account_230010,230010,Deb. V/soci Finanz. Infrutt.>12mesi,liability_non_current,True,D3B,0,0,"azienda_ordinaria,professionista,forfetario,semplificata",standard,
account_230011,230011,Deb. V/soci per Ristorni >12mesi,liability_non_current,True,D3B,0,0,"azienda_ordinaria,professionista,forfetario,semplificata",standard,
account_230012,230012,Debiti V/assoc. Fondatori >12 Mesi,liability_non_current,True,D3B,0,0,"azienda_ordinaria,professionista,forfetario,semplificata",standard,
account_180004,180004,Banca,asset_cash,True,CIV1,0,0,"azienda_ordinaria,professionista,forfetario,semplificata",standard,
account_180005,180005,Banca C/inter. Maturati,asset_cash,True,CIV1,0,0,"azienda_ordinaria,professionista,forfetario,semplificata",standard,
account_180006,180006,Depositi Bancari Aziendali,asset_cash,True,CIV1,0,0,"azienda_ordinaria,professionista,forfetario,semplificata",standard,
account_230013,230013,Rate Mutui Esigibili <12mesi,liability_current,True,D4A,0,0,"azienda_ordinaria,professionista,forfetario,semplificata",standard,
account_230014,230014,Banca C/finanziam.<12mesi,liability_current,True,D4A,0,0,"azienda_ordinaria,professionista,forfetario,semplificata",standard,
account_230015,230015,Banche C/anticipi su Fatture,liability_current,True,D4A,0,0,"azienda_ordinaria,professionista,forfetario,semplificata",standard,
account_230016,230016,Mutui Passivi >12mesi,liability_non_current,True,D4B,0,0,"azienda_ordinaria,professionista,forfetario,semplificata",standard,
account_230017,230017,Finanziam. Bancari >12mesi,liability_non_current,True,D4B,0,0,"azienda_ordinaria,professionista,forfetario,semplificata",standard,
account_230018,230018,Deb. V/altri Finanziat.<12mesi,liability_current,True,D5A,0,0,"azienda_ordinaria,professionista,forfetario,semplificata",standard,
account_230019,230019,Deb. V/enti Rete Associat. <12mesi,liability_current,True,D5A,0,0,"azienda_ordinaria,professionista,forfetario,semplificata",standard,
account_230020,230020,Deb. V/altri Finanziat.>12mesi,liability_non_current,True,D5B,0,0,"azienda_ordinaria,professionista,forfetario,semplificata",standard,
account_230021,230021,Deb. V/enti Rete Associat. >12mesi,liability_non_current,True,D5B,0,0,"azienda_ordinaria,professionista,forfetario,semplificata",standard,
account_240001,240001,Clienti C/anticipi,liability_payable,True,D6A,0,0,"azienda_ordinaria,professionista,forfetario,semplificata",standard,
account_240002,240002,Clienti C/caparre,liability_payable,True,D6A,0,0,"azienda_ordinaria,professionista,forfetario,semplificata",standard,
account_240003,240003,Clienti C/F.do Spese,liability_payable,True,D6A,0,0,"azienda_ordinaria,professionista,forfetario,semplificata",standard,
account_240004,240004,Clienti C/rimborso Spese,liability_payable,True,D6A,0,0,"azienda_ordinaria,professionista,forfetario,semplificata",standard,
account_240005,240005,Incassi C/terzi,liability_payable,True,D6A,0,0,"azienda_ordinaria,professionista,forfetario,semplificata",standard,
account_240006,240006,Clienti C/acconti >12mesi,liability_non_current,False,D6B,0,0,"azienda_ordinaria,professionista,forfetario,semplificata",standard,
account_240007,240007,Clienti C/caparre >12mesi,liability_non_current,False,D6B,0,0,"azienda_ordinaria,professionista,forfetario,semplificata",standard,
account_250001,250001,Fornitori C/fatture da Ricevere,liability_payable,True,D7A,0,0,"azienda_ordinaria,professionista,forfetario,semplificata",standard,
account_250002,250002,Fornitori C/note Credito da Ricevere,liability_payable,True,D7A,0,0,"azienda_ordinaria,professionista,forfetario,semplificata",standard,
account_250003,250003,Forn. C/riten. non Maturate,liability_payable,True,D7A,0,0,"azienda_ordinaria,professionista,forfetario,semplificata",standard,
account_250004,250004,Altri Debiti V/fornitori,liability_payable,True,D7A,0,0,"azienda_ordinaria,professionista,forfetario,semplificata",standard,
account_250005,250005,Fornitori C/fatture da Ricev.>12mesi,liability_non_current,False,D7B,0,0,"azienda_ordinaria,professionista,forfetario,semplificata",standard,
account_250006,250006,Fornitori C/n. Cred. da Ricev.>12mesi,liability_non_current,False,D7B,0,0,"azienda_ordinaria,professionista,forfetario,semplificata",standard,
account_251001,251001,Effetti Pass. Commerc.<12mesi,liability_current,False,D8A,0,0,"azienda_ordinaria,professionista,forfetario,semplificata",standard,
account_251002,251002,Effetti Pass. Commerc.>12mesi,liability_non_current,False,D8B,0,0,"azienda_ordinaria,professionista,forfetario,semplificata",standard,
account_252001,252001,Deb. Impr. Controllate <12mesi,liability_current,False,D9A,0,0,"azienda_ordinaria,professionista,forfetario,semplificata",standard,
account_252002,252002,Deb. Impr. Controllate >12mesi,liability_non_current,False,D9B,0,0,"azienda_ordinaria,professionista,forfetario,semplificata",standard,
account_252003,252003,Deb. Impr. Collegate <12mesi,liability_current,False,D10A,0,0,"azienda_ordinaria,professionista,forfetario,semplificata",standard,
account_252004,252004,Deb. Impr. Collegate >12mesi,liability_non_current,False,D10B,0,0,"azienda_ordinaria,professionista,forfetario,semplificata",standard,
account_252005,252005,Deb. Impr. Controllanti <12mesi,liability_current,False,D11A,0,0,"azienda_ordinaria,professionista,forfetario,semplificata",standard,
account_252006,252006,Deb. Impr. Controllanti >12mesi,liability_non_current,False,D11B,0,0,"azienda_ordinaria,professionista,forfetario,semplificata",standard,
account_252007,252007,Debiti V/consociate <12mesi,asset_current,False,D11BISA,0,0,"azienda_ordinaria,professionista,forfetario,semplificata",standard,
account_252008,252008,Debiti V/consociate >12mesi,asset_current,False,D11BISB,0,0,"azienda_ordinaria,professionista,forfetario,semplificata",standard,
account_160024,160024,Erario C/IRES,asset_current,True,CII5BISA,0,0,"azienda_ordinaria,professionista,forfetario,semplificata",standard,
account_160025,160025,Erario C/IRAP,asset_current,True,CII5BISA,0,0,"azienda_ordinaria,professionista,forfetario,semplificata",standard,
account_160026,160026,Erario C/IVA,asset_current,True,CII5BISA,0,0,"azienda_ordinaria,professionista,forfetario,semplificata",standard,
account_260001,260001,IVA su Vendite,liability_current,True,D12A,0,0,"azienda_ordinaria,professionista,forfetario,semplificata",standard,
account_260002,260002,IVA su Corrispettivi,liability_current,True,D12A,0,0,"azienda_ordinaria,professionista,forfetario,semplificata",standard,
account_260003,260003,IVA in Sospensione,liability_current,True,D12A,0,0,"azienda_ordinaria,professionista,forfetario,semplificata",standard,
account_260004,260004,IVA a Esigib. Differ. Vendite,liability_current,True,D12A,0,0,"azienda_ordinaria,professionista,forfetario,semplificata",standard,
account_160027,160027,Pro Rata Provvisorio,asset_current,True,CII5BISA,0,0,"azienda_ordinaria,professionista,forfetario,semplificata",standard,
account_260005,260005,Residuo IVA da Forfettizzare,liability_current,True,D12A,0,0,forfetario,standard,
account_260006,260006,Erario C/IVA Oss,liability_current,True,D12A,0,0,"azienda_ordinaria,professionista,forfetario,semplificata",standard,
account_260007,260007,IVA su Vendite Oss,liability_current,True,D12A,0,0,"azienda_ordinaria,professionista,forfetario,semplificata",standard,
account_260008,260008,Erario C/ritenute Effettuate,liability_current,True,D12A,0,0,"azienda_ordinaria,professionista,forfetario,semplificata",standard,
account_260009,260009,Erario C/ritenute Dipendenti,liability_current,True,D12A,0,0,"azienda_ordinaria,professionista,forfetario,semplificata",standard,
account_260010,260010,Erario C/ritenute Addiz. Regionale,liability_current,True,D12A,0,0,"azienda_ordinaria,professionista,forfetario,semplificata",standard,
account_260011,260011,Erario C/ritenute Addiz. Comunale,liability_current,True,D12A,0,0,"azienda_ordinaria,professionista,forfetario,semplificata",standard,
account_260012,260012,Altri Debiti Tributari,liability_current,True,D12A,0,0,"azienda_ordinaria,professionista,forfetario,semplificata",standard,
account_260013,260013,Erario C/imposte da Adeguamento ISA,liability_current,True,D12A,0,0,"azienda_ordinaria,professionista,forfetario,semplificata",standard,
account_260014,260014,Erario C/imp. Sostit.<12mesi,liability_current,True,D12A,0,0,"azienda_ordinaria,professionista,forfetario,semplificata",standard,
account_260015,260015,Erario C/imp. Sostit.>12mesi,liability_non_current,True,D12B,0,0,"azienda_ordinaria,professionista,forfetario,semplificata",standard,
account_260016,260016,Altri Debiti V/erario>12mesi,liability_non_current,True,D12B,0,0,"azienda_ordinaria,professionista,forfetario,semplificata",standard,
account_163057,163057,INPS C/contributi,asset_current,True,CII5QUATA,0,0,"azienda_ordinaria,professionista,forfetario,semplificata",standard,
account_163058,163058,Inps-contributi Gest. Separata,asset_current,True,CII5QUATA,0,0,"azienda_ordinaria,professionista,forfetario,semplificata",standard,
account_163059,163059,INAIL C/contributi,asset_current,True,CII5QUATA,0,0,"azienda_ordinaria,professionista,forfetario,semplificata",standard,
account_163060,163060,Enasarco C/contributi,asset_current,True,CII5QUATA,0,0,"azienda_ordinaria,professionista,forfetario,semplificata",standard,
account_163061,163061,Debiti V/enasarco per FIRR,asset_current,True,CII5QUATA,0,0,"azienda_ordinaria,professionista,forfetario,semplificata",standard,
account_163062,163062,Altri Debiti Istit. Previdenz.<12mesi,asset_current,True,CII5QUATA,0,0,"azienda_ordinaria,professionista,forfetario,semplificata",standard,
account_163063,163063,Deb. V/INPS Ferie Mensilita'maturate,asset_current,True,CII5QUATA,0,0,"azienda_ordinaria,professionista,forfetario,semplificata",standard,
account_163064,163064,Deb. per F.do Assist. Integrativa,asset_current,True,CII5QUATA,0,0,"azienda_ordinaria,professionista,forfetario,semplificata",standard,
account_163065,163065,Deb. per F.do Previd. Integrativa,asset_current,True,CII5QUATA,0,0,"azienda_ordinaria,professionista,forfetario,semplificata",standard,
account_163066,163066,Deb. per F.do Assist. Enti Bilaterali,asset_current,True,CII5QUATA,0,0,"azienda_ordinaria,professionista,forfetario,semplificata",standard,
account_163067,163067,Deb. per F.do Assist. Enti Paritetici,asset_current,True,CII5QUATA,0,0,"azienda_ordinaria,professionista,forfetario,semplificata",standard,
account_163068,163068,Debiti V/INPS Dipend. Sospesi,asset_current,True,CII5QUATA,0,0,"azienda_ordinaria,professionista,forfetario,semplificata",standard,
account_163069,163069,Debiti V/INPS Collab. Sospesi,asset_current,True,CII5QUATA,0,0,"azienda_ordinaria,professionista,forfetario,semplificata",standard,
account_163070,163070,Altri Debiti Istit. Previdenz.>12mesi,asset_current,True,CII5QUATB,0,0,"azienda_ordinaria,professionista,forfetario,semplificata",standard,
account_163071,163071,Soci C/prelevamenti,asset_current,True,CII5QUATA,0,0,"azienda_ordinaria,professionista,forfetario,semplificata",standard,
account_163072,163072,Deb. per F.do Tesoreria INPS,asset_current,True,CII5QUATA,0,0,"azienda_ordinaria,professionista,forfetario,semplificata",standard,
account_280001,280001,Amministratori C/compensi,liability_current,True,D14A,0,0,"azienda_ordinaria,professionista,forfetario,semplificata",standard,
account_280002,280002,Sindaci C/compensi,liability_current,True,D14A,0,0,"azienda_ordinaria,professionista,forfetario,semplificata",standard,
account_280003,280003,Cauzioni da Clienti per Imballaggi,liability_current,True,D14A,0,0,"azienda_ordinaria,professionista,forfetario,semplificata",standard,
account_280004,280004,Debiti per Cauzioni,liability_current,True,D14A,0,0,"azienda_ordinaria,professionista,forfetario,semplificata",standard,
account_280005,280005,Dipendenti C/retribuzioni,liability_current,True,D14A,0,0,"azienda_ordinaria,professionista,forfetario,semplificata",standard,
account_280006,280006,Dipendenti C/liquidazioni,liability_current,True,D14A,0,0,"azienda_ordinaria,professionista,forfetario,semplificata",standard,
account_280007,280007,Ritenute Sindacali,liability_current,True,D14A,0,0,"azienda_ordinaria,professionista,forfetario,semplificata",standard,
account_280008,280008,Rappresentanti C/provv. da Liquidare,liability_current,True,D14A,0,0,"azienda_ordinaria,professionista,forfetario,semplificata",standard,
account_280009,280009,Collaboratori C/compensi,liability_current,True,D14A,0,0,"azienda_ordinaria,professionista,forfetario,semplificata",standard,
account_163073,163073,Soci C/utili,asset_current,True,CII5QUATA,0,0,"azienda_ordinaria,professionista,forfetario,semplificata",standard,
account_280010,280010,Azionisti C/dividendi,liability_current,True,D14A,0,0,"azienda_ordinaria,professionista,forfetario,semplificata",standard,
account_280011,280011,Soci C/liquidazioni,liability_current,True,D14A,0,0,"azienda_ordinaria,professionista,forfetario,semplificata",standard,
account_280012,280012,Soci C/rimborsi,liability_current,True,D14A,0,0,"azienda_ordinaria,professionista,forfetario,semplificata",standard,
account_280013,280013,Debiti Diversi,liability_current,True,D14A,0,0,"azienda_ordinaria,professionista,forfetario,semplificata",standard,
account_280014,280014,Debiti per Carte Credito,liability_current,True,D14A,0,0,"azienda_ordinaria,professionista,forfetario,semplificata",standard,
account_280015,280015,Deb. per 14ESIMA Ferie Permessi,liability_current,True,D14A,0,0,"azienda_ordinaria,professionista,forfetario,semplificata",standard,
account_280016,280016,Debiti V/obbligazionisti,liability_current,True,D14A,0,0,"azienda_ordinaria,professionista,forfetario,semplificata",standard,
account_280017,280017,F. di Mutualistici Legge 59/92,liability_current,True,D14A,0,0,"azienda_ordinaria,professionista,forfetario,semplificata",standard,
account_280018,280018,Associato C/corrispettivo,liability_current,True,D14A,0,0,"azienda_ordinaria,professionista,forfetario,semplificata",standard,
account_280019,280019,Debiti Assicuraz. Vita,liability_current,True,D14A,0,0,"azienda_ordinaria,professionista,forfetario,semplificata",standard,
account_280020,280020,Deb. Erogaz. Liberali Condiz. <12mesi,liability_current,True,D14A,0,0,"azienda_ordinaria,professionista,forfetario,semplificata",standard,
account_280021,280021,Debiti Diversi >12mesi,liability_non_current,True,D14B,0,0,"azienda_ordinaria,professionista,forfetario,semplificata",standard,
account_280022,280022,Debiti per Cauzioni >12mesi,liability_non_current,True,D14B,0,0,"azienda_ordinaria,professionista,forfetario,semplificata",standard,
account_280023,280023,Altri Deb. V/dip. e Collab.>12mesi,liability_non_current,True,D14B,0,0,"azienda_ordinaria,professionista,forfetario,semplificata",standard,
account_280024,280024,Deb. Erogaz. Liberali Condiz. >12mesi,liability_non_current,True,D14B,0,0,"azienda_ordinaria,professionista,forfetario,semplificata",standard,
account_290001,290001,Ratei Passivi,liability_current,False,E,0,0,"azienda_ordinaria,professionista,forfetario,semplificata",standard,
account_290002,290002,Risconti Passivi,liability_current,False,E,0,0,"azienda_ordinaria,professionista,forfetario,semplificata",standard,
account_290003,290003,Ricavi Anticipati,liability_current,False,E,0,0,"azienda_ordinaria,professionista,forfetario,semplificata",standard,
account_290004,290004,Aggio su Prestiti,liability_current,False,E,0,0,"azienda_ordinaria,professionista,forfetario,semplificata",standard,
account_700001,700001,Prodotti Finiti C/vendite,income,False,A1,100,100,"azienda_ordinaria,professionista,forfetario,semplificata",standard,
account_700002,700002,Merci C/vendite,income,False,A1,100,100,"azienda_ordinaria,professionista,forfetario,semplificata",standard,
account_700003,700003,Imballaggi C/vendite,income,False,A1,100,100,"azienda_ordinaria,professionista,forfetario,semplificata",standard,
account_700004,700004,Materie Prime/semil. C/vendite,income,False,A1,100,100,"azienda_ordinaria,professionista,forfetario,semplificata",standard,
account_700005,700005,Autocons-finalita Estranee Impresa,income,False,A1,100,100,"azienda_ordinaria,professionista,forfetario,semplificata",standard,
account_700006,700006,Altri Ricavi delle Vendite,income,False,A1,100,100,"azienda_ordinaria,professionista,forfetario,semplificata",standard,
account_700007,700007,Passaggi Interni Beni,income,False,A1,100,100,"azienda_ordinaria,professionista,forfetario,semplificata",standard,
account_700008,700008,Rimborsi Spese Beni(imballi-ecc.),income,False,A1,100,100,"azienda_ordinaria,professionista,forfetario,semplificata",standard,
account_700009,700009,Merci C/vendite Forfettari,income,False,A1,0,0,forfetario,standard,
account_700010,700010,Altri Ricavi Vendite non Imponibili,income,False,A1,0,100,"azienda_ordinaria,professionista,forfetario,semplificata",standard,
account_700011,700011,Merci C/vendite Soci Coop.,income,False,A1,100,100,"azienda_ordinaria,professionista,forfetario,semplificata",standard,
account_700012,700012,Merci C/vendite Dispositivi Dpi,income,False,A1,100,100,"azienda_ordinaria,professionista,forfetario,semplificata",standard,
account_700013,700013,Ricavi Prestazioni Servizi,income,False,A1,100,100,"azienda_ordinaria,professionista,forfetario,semplificata",standard,
account_700014,700014,Lavorazioni C/terzi,income,False,A1,100,100,"azienda_ordinaria,professionista,forfetario,semplificata",standard,
account_700015,700015,Provvigioni Attive,income,False,A1,100,100,"azienda_ordinaria,professionista,forfetario,semplificata",standard,
account_700016,700016,Altri Ricavi delle Prestazioni,income,False,A1,100,100,"azienda_ordinaria,professionista,forfetario,semplificata",standard,
account_700017,700017,Passaggi Interni Servizi,income,False,A1,100,100,"azienda_ordinaria,professionista,forfetario,semplificata",standard,
account_700018,700018,Rimborsi Spese Servizi(trasp.-ecc.),income,False,A1,100,100,"azienda_ordinaria,professionista,forfetario,semplificata",standard,
account_700019,700019,Ricavi Prestaz. Servizi Forfettari,income,False,A1,0,0,forfetario,standard,
account_700020,700020,Altri Ricavi Prestaz. non Imponibili,income,False,A1,0,100,"azienda_ordinaria,professionista,forfetario,semplificata",standard,
account_700021,700021,Ricavi Prestaz. Servizi Soci Coop.,income,False,A1,100,100,"azienda_ordinaria,professionista,forfetario,semplificata",standard,
account_700022,700022,Ricavi Prest. Servizi a Terzi Ets,income,False,A1,100,100,"azienda_ordinaria,professionista,forfetario,semplificata",standard,
account_700023,700023,Resi su Vendite,income,False,A1,100,100,"azienda_ordinaria,professionista,forfetario,semplificata",standard,
account_700024,700024,Sconti su Vendite,income,False,A1,100,100,"azienda_ordinaria,professionista,forfetario,semplificata",standard,
account_700025,700025,Abbuoni su Vendite,income,False,A1,100,100,"azienda_ordinaria,professionista,forfetario,semplificata",standard,
account_700026,700026,Premi su Vendite,income,False,A1,100,100,"azienda_ordinaria,professionista,forfetario,semplificata",standard,
account_700027,700027,Ricavi per Quote Associative (sez. A),income,False,A1,0,0,"azienda_ordinaria,professionista,forfetario,semplificata",standard,
account_700028,700028,Ricavi per Appor. da Fondat. (sez. A),income,False,A1,0,0,"azienda_ordinaria,professionista,forfetario,semplificata",standard,
account_700029,700029,Proventi da Assoc. Att. Mutu.(sez. A),income,False,A1,0,0,"azienda_ordinaria,professionista,forfetario,semplificata",standard,
account_700030,700030,Ricavi Prest. Serv. Assoc. (sez. A),income,False,A1,0,0,"azienda_ordinaria,professionista,forfetario,semplificata",standard,
account_700031,700031,Ricavi Prest. Serv. Fondat. (sez. A),income,False,A1,0,0,"azienda_ordinaria,professionista,forfetario,semplificata",standard,
account_700032,700032,Merci C/vendite Associati (sez. A),income,False,A1,0,0,"azienda_ordinaria,professionista,forfetario,semplificata",standard,
account_700033,700033,Merci C/vendite Fondatori (sez. A),income,False,A1,0,0,"azienda_ordinaria,professionista,forfetario,semplificata",standard,
account_700034,700034,Ricavi da Erog. Liberali (sez. A),income,False,A1,0,0,"azienda_ordinaria,professionista,forfetario,semplificata",standard,
account_700035,700035,Proventi da 5 per Mille (sez. A),income,False,A1,0,0,"azienda_ordinaria,professionista,forfetario,semplificata",standard,
account_700036,700036,Ricavi Prest. Serv. a Terzi (sez. A),income,False,A1,0,0,"azienda_ordinaria,professionista,forfetario,semplificata",standard,
account_700037,700037,Merci C/vendite a Terzi (sez. A),income,False,A1,0,0,"azienda_ordinaria,professionista,forfetario,semplificata",standard,
account_700038,700038,Corrispettivi Lordi,income,False,A1,100,100,"azienda_ordinaria,professionista,forfetario,semplificata",standard,
account_700039,700039,Corrispettivi Netti,income,False,A1,100,100,"azienda_ordinaria,professionista,forfetario,semplificata",standard,
account_700040,700040,Ricavi Generi a Ricavo Fisso/aggi,income,False,A1,100,100,"azienda_ordinaria,professionista,forfetario,semplificata",standard,
account_700041,700041,Fitti Attivi Fabb. Strum. Soc. Immobil.,income,False,A1,100,100,"azienda_ordinaria,professionista,forfetario,semplificata",standard,
account_700042,700042,Fitti Attivi Fabb. non Strum. Soc. Immo,income,False,A1,100,100,"azienda_ordinaria,professionista,forfetario,semplificata",standard,
account_700043,700043,Fitti Attivi Terreni Soc. Immobiliari,income,False,A1,100,100,"azienda_ordinaria,professionista,forfetario,semplificata",standard,
account_700044,700044,Fitti Attivi Fabb. Civili Soc. Immobil,income,False,A1,100,100,"azienda_ordinaria,professionista,forfetario,semplificata",standard,
account_700045,700045,Fitto Ramo Azienda Gest. Caratter.,income,False,A1,100,100,"azienda_ordinaria,professionista,forfetario,semplificata",standard,
account_700046,700046,"Ricavi per Aggi(carbur.,riviste,ecc)",income,False,A1,100,100,"azienda_ordinaria,professionista,forfetario,semplificata",standard,
account_700047,700047,Ricavo da Contributo CONAI,income,False,A1,100,100,"azienda_ordinaria,professionista,forfetario,semplificata",standard,
account_700048,700048,Sospesi su Corrispettivi,income,False,A1,100,100,"azienda_ordinaria,professionista,forfetario,semplificata",standard,
account_700049,700049,Ricavi Prest. Assoc. Fond. (sez. B),income,False,A1,100,100,"azienda_ordinaria,professionista,forfetario,semplificata",standard,
account_700050,700050,Merci C/vendite Assoc. Fond. (sez. B),income,False,A1,100,100,"azienda_ordinaria,professionista,forfetario,semplificata",standard,
account_700051,700051,Ricavi Prest. Serv. a Terzi(sez. B),income,False,A1,100,100,"azienda_ordinaria,professionista,forfetario,semplificata",standard,
account_700052,700052,Merci C/vendite a Terzi (sez. B),income,False,A1,100,100,"azienda_ordinaria,professionista,forfetario,semplificata",standard,
account_700053,700053,Prov. da Racc. Fondi Abit. (sez. C),income,False,A1,0,100,"azienda_ordinaria,professionista,forfetario,semplificata",standard,
account_710001,710001,Rim. Iniz. Prod. Corso Lavorazione,income_other,False,A2,100,100,"azienda_ordinaria,professionista,forfetario,semplificata",standard,
account_710002,710002,Rim. Iniz. Semilavorati,income_other,False,A2,100,100,"azienda_ordinaria,professionista,forfetario,semplificata",standard,
account_710003,710003,Rim. Iniz. Prodotti Finiti,income_other,False,A2,100,100,"azienda_ordinaria,professionista,forfetario,semplificata",standard,
account_710004,710004,Rim. Iniz. Prod. Finiti Semplificate,income_other,False,A2,100,0,"azienda_ordinaria,semplificata",standard,
account_710005,710005,Svalutazione Rim. Prodotti in Corso,income_other,False,A2,100,100,"azienda_ordinaria,professionista,forfetario,semplificata",standard,
account_710006,710006,Svalutazione Rimanenze Semilavorati,income_other,False,A2,100,100,"azienda_ordinaria,professionista,forfetario,semplificata",standard,
account_710007,710007,Svalutazione Rim. Prodotti Finiti,income_other,False,A2,100,100,"azienda_ordinaria,professionista,forfetario,semplificata",standard,
account_710008,710008,Rimanenze Finali (sez. A),income_other,False,A2,0,0,"azienda_ordinaria,professionista,forfetario,semplificata",standard,
account_710009,710009,Rim. Fin. Prod. Corso Lavorazione,income_other,False,A2,100,100,"azienda_ordinaria,professionista,forfetario,semplificata",standard,
account_710010,710010,Rim. Fin. Semilavorati,income_other,False,A2,100,100,"azienda_ordinaria,professionista,forfetario,semplificata",standard,
account_710011,710011,Rim. Fin. Prodotti Finiti,income_other,False,A2,100,100,"azienda_ordinaria,professionista,forfetario,semplificata",standard,
account_710012,710012,Rim. Fin. Prod. Finiti Semplificate,income_other,False,A2,100,0,"azienda_ordinaria,semplificata",standard,
account_710013,710013,Rimanenze Finali (sez. B),income_other,False,A2,100,100,"azienda_ordinaria,professionista,forfetario,semplificata",standard,
account_720001,720001,Rim. Iniz. Lav. Corso Ord.<12mesi,income_other,False,A3,100,100,"azienda_ordinaria,professionista,forfetario,semplificata",standard,
account_720002,720002,Rim. Iniz. Lav. Corso Ord.<12m Sempl.,income_other,False,A3,100,0,"azienda_ordinaria,semplificata",standard,
account_720003,720003,Rim. Iniz. Opere/serv. Ultrannuali,income_other,False,A3,100,100,"azienda_ordinaria,professionista,forfetario,semplificata",standard,
account_720004,720004,Rim. Iniz. Ultrannuali Semplificate,income_other,False,A3,100,0,"azienda_ordinaria,semplificata",standard,
account_720005,720005,Rim. Fin. Lav. Corso Ord.<12mesi,income_other,False,A3,100,100,"azienda_ordinaria,professionista,forfetario,semplificata",standard,
account_720006,720006,Rim. Fin. Opere/serv. Ultrannuali,income_other,False,A3,100,100,"azienda_ordinaria,professionista,forfetario,semplificata",standard,
account_720007,720007,Rim. Fin. Ultrannuali Semplificate,income_other,False,A3,100,0,"azienda_ordinaria,semplificata",standard,
account_720008,720008,Rim. Fin. Lav. Corso Ord.<12mesi Sempl.,income_other,False,A3,100,0,"azienda_ordinaria,semplificata",standard,
account_730001,730001,Capitalizz. Costi Imm. Immater.,income_other,False,A4,100,100,"azienda_ordinaria,professionista,forfetario,semplificata",standard,
account_730002,730002,Costruz. Interne Imm. Materiali,income_other,False,A4,100,100,"azienda_ordinaria,professionista,forfetario,semplificata",standard,
account_730003,730003,Capitalizz. Costi Imm. Mater.,income_other,False,A4,100,100,"azienda_ordinaria,professionista,forfetario,semplificata",standard,
account_740001,740001,Contributi da Sogg. Privati (sez. A),income_other,False,A5A,0,0,"azienda_ordinaria,professionista,forfetario,semplificata",standard,
account_740002,740002,Contributi da Enti Pubb. (sez. A),income_other,False,A5A,0,0,"azienda_ordinaria,professionista,forfetario,semplificata",standard,
account_740003,740003,Prov. da Contr. con Enti Pub.(sez. A),income_other,False,A5A,0,0,"azienda_ordinaria,professionista,forfetario,semplificata",standard,
account_740004,740004,Contrib. C/eserc. Gest. Caratteristica,income_other,False,A5A,100,100,"azienda_ordinaria,professionista,forfetario,semplificata",standard,
account_740005,740005,Contrib. C/eserc. Autotrasp. Gasolio,income_other,False,A5A,0,100,"azienda_ordinaria,professionista,forfetario,semplificata",standard,
account_740006,740006,Contributo Covid No Ires/IRAP,income_other,False,A5A,0,100,"azienda_ordinaria,professionista,forfetario,semplificata",standard,
account_740007,740007,Contributo Covid,income_other,False,A5A,100,100,"azienda_ordinaria,professionista,forfetario,semplificata",standard,
account_740008,740008,Contrib. F.do Perduto No Ires/IRAP,income_other,False,A5A,0,100,"azienda_ordinaria,professionista,forfetario,semplificata",standard,
account_740009,740009,Contributi C/interessi,income_other,False,A5A,100,100,"azienda_ordinaria,professionista,forfetario,semplificata",standard,
account_740010,740010,Contributi da Sogg. Privati (sez. B),income_other,False,A5A,100,100,"azienda_ordinaria,professionista,forfetario,semplificata",standard,
account_740011,740011,Contributi da Enti Pubblici (sez. B),income_other,False,A5A,100,100,"azienda_ordinaria,professionista,forfetario,semplificata",standard,
account_740012,740012,Prov. da Contr. con Enti Pub.(sez. B),income_other,False,A5A,100,100,"azienda_ordinaria,professionista,forfetario,semplificata",standard,
account_740013,740013,Altri Ricavi e Prov. Generali (sez. A),income_other,False,A5B,0,0,"azienda_ordinaria,professionista,forfetario,semplificata",standard,
account_740014,740014,Plusvalenze-non Imponibili (sez. A),income_other,False,A5B,100,0,"azienda_ordinaria,professionista,forfetario,semplificata",standard,
account_740015,740015,Plusv. Ordinarie-non Rateizz. (sez. A),income_other,False,A5B,0,0,"azienda_ordinaria,professionista,forfetario,semplificata",standard,
account_740016,740016,Sopravvenienze Attive (sez. A),income_other,False,A5B,0,0,"azienda_ordinaria,professionista,forfetario,semplificata",standard,
account_740017,740017,Recuperi e Risarcimenti,income_other,False,A5B,100,100,"azienda_ordinaria,professionista,forfetario,semplificata",standard,
account_740018,740018,Indennita' Sostit. Mancato Reddito,income_other,False,A5B,100,100,"azienda_ordinaria,professionista,forfetario,semplificata",standard,
account_740019,740019,Contributi C/impianti,income_other,False,A5B,100,100,"azienda_ordinaria,professionista,forfetario,semplificata",standard,
account_740020,740020,Contrib. Corrispettivi da Contratto,income_other,False,A5B,100,100,"azienda_ordinaria,professionista,forfetario,semplificata",standard,
account_740021,740021,Contrib. Crediti Imposta No Ires/IRAP,income_other,False,A5B,0,100,"azienda_ordinaria,professionista,forfetario,semplificata",standard,
account_740022,740022,Canoni Attivi,income_other,False,A5B,100,100,"azienda_ordinaria,professionista,forfetario,semplificata",standard,
account_740023,740023,Omaggi da Fornitori,income_other,False,A5B,100,100,"azienda_ordinaria,professionista,forfetario,semplificata",standard,
account_740024,740024,Proventi per Liberalita',income_other,False,A5B,100,100,"azienda_ordinaria,professionista,forfetario,semplificata",standard,
account_740025,740025,"Proventi Royalties,marchi,ecc.",income_other,False,A5B,100,100,"azienda_ordinaria,professionista,forfetario,semplificata",standard,
account_740026,740026,Abbuoni/arroton. Attivi,income_other,False,A5B,100,100,"azienda_ordinaria,professionista,forfetario,semplificata",standard,
account_740027,740027,Rimborsi Spese,income_other,False,A5B,100,100,"azienda_ordinaria,professionista,forfetario,semplificata",standard,
account_740028,740028,Altri Ricavi e Proventi Vari,income_other,False,A5B,100,100,"azienda_ordinaria,professionista,forfetario,semplificata",standard,
account_740029,740029,Affitti Attivi D'azienda,income_other,False,A5B,100,100,"azienda_ordinaria,professionista,forfetario,semplificata",standard,
account_740030,740030,Arroton. su Convers. Valute,income_other,False,A5B,100,100,"azienda_ordinaria,professionista,forfetario,semplificata",standard,
account_740031,740031,Fitti Attivi Fabb. Strumentali,income_other,False,A5B,100,100,"azienda_ordinaria,professionista,forfetario,semplificata",standard,
account_740032,740032,Fitti Attivi Fabb. non Strum.,income_other,False,A5B,0,100,"azienda_ordinaria,professionista,forfetario,semplificata",standard,
account_740033,740033,Fitti Attivi Terreni,income_other,False,A5B,100,100,"azienda_ordinaria,professionista,forfetario,semplificata",standard,
account_740034,740034,Errori non Rilevanti Ricavi,income_other,False,A5B,100,100,"azienda_ordinaria,professionista,forfetario,semplificata",standard,
account_740035,740035,Proventi Dipend. Distaccati,income_other,False,A5B,100,100,"azienda_ordinaria,professionista,forfetario,semplificata",standard,
account_740036,740036,Plusv. Ordinarie-rateizzabili,income_other,False,A5B,100,100,"azienda_ordinaria,professionista,forfetario,semplificata",standard,
account_740037,740037,Plusv. Ordinarie-non Rateizzabili,income_other,False,A5B,100,100,"azienda_ordinaria,professionista,forfetario,semplificata",standard,
account_740038,740038,Plusvalenze-non Imponibili,income_other,False,A5B,100,100,"azienda_ordinaria,professionista,forfetario,semplificata",standard,
account_740039,740039,Soprav. Ordin-art.88-comma1,income_other,False,A5B,100,100,"azienda_ordinaria,professionista,forfetario,semplificata",standard,
account_740040,740040,Soprav. Ordin-art.88-comma2-rateizzab,income_other,False,A5B,100,100,"azienda_ordinaria,professionista,forfetario,semplificata",standard,
account_740041,740041,"Soprav. Ordin-art.88-co3,let. B-rateiz",income_other,False,A5B,100,100,"azienda_ordinaria,professionista,forfetario,semplificata",standard,
account_740042,740042,Soprav. Attive-non Imponibili,income_other,False,A5B,100,100,"azienda_ordinaria,professionista,forfetario,semplificata",standard,
account_740043,740043,Rimb. Spese Addebitate Clienti,income_other,False,A5B,100,100,"azienda_ordinaria,professionista,forfetario,semplificata",standard,
account_740044,740044,Rimb. Spese Trasporto Addeb. Clienti,income_other,False,A5B,100,100,"azienda_ordinaria,professionista,forfetario,semplificata",standard,
account_740045,740045,Rimb. Spese Bancarie Addeb. Clienti,income_other,False,A5B,100,100,"azienda_ordinaria,professionista,forfetario,semplificata",standard,
account_740046,740046,Rimb. Spese Bolli Addeb. Clienti,income_other,False,A5B,100,100,"azienda_ordinaria,professionista,forfetario,semplificata",standard,
account_740047,740047,Altri Ricavi e Proventi (sez. B),income_other,False,A5B,100,100,"azienda_ordinaria,professionista,forfetario,semplificata",standard,
account_740048,740048,Plusv. Ordinarie-non Rateizz. (sez. B),income_other,False,A5B,100,100,"azienda_ordinaria,professionista,forfetario,semplificata",standard,
account_740049,740049,Plusvalenze-non Imponibili (sez. B),income_other,False,A5B,100,100,"azienda_ordinaria,professionista,forfetario,semplificata",standard,
account_740050,740050,Sopravvenienze Attive (sez. B),income_other,False,A5B,100,100,"azienda_ordinaria,professionista,forfetario,semplificata",standard,
account_740051,740051,Prov. da Racc. Fondi Occas. (sez. C),income_other,False,A5B,0,100,"azienda_ordinaria,professionista,forfetario,semplificata",standard,
account_740052,740052,Altri Prov. da Racc. Fondi (sez. C),income_other,False,A5B,0,100,"azienda_ordinaria,professionista,forfetario,semplificata",standard,
account_740053,740053,Plusvalenze Straordinarie,income_other,False,A5B,100,100,"azienda_ordinaria,professionista,forfetario,semplificata",standard,
account_740054,740054,Plusv. Straord. No IRAP,income_other,False,A5B,100,100,"azienda_ordinaria,professionista,forfetario,semplificata",standard,
account_740055,740055,Plusv. Cess./confer. Azienda,income_other,False,A5B,100,100,"azienda_ordinaria,professionista,forfetario,semplificata",standard,
account_740056,740056,Plusv. Cess. Fabb. Civili,income_other,False,A5B,100,100,"azienda_ordinaria,professionista,forfetario,semplificata",standard,
account_740057,740057,Plusv. Cess. Rateizzabili,income_other,False,A5B,100,100,"azienda_ordinaria,professionista,forfetario,semplificata",standard,
account_740058,740058,Contributi Straord. C/capitale,income_other,False,A5B,100,100,"azienda_ordinaria,professionista,forfetario,semplificata",standard,
account_740059,740059,Altre Sopravvenienze,income_other,False,A5B,100,100,"azienda_ordinaria,professionista,forfetario,semplificata",standard,
account_740060,740060,Soprav. Attive Straord-non Imponibili,income_other,False,A5B,0,100,"azienda_ordinaria,professionista,forfetario,semplificata",standard,
account_740061,740061,Soprav. Attive Straord. No IRAP,income_other,False,A5B,100,100,"azienda_ordinaria,professionista,forfetario,semplificata",standard,
account_740062,740062,Soprav. Attive Straord. No Ires/IRAP,income_other,False,A5B,0,100,"azienda_ordinaria,professionista,forfetario,semplificata",standard,
account_740063,740063,Prov. da Distacco Personale (sez. E),income_other,False,A5B,100,100,"azienda_ordinaria,professionista,forfetario,semplificata",standard,
account_740064,740064,Altri Prov. di Supporto Gen. (sez. E),income_other,False,A5B,100,100,"azienda_ordinaria,professionista,forfetario,semplificata",standard,
account_600001,600001,Materie Prime C/acquisti,expense_direct_cost,False,B6,100,100,"azienda_ordinaria,professionista,semplificata",standard,
account_600002,600002,Beni Produz. Servizi,expense_direct_cost,False,B6,100,100,"azienda_ordinaria,professionista,semplificata",standard,
account_600003,600003,Materie Prime C/acquisti Forfettari,expense_direct_cost,False,B6,0,0,forfetario,standard,
account_600004,600004,Materie Sussidiarie C/acquisti,expense_direct_cost,False,B6,100,100,"azienda_ordinaria,professionista,semplificata",standard,
account_600005,600005,Semilavorati C/acquisti,expense_direct_cost,False,B6,100,100,"azienda_ordinaria,professionista,semplificata",standard,
account_600006,600006,Componenti C/acquisti,expense_direct_cost,False,B6,100,100,"azienda_ordinaria,professionista,semplificata",standard,
account_600007,600007,Materie di Consumo C/acquisti,expense_direct_cost,False,B6,100,100,"azienda_ordinaria,professionista,semplificata",standard,
account_600008,600008,Imballaggi C/acquisti,expense_direct_cost,False,B6,100,100,"azienda_ordinaria,professionista,semplificata",standard,
account_600009,600009,Resi su Acquisti,expense_direct_cost,False,B6,100,100,"azienda_ordinaria,professionista,semplificata",standard,
account_600010,600010,Sconti-abbuoni su Acquisti,expense_direct_cost,False,B6,100,100,"azienda_ordinaria,professionista,semplificata",standard,
account_600011,600011,Premi su Acquisti,expense_direct_cost,False,B6,100,100,"azienda_ordinaria,professionista,semplificata",standard,
account_600012,600012,Oneri Access(trasp-imbal-assi-lavor),expense_direct_cost,False,B6,100,100,"azienda_ordinaria,professionista,semplificata",standard,
account_600013,600013,Merci C/acquisti,expense_direct_cost,False,B6,100,100,"azienda_ordinaria,professionista,semplificata",standard,
account_600014,600014,Resi Acquisti Merci,expense_direct_cost,False,B6,100,100,"azienda_ordinaria,professionista,semplificata",standard,
account_600015,600015,Sconti-abbuoni Acq. Merci,expense_direct_cost,False,B6,100,100,"azienda_ordinaria,professionista,semplificata",standard,
account_600016,600016,Premi Acquist0 Merci,expense_direct_cost,False,B6,100,100,"azienda_ordinaria,professionista,semplificata",standard,
account_600017,600017,Costi Black List,expense_direct_cost,False,B6,0,0,"azienda_ordinaria,professionista,semplificata",standard,
account_600018,600018,Errori non Rilevanti Merci C/acqu.,expense_direct_cost,False,B6,100,100,"azienda_ordinaria,professionista,semplificata",standard,
account_600019,600019,Generi Ricavo Fisso/aggio C/acquisti,expense_direct_cost,False,B6,100,100,"azienda_ordinaria,professionista,semplificata",standard,
account_600020,600020,Oro Investimento-rev. Charge,expense_direct_cost,False,B6,100,100,"azienda_ordinaria,professionista,semplificata",standard,
account_600021,600021,Oro Industriale-rev. Charge,expense_direct_cost,False,B6,100,100,"azienda_ordinaria,professionista,semplificata",standard,
account_600022,600022,Rottami-rev. Charge,expense_direct_cost,False,B6,100,100,"azienda_ordinaria,professionista,semplificata",standard,
account_600023,600023,Metalli Ferrosi-rev. Charge,expense_direct_cost,False,B6,100,100,"azienda_ordinaria,professionista,semplificata",standard,
account_600024,600024,Semil. non Ferrosi-rev. Charge,expense_direct_cost,False,B6,100,100,"azienda_ordinaria,professionista,semplificata",standard,
account_600025,600025,Carta Macero-rev. Charge,expense_direct_cost,False,B6,100,100,"azienda_ordinaria,professionista,semplificata",standard,
account_600026,600026,Merci-rev. Charge,expense_direct_cost,False,B6,100,100,"azienda_ordinaria,professionista,semplificata",standard,
account_600027,600027,Componenti-rev. Charge,expense_direct_cost,False,B6,100,100,"azienda_ordinaria,professionista,semplificata",standard,
account_600028,600028,Immobili-rev. Charge,expense_direct_cost,False,B6,100,100,"azienda_ordinaria,professionista,semplificata",standard,
account_600029,600029,Materie Prime C/acquisti Soci Coop.,expense_direct_cost,False,B6,100,100,"azienda_ordinaria,professionista,semplificata",standard,
account_600030,600030,Materie Prime C/acquisti (sez. B),expense_direct_cost,False,B6,100,100,"azienda_ordinaria,professionista,semplificata",standard,
account_600031,600031,Mat. Sussidiarie C/acquisti (sez. B),expense_direct_cost,False,B6,100,100,"azienda_ordinaria,professionista,semplificata",standard,
account_600032,600032,Mat. di Consumo C/acquisti (sez. B),expense_direct_cost,False,B6,100,100,"azienda_ordinaria,professionista,semplificata",standard,
account_600033,600033,Merci C/acquisti (sez. B),expense_direct_cost,False,B6,100,100,"azienda_ordinaria,professionista,semplificata",standard,
account_600034,600034,Materiali di Manutenzione,expense_direct_cost,False,B6,100,100,"azienda_ordinaria,professionista,semplificata",standard,
account_600035,600035,Materiale di Pulizia,expense_direct_cost,False,B6,100,100,"azienda_ordinaria,professionista,semplificata",standard,
account_600036,600036,Cancelleria,expense_direct_cost,False,B6,100,100,"azienda_ordinaria,professionista,semplificata",standard,
account_600037,600037,Materiale Pubblicitario,expense_direct_cost,False,B6,100,100,"azienda_ordinaria,professionista,semplificata",standard,
account_600038,600038,Indumenti di Lavoro,expense_direct_cost,False,B6,100,100,"azienda_ordinaria,professionista,semplificata",standard,
account_600039,600039,Contributo CONAI,expense_direct_cost,False,B6,100,100,"azienda_ordinaria,professionista,semplificata",standard,
account_600040,600040,Spese Accessorie su Acquisti,expense_direct_cost,False,B6,100,100,"azienda_ordinaria,professionista,semplificata",standard,
account_600041,600041,Altri Acquisti,expense_direct_cost,False,B6,100,100,"azienda_ordinaria,professionista,semplificata",standard,
account_600042,600042,Acquisto Presidi Medici,expense_direct_cost,False,B6,100,100,"azienda_ordinaria,professionista,semplificata",standard,
account_600043,600043,"Acquisto Beni Inf. a 516,46",expense_direct_cost,False,B6,100,100,"azienda_ordinaria,professionista,semplificata",standard,
account_600044,600044,"Acquisto Beni Inf. a 516,46 (50%)",expense_direct_cost,False,B6,50,100,"azienda_ordinaria,professionista,semplificata",standard,
account_600045,600045,"Acquisto Beni Inf. a 516,46 (80%)",expense_direct_cost,False,B6,80,100,"azienda_ordinaria,professionista,semplificata",standard,
account_600046,600046,Altri Acquisti-indeducibili,expense_direct_cost,False,B6,0,100,"azienda_ordinaria,professionista,semplificata",standard,
account_600047,600047,Merci C/acquisti Istituz. Sez. A),expense_direct_cost,False,B6,0,0,"azienda_ordinaria,professionista,semplificata",standard,
account_600048,600048,Materie Cons. C/acq. Istituz. Sez. A),expense_direct_cost,False,B6,0,0,"azienda_ordinaria,professionista,semplificata",standard,
account_600049,600049,Cancelleria Istituz. Sez. A),expense_direct_cost,False,B6,0,0,"azienda_ordinaria,professionista,semplificata",standard,
account_600050,600050,Carburanti-lubrificanti,expense_direct_cost,False,B6,100,100,"azienda_ordinaria,professionista,semplificata",standard,
account_600051,600051,Carburan-lubr. non Assegnati,expense_direct_cost,False,B6,20,100,"azienda_ordinaria,professionista,semplificata",standard,
account_600052,600052,Carburan-lubr. Assegnati,expense_direct_cost,False,B6,70,100,"azienda_ordinaria,professionista,semplificata",standard,
account_600053,600053,Carburan-produz. Servizi,expense_direct_cost,False,B6,100,100,"azienda_ordinaria,professionista,semplificata",standard,
account_600054,600054,Carburan-lubr-indeducibili,expense_direct_cost,False,B6,0,100,"azienda_ordinaria,professionista,semplificata",standard,
account_600055,600055,Carburanti Autotraz. Forfettari,expense_direct_cost,False,B6,0,0,forfetario,standard,
account_600056,600056,Carburanti Autotraz. Forfettari(50%),expense_direct_cost,False,B6,0,0,forfetario,standard,
account_600057,600057,Carburan-lubr. Agenti(80%),expense_direct_cost,False,B6,80,100,"azienda_ordinaria,professionista,semplificata",standard,
account_600058,600058,Materie Prime C/acquisti (sez. E),expense_direct_cost,False,B6,100,100,"azienda_ordinaria,professionista,semplificata",standard,
account_600059,600059,Mat. Sussidiarie C/acquisti (sez. E),expense_direct_cost,False,B6,100,100,"azienda_ordinaria,professionista,semplificata",standard,
account_600060,600060,Mat. di Consumo C/acquisti (sez. E),expense_direct_cost,False,B6,100,100,"azienda_ordinaria,professionista,semplificata",standard,
account_600061,600061,Merci C/acquisti (sez. E),expense_direct_cost,False,B6,100,100,"azienda_ordinaria,professionista,semplificata",standard,
account_610001,610001,Acqua (sez. B),expense,False,B7,100,100,"azienda_ordinaria,professionista,semplificata",standard,
account_610002,610002,Gas e Riscaldamento (sez. B),expense,False,B7,100,100,"azienda_ordinaria,professionista,semplificata",standard,
account_610003,610003,Energia Elettrica (sez. B),expense,False,B7,100,100,"azienda_ordinaria,professionista,semplificata",standard,
account_610004,610004,Serv. Puliz. Smalt. Rifiuti (sez. B),expense,False,B7,100,100,"azienda_ordinaria,professionista,semplificata",standard,
account_610005,610005,Assicuraz. non Obbligatorie (sez. B),expense,False,B7,100,100,"azienda_ordinaria,professionista,semplificata",standard,
account_610006,610006,Servizi di Vigilanza (sez. B),expense,False,B7,100,100,"azienda_ordinaria,professionista,semplificata",standard,
account_610007,610007,Consulenze Fiscali (sez. B),expense,False,B7,100,100,"azienda_ordinaria,professionista,semplificata",standard,
account_610008,610008,Consulenze Tecniche (sez. B),expense,False,B7,100,100,"azienda_ordinaria,professionista,semplificata",standard,
account_610009,610009,Altri Servizi (sez. B),expense,False,B7,100,100,"azienda_ordinaria,professionista,semplificata",standard,
account_610010,610010,Altri Servizi-indeducibili (sez. B),expense,False,B7,0,100,"azienda_ordinaria,professionista,semplificata",standard,
account_610011,610011,Spese Postali (sez. B),expense,False,B7,100,100,"azienda_ordinaria,professionista,semplificata",standard,
account_610012,610012,Manutenz. Periodic.-contratto (sez. B),expense,False,B7,100,100,"azienda_ordinaria,professionista,semplificata",standard,
account_610013,610013,Altre Spese Documentate (sez. B),expense,False,B7,100,100,"azienda_ordinaria,professionista,semplificata",standard,
account_610014,610014,Collabo. Co. Co. Dilettanti (sez. B),expense,False,B7,0,0,"azienda_ordinaria,professionista,semplificata",standard,
account_610015,610015,Prestaz. Lav. Auton. Dilett. (sez. B),expense,False,B7,0,0,"azienda_ordinaria,professionista,semplificata",standard,
account_610016,610016,Compensi Sindaci-revisori (sez. B),expense,False,B7,100,100,"azienda_ordinaria,professionista,semplificata",standard,
account_610017,610017,Collab. Co. Co. Affer. Attivita (sez. B),expense,False,B7,100,100,"azienda_ordinaria,professionista,semplificata",standard,
account_610018,610018,Contr. INPS Co. Co. Co. Affe. Att.(sez. B),expense,False,B7,100,100,"azienda_ordinaria,professionista,semplificata",standard,
account_610019,610019,Contr. INAIL Co. Co. Co. Affe. Att(sez. B),expense,False,B7,100,100,"azienda_ordinaria,professionista,semplificata",standard,
account_610020,610020,Carburanti-lubrificanti (sez. B),expense,False,B7,100,100,"azienda_ordinaria,professionista,semplificata",standard,
account_610021,610021,Assicurazioni Rca (sez. B),expense,False,B7,100,100,"azienda_ordinaria,professionista,semplificata",standard,
account_610022,610022,Tassa Proprieta Autoveicoli (sez. B),expense,False,B7,100,100,"azienda_ordinaria,professionista,semplificata",standard,
account_610023,610023,Pedaggi Autostradali (sez. B),expense,False,B7,100,100,"azienda_ordinaria,professionista,semplificata",standard,
account_610024,610024,Altri Oneri Autoveicoli (sez. B),expense,False,B7,100,100,"azienda_ordinaria,professionista,semplificata",standard,
account_610025,610025,Assic. non Obb. Autoveicoli (sez. B),expense,False,B7,100,100,"azienda_ordinaria,professionista,semplificata",standard,
account_610026,610026,Beni Strum. Contr. Minimi,expense,False,B7,0,0,"azienda_ordinaria,professionista,semplificata",standard,
account_610027,610027,Beni Strum. Contr. Min.(50%),expense,False,B7,0,0,"azienda_ordinaria,professionista,semplificata",standard,
account_610028,610028,Costi per Servizi Istituz. Sez. A),expense,False,B7,0,0,"azienda_ordinaria,professionista,semplificata",standard,
account_610029,610029,Telefonia Istituz. Sez. A),expense,False,B7,0,0,"azienda_ordinaria,professionista,semplificata",standard,
account_610030,610030,Riscaldamento Istituz. Sez. A),expense,False,B7,0,0,"azienda_ordinaria,professionista,semplificata",standard,
account_610031,610031,Energia Elettrica Istituz. Sez. A),expense,False,B7,0,0,"azienda_ordinaria,professionista,semplificata",standard,
account_610032,610032,Servizi Bancari Istituz. Sez. A),expense,False,B7,0,0,"azienda_ordinaria,professionista,semplificata",standard,
account_610033,610033,Consul. Legali-not. Istituz. Sez. A),expense,False,B7,0,0,"azienda_ordinaria,professionista,semplificata",standard,
account_610034,610034,Consul. Fiscali Istituz. Sez. A),expense,False,B7,0,0,"azienda_ordinaria,professionista,semplificata",standard,
account_610035,610035,Consul. Profess. Istituz. Sez. A),expense,False,B7,0,0,"azienda_ordinaria,professionista,semplificata",standard,
account_610036,610036,Collab. Cococo Istit. Sez. A) <85.000e,expense,False,B7,0,0,"azienda_ordinaria,professionista,semplificata",standard,
account_610037,610037,Collab. INPS Cococo Istituz. Sez. A),expense,False,B7,0,0,"azienda_ordinaria,professionista,semplificata",standard,
account_610038,610038,Collab. INAIL Cococo Istituz. Sez. A),expense,False,B7,0,0,"azienda_ordinaria,professionista,semplificata",standard,
account_610039,610039,Manut. Riparaz. Istituz. Sez. A),expense,False,B7,0,0,"azienda_ordinaria,professionista,semplificata",standard,
account_610040,610040,Viaggi-bigl.-taxi Istituz. Sez. A),expense,False,B7,0,0,"azienda_ordinaria,professionista,semplificata",standard,
account_610041,610041,Assicur. non Obbl. Istituz. Sez. A),expense,False,B7,0,0,"azienda_ordinaria,professionista,semplificata",standard,
account_610042,610042,Compensi Lav. Auton. Occas. Sez. A),expense,False,B7,0,0,"azienda_ordinaria,professionista,semplificata",standard,
account_610043,610043,Costi da Racc. Fondi Abit. (sez. C),expense,False,B7,0,100,"azienda_ordinaria,professionista,semplificata",standard,
account_610044,610044,Riscaldamento,expense,False,B7,100,100,"azienda_ordinaria,professionista,semplificata",standard,
account_610045,610045,Acqua,expense,False,B7,100,100,"azienda_ordinaria,professionista,semplificata",standard,
account_610046,610046,Energia Elettrica,expense,False,B7,100,100,"azienda_ordinaria,professionista,semplificata",standard,
account_610047,610047,Servizi di Pulizia,expense,False,B7,100,100,"azienda_ordinaria,professionista,semplificata",standard,
account_610048,610048,Consulenze Legali-notarili,expense,False,B7,100,100,"azienda_ordinaria,professionista,semplificata",standard,
account_610049,610049,Spese Postali,expense,False,B7,100,100,"azienda_ordinaria,professionista,semplificata",standard,
account_610050,610050,Servizio Smaltimento Rifiuti,expense,False,B7,100,100,"azienda_ordinaria,professionista,semplificata",standard,
account_610051,610051,Servizi Bancari,expense,False,B7,100,100,"azienda_ordinaria,professionista,semplificata",standard,
account_610052,610052,Assicuraz. non Obbligatorie,expense,False,B7,100,100,"azienda_ordinaria,professionista,semplificata",standard,
account_610053,610053,Condominiali,expense,False,B7,100,100,"azienda_ordinaria,professionista,semplificata",standard,
account_610054,610054,Condominiali(50%),expense,False,B7,50,100,"azienda_ordinaria,professionista,semplificata",standard,
account_610055,610055,Vigilanza,expense,False,B7,100,100,"azienda_ordinaria,professionista,semplificata",standard,
account_610056,610056,Telefonia(80%),expense,False,B7,80,100,"azienda_ordinaria,professionista,semplificata",standard,
account_610057,610057,Cellulari(80%),expense,False,B7,80,100,"azienda_ordinaria,professionista,semplificata",standard,
account_610058,610058,Telefonia,expense,False,B7,100,100,"azienda_ordinaria,professionista,semplificata",standard,
account_610059,610059,Servizi Correlati a Ricavi,expense,False,B7,100,100,"azienda_ordinaria,professionista,semplificata",standard,
account_610060,610060,Servizi Black List,expense,False,B7,0,0,"azienda_ordinaria,professionista,semplificata",standard,
account_610061,610061,Acqua (50%),expense,False,B7,50,100,"azienda_ordinaria,professionista,semplificata",standard,
account_610062,610062,Energia Elettrica (50%),expense,False,B7,50,100,"azienda_ordinaria,professionista,semplificata",standard,
account_610063,610063,Riscaldamento (50%),expense,False,B7,50,100,"azienda_ordinaria,professionista,semplificata",standard,
account_610064,610064,Lavorazioni di Terzi,expense,False,B7,100,100,"azienda_ordinaria,professionista,semplificata",standard,
account_610065,610065,Consulenze Tecniche,expense,False,B7,100,100,"azienda_ordinaria,professionista,semplificata",standard,
account_610066,610066,Consulenze Fiscali-libri Paga,expense,False,B7,100,100,"azienda_ordinaria,professionista,semplificata",standard,
account_610067,610067,Serv. Smaltim. Rifiuti (50%),expense,False,B7,50,100,"azienda_ordinaria,professionista,semplificata",standard,
account_610068,610068,Vigilanza (50%),expense,False,B7,50,100,"azienda_ordinaria,professionista,semplificata",standard,
account_610069,610069,Servizi di Pulizia (50%),expense,False,B7,50,100,"azienda_ordinaria,professionista,semplificata",standard,
account_610070,610070,Manut. Ordin. Fabb. non Strumentali,expense,False,B7,0,100,"azienda_ordinaria,professionista,semplificata",standard,
account_610071,610071,Manut. Straord. Fabb. non Strumentali,expense,False,B7,0,100,"azienda_ordinaria,professionista,semplificata",standard,
account_610072,610072,Costi Gestione Fabb. non Strumentali,expense,False,B7,0,100,"azienda_ordinaria,professionista,semplificata",standard,
account_610073,610073,Altri Servizi,expense,False,B7,100,100,"azienda_ordinaria,professionista,semplificata",standard,
account_610074,610074,Prest. in Subapp. Rev. Charge,expense,False,B7,100,100,"azienda_ordinaria,professionista,semplificata",standard,
account_610075,610075,Serv. Edifici Sett. Edile Rev. Charge,expense,False,B7,100,100,"azienda_ordinaria,professionista,semplificata",standard,
account_610076,610076,Servizi Edifici Rev. Charge,expense,False,B7,100,100,"azienda_ordinaria,professionista,semplificata",standard,
account_610077,610077,Servizi Edifici Rev. Charge(50%),expense,False,B7,50,100,"azienda_ordinaria,professionista,semplificata",standard,
account_610078,610078,Commissioni per Cessione Fatture,expense,False,B7,100,100,"azienda_ordinaria,professionista,semplificata",standard,
account_610079,610079,Commiss. Remunerazione Acquir. Fatt.,expense,False,B7,100,100,"azienda_ordinaria,professionista,semplificata",standard,
account_610080,610080,Buoni Pasto — Ticket Restaurant,expense,False,B7,100,100,"azienda_ordinaria,professionista,semplificata",standard,
account_610081,610081,Altri Servizi-indeducibili,expense,False,B7,0,100,"azienda_ordinaria,professionista,semplificata",standard,
account_610082,610082,Collabo. Co. Co. Afferenti Attivita,expense,False,B7,100,100,"azienda_ordinaria,professionista,semplificata",standard,
account_610083,610083,Contr. INPS Co. Co. Co. Affer. Attivita,expense,False,B7,100,100,"azienda_ordinaria,professionista,semplificata",standard,
account_610084,610084,Contr. INAIL Co. Co. Co. Affer. Attivita,expense,False,B7,100,100,"azienda_ordinaria,professionista,semplificata",standard,
account_610085,610085,Premio INAIL C/titolare,expense,False,B7,100,100,"azienda_ordinaria,professionista,semplificata",standard,
account_610086,610086,Premio INAIL Socio Lavoratore,expense,False,B7,100,100,"azienda_ordinaria,professionista,semplificata",standard,
account_610087,610087,Collaboratori Voucher (OCCASIONALI),expense,False,B7,100,100,"azienda_ordinaria,professionista,semplificata",standard,
account_610088,610088,Contrib. INAIL Collab. Voucher,expense,False,B7,100,100,"azienda_ordinaria,professionista,semplificata",standard,
account_610089,610089,Contrib. INPS Collab. Voucher,expense,False,B7,100,100,"azienda_ordinaria,professionista,semplificata",standard,
account_610090,610090,Collabo. Co. Co. Dilettanti >85.000e,expense,False,B7,0,0,"azienda_ordinaria,professionista,semplificata",standard,
account_610091,610091,Prestaz. Lav. Auton. Dilettanti,expense,False,B7,0,0,"azienda_ordinaria,professionista,semplificata",standard,
account_610092,610092,Prestaz. Lav. Auton. Affer. Attiv.,expense,False,B7,100,100,"azienda_ordinaria,professionista,semplificata",standard,
account_610093,610093,Utili Assoc. Partec. Lavoro,expense,False,B7,100,100,"azienda_ordinaria,professionista,semplificata",standard,
account_610094,610094,Prestaz. Lav. Occasion. Affer. Attiv.,expense,False,B7,100,100,"azienda_ordinaria,professionista,semplificata",standard,
account_610095,610095,Comp. Ammin. Profess-soci,expense,False,B7,100,100,"azienda_ordinaria,professionista,semplificata",standard,
account_610096,610096,Comp. Ammin. Profess-non Soci,expense,False,B7,100,100,"azienda_ordinaria,professionista,semplificata",standard,
account_610097,610097,Comp. Ammin. Profess-non Pagati,expense,False,B7,100,100,"azienda_ordinaria,professionista,semplificata",standard,
account_610098,610098,Comp. Ammin. Co. Co. Co-soci,expense,False,B7,100,100,"azienda_ordinaria,professionista,semplificata",standard,
account_610099,610099,Comp. Ammin. Co. Co. Co-non Soci,expense,False,B7,100,100,"azienda_ordinaria,professionista,semplificata",standard,
account_610100,610100,Comp. Ammin. Co. Co. Co-non Pagati,expense,False,B7,100,100,"azienda_ordinaria,professionista,semplificata",standard,
account_610101,610101,Compensi Sindaci-revisori,expense,False,B7,100,100,"azienda_ordinaria,professionista,semplificata",standard,
account_610102,610102,Accan. Tfm Ammin-no Professionisti,expense,False,B7,100,100,"azienda_ordinaria,professionista,semplificata",standard,
account_610103,610103,Contr. INPS Ammin. Co. Co. Co-soci,expense,False,B7,100,100,"azienda_ordinaria,professionista,semplificata",standard,
account_610104,610104,Contr. INAIL Ammin. Co. Co. Co-soci,expense,False,B7,100,100,"azienda_ordinaria,professionista,semplificata",standard,
account_610105,610105,Contr. INPS Ammin. Co. Co. Co-non Soci,expense,False,B7,100,100,"azienda_ordinaria,professionista,semplificata",standard,
account_610106,610106,Contr. INAIL Ammin. Co. Co. Co-non Soci,expense,False,B7,100,100,"azienda_ordinaria,professionista,semplificata",standard,
account_610107,610107,Oneri Collab. Apprendisti-disabili,expense,False,B7,100,100,"azienda_ordinaria,professionista,semplificata",standard,
account_610108,610108,Oneri Collab. Formazione Lavoro,expense,False,B7,100,100,"azienda_ordinaria,professionista,semplificata",standard,
account_610109,610109,Oneri Collab. Ricerca-sviluppo,expense,False,B7,100,100,"azienda_ordinaria,professionista,semplificata",standard,
account_610110,610110,Assicurazioni Rca,expense,False,B7,100,100,"azienda_ordinaria,professionista,semplificata",standard,
account_610111,610111,Assicuraz. Rca non Assegnata,expense,False,B7,20,100,"azienda_ordinaria,professionista,semplificata",standard,
account_610112,610112,Assicuraz. Rca Assegnata,expense,False,B7,70,100,"azienda_ordinaria,professionista,semplificata",standard,
account_610113,610113,Assicuraz. Rca-indeducibili,expense,False,B7,0,100,"azienda_ordinaria,professionista,semplificata",standard,
account_610114,610114,Assicuraz. Rca Agenti(80%),expense,False,B7,80,100,"azienda_ordinaria,professionista,semplificata",standard,
account_610115,610115,Pedaggi Autostradali,expense,False,B7,100,100,"azienda_ordinaria,professionista,semplificata",standard,
account_610116,610116,Pedaggi Autost. non Assegnati,expense,False,B7,20,100,"azienda_ordinaria,professionista,semplificata",standard,
account_610117,610117,Pedaggi Autost. Assegnati,expense,False,B7,70,100,"azienda_ordinaria,professionista,semplificata",standard,
account_610118,610118,Pedaggi Autost-indeducibili,expense,False,B7,0,100,"azienda_ordinaria,professionista,semplificata",standard,
account_610119,610119,Pedaggi Autost. Agenti(80%),expense,False,B7,80,100,"azienda_ordinaria,professionista,semplificata",standard,
account_610120,610120,Altri Oneri Autoveicoli,expense,False,B7,100,100,"azienda_ordinaria,professionista,semplificata",standard,
account_610121,610121,Altri Oneri Auto non Assegnata,expense,False,B7,20,100,"azienda_ordinaria,professionista,semplificata",standard,
account_610122,610122,Altri Oneri Auto Assegnata,expense,False,B7,70,100,"azienda_ordinaria,professionista,semplificata",standard,
account_610123,610123,Altri Oneri Auto-indeducibili,expense,False,B7,0,100,"azienda_ordinaria,professionista,semplificata",standard,
account_610124,610124,Altri Oneri Auto Agenti(80%),expense,False,B7,80,100,"azienda_ordinaria,professionista,semplificata",standard,
account_610125,610125,Assic. non Obb. Auto non Assegnata,expense,False,B7,20,100,"azienda_ordinaria,professionista,semplificata",standard,
account_610126,610126,Assic. non Obb. Auto Assegnata,expense,False,B7,70,100,"azienda_ordinaria,professionista,semplificata",standard,
account_610127,610127,Assic. non Obb. Auto-indeducibili,expense,False,B7,0,100,"azienda_ordinaria,professionista,semplificata",standard,
account_610128,610128,Assic. non Obb. Autoveicoli,expense,False,B7,100,100,"azienda_ordinaria,professionista,semplificata",standard,
account_610129,610129,Assic. non Obb. Auto Agenti(80%),expense,False,B7,80,100,"azienda_ordinaria,professionista,semplificata",standard,
account_610130,610130,Manutenzione-riparazione Beni Propri,expense,False,B7,100,100,"azienda_ordinaria,professionista,semplificata",standard,
account_610131,610131,Manutenzione Autoveicoli,expense,False,B7,100,100,"azienda_ordinaria,professionista,semplificata",standard,
account_610132,610132,Manutenzioni non Assegnate,expense,False,B7,100,100,"azienda_ordinaria,professionista,semplificata",standard,
account_610133,610133,Manutenz. Auto-indeducibili,expense,False,B7,0,100,"azienda_ordinaria,professionista,semplificata",standard,
account_610134,610134,Manutenzioni Assegnate,expense,False,B7,100,100,"azienda_ordinaria,professionista,semplificata",standard,
account_610135,610135,Manutenz. Auto Agenti(80%),expense,False,B7,100,100,"azienda_ordinaria,professionista,semplificata",standard,
account_610136,610136,Manutenzione Auto Autotrasportatore,expense,False,B7,100,100,"azienda_ordinaria,professionista,semplificata",standard,
account_610137,610137,Manutenz. Impian. Telef(80%),expense,False,B7,100,100,"azienda_ordinaria,professionista,semplificata",standard,
account_610138,610138,Altre Manutenzioni-indeducibili,expense,False,B7,0,100,"azienda_ordinaria,professionista,semplificata",standard,
account_610139,610139,Addestramento-formazione,expense,False,B7,100,100,"azienda_ordinaria,professionista,semplificata",standard,
account_610140,610140,Trasporti su Vendite,expense,False,B7,100,100,"azienda_ordinaria,professionista,semplificata",standard,
account_610141,610141,Trasporti su Acquisti,expense,False,B7,100,100,"azienda_ordinaria,professionista,semplificata",standard,
account_610142,610142,Dazi su Acquisti,expense,False,B7,100,100,"azienda_ordinaria,professionista,semplificata",standard,
account_610143,610143,Oneri Dipend. Distaccati,expense,False,B7,100,100,"azienda_ordinaria,professionista,semplificata",standard,
account_610144,610144,Ricerca di Base,expense,False,B7,100,100,"azienda_ordinaria,professionista,semplificata",standard,
account_610145,610145,Studi e Ricerche Rateizzabili,expense,False,B7,100,100,"azienda_ordinaria,professionista,semplificata",standard,
account_610146,610146,Ricerca Applicata,expense,False,B7,100,100,"azienda_ordinaria,professionista,semplificata",standard,
account_610147,610147,Manutenz. Ripar. Beni di Terzi,expense,False,B7,100,100,"azienda_ordinaria,professionista,semplificata",standard,
account_610148,610148,Manutenz. Periodiche-contratto,expense,False,B7,100,100,"azienda_ordinaria,professionista,semplificata",standard,
account_610149,610149,Manutenz. Auto Assegn. di Terzi,expense,False,B7,70,100,"azienda_ordinaria,professionista,semplificata",standard,
account_610150,610150,Manutenz. Auto non Assegn. di Terzi,expense,False,B7,20,100,"azienda_ordinaria,professionista,semplificata",standard,
account_610151,610151,Manutenz. Auto Agenti di Terzi,expense,False,B7,80,100,"azienda_ordinaria,professionista,semplificata",standard,
account_610152,610152,Rappresentanza,expense,False,B7,100,100,"azienda_ordinaria,professionista,semplificata",standard,
account_610153,610153,Rappresentanza-indeducibili,expense,False,B7,0,100,"azienda_ordinaria,professionista,semplificata",standard,
account_610154,610154,Rappresentanza(75%),expense,False,B7,75,100,"azienda_ordinaria,professionista,semplificata",standard,
account_610155,610155,Vitto-alloggio-art.95-comma3,expense,False,B7,100,100,"azienda_ordinaria,professionista,semplificata",standard,
account_610156,610156,Vitto-alloggio-inded. Art.95-comma3,expense,False,B7,0,100,"azienda_ordinaria,professionista,semplificata",standard,
account_610157,610157,Viaggi-bigl. Aerei-ferr-taxi,expense,False,B7,100,100,"azienda_ordinaria,professionista,semplificata",standard,
account_610158,610158,Rimborsi Pie Lista,expense,False,B7,100,100,"azienda_ordinaria,professionista,semplificata",standard,
account_610159,610159,Altre Spese Documentate,expense,False,B7,100,100,"azienda_ordinaria,professionista,semplificata",standard,
account_610160,610160,Rimb. Pie Lista-indeducibili,expense,False,B7,0,100,"azienda_ordinaria,professionista,semplificata",standard,
account_610161,610161,Rimb. Chilom-art.95-comma3,expense,False,B7,100,100,"azienda_ordinaria,professionista,semplificata",standard,
account_610162,610162,Rimb. Chilom-inded. Art.95-comma3,expense,False,B7,0,100,"azienda_ordinaria,professionista,semplificata",standard,
account_610163,610163,Pubblicita'-no Rateizzazione,expense,False,B7,100,100,"azienda_ordinaria,professionista,semplificata",standard,
account_610164,610164,Pubblicita' da Rateizzare,expense,False,B7,100,100,"azienda_ordinaria,professionista,semplificata",standard,
account_610165,610165,Mostre e Fiere,expense,False,B7,100,100,"azienda_ordinaria,professionista,semplificata",standard,
account_610166,610166,Vitto-alloggio(75%),expense,False,B7,75,100,"azienda_ordinaria,professionista,semplificata",standard,
account_610167,610167,Vitto-alloggio per Autonomi,expense,False,B7,100,100,"azienda_ordinaria,professionista,semplificata",standard,
account_610168,610168,Provvigioni Intermediari,expense,False,B7,100,100,"azienda_ordinaria,professionista,semplificata",standard,
account_610169,610169,Contributi Enasarco,expense,False,B7,100,100,"azienda_ordinaria,professionista,semplificata",standard,
account_610170,610170,Accan. FIRR Agenti,expense,False,B7,100,100,"azienda_ordinaria,professionista,semplificata",standard,
account_610171,610171,Rimb. Pie Lista Soci Snc-sas(75%),expense,False,B7,75,100,"azienda_ordinaria,professionista,semplificata",standard,
account_610172,610172,Rimb. Chilom. Soci Snc-sas,expense,False,B7,100,100,"azienda_ordinaria,professionista,semplificata",standard,
account_610173,610173,Altri Servizi Presidi Medici,expense,False,B7,100,100,"azienda_ordinaria,professionista,semplificata",standard,
account_610174,610174,Altri Servizi-indeducibili,expense,False,B7,0,100,"azienda_ordinaria,professionista,semplificata",standard,
account_610175,610175,Errori non Rilevanti Costi Servizi,expense,False,B7,100,100,"azienda_ordinaria,professionista,semplificata",standard,
account_610176,610176,Costi per Servizi Soci Coop.,expense,False,B7,100,100,"azienda_ordinaria,professionista,semplificata",standard,
account_610177,610177,Manutenzioni Contrib. Minimi,expense,False,B7,0,0,"azienda_ordinaria,professionista,semplificata",standard,
account_610178,610178,Manutenzioni Contrib. Minimi (50%),expense,False,B7,0,0,"azienda_ordinaria,professionista,semplificata",standard,
account_610179,610179,Altri Servizi (sez. E),expense,False,B7,100,100,"azienda_ordinaria,professionista,semplificata",standard,
account_610180,610180,Altri Servizi-indeducibili (sez. E),expense,False,B7,0,100,"azienda_ordinaria,professionista,semplificata",standard,
account_610181,610181,Collab. Co. Co. Affer. Attivita (sez. E),expense,False,B7,100,100,"azienda_ordinaria,professionista,semplificata",standard,
account_620001,620001,Canoni Leasing Autoveicoli (sez. B),expense,False,B8,100,100,"azienda_ordinaria,professionista,semplificata",standard,
account_620002,620002,Canoni Leasing Auto-indeduc. (sez. B),expense,False,B8,0,100,"azienda_ordinaria,professionista,semplificata",standard,
account_620003,620003,Noleggio Veicoli (sez. B),expense,False,B8,100,100,"azienda_ordinaria,professionista,semplificata",standard,
account_620004,620004,Noleggio Veicoli Indeduc. (sez. B),expense,False,B8,0,100,"azienda_ordinaria,professionista,semplificata",standard,
account_620005,620005,Inter. Leasing Veicoli (sez. B),expense,False,B8,100,100,"azienda_ordinaria,professionista,semplificata",standard,
account_620006,620006,Inter. Leasing Veic. Indeduc. (sez. B),expense,False,B8,0,100,"azienda_ordinaria,professionista,semplificata",standard,
account_620007,620007,Fitti Passivi (sez. B),expense,False,B8,100,100,"azienda_ordinaria,professionista,semplificata",standard,
account_620008,620008,Noleggio Impianti-macchi. (sez. B),expense,False,B8,100,100,"azienda_ordinaria,professionista,semplificata",standard,
account_620009,620009,Altri Noleggi (sez. B),expense,False,B8,100,100,"azienda_ordinaria,professionista,semplificata",standard,
account_620010,620010,Cano. Loc. Fin. Immob. Strum. (sez. B),expense,False,B8,100,100,"azienda_ordinaria,professionista,semplificata",standard,
account_620011,620011,Cano. Loc. Nonfin. Immob. Strum. (sez. B),expense,False,B8,100,100,"azienda_ordinaria,professionista,semplificata",standard,
account_620012,620012,Cano. Loc. Fin. Beni Mob. Strum. (sez. B),expense,False,B8,100,100,"azienda_ordinaria,professionista,semplificata",standard,
account_620013,620013,Cano. Loc. Nonfin. Beni Mob. Str.(sez. B),expense,False,B8,100,100,"azienda_ordinaria,professionista,semplificata",standard,
account_620014,620014,Cano. Loc. Finanz-indeducibili (sez. B),expense,False,B8,0,100,"azienda_ordinaria,professionista,semplificata",standard,
account_620015,620015,Noleggi Telefonia (80%) (sez. B),expense,False,B8,80,100,"azienda_ordinaria,professionista,semplificata",standard,
account_620016,620016,Altri Costi Godim. Beni Terzi (sez. B),expense,False,B8,100,100,"azienda_ordinaria,professionista,semplificata",standard,
account_620017,620017,Cano. Loc. Fin. Telef. (80%) (sez. B),expense,False,B8,80,100,"azienda_ordinaria,professionista,semplificata",standard,
account_620018,620018,Inter. Canoni Leasing Dilett. (sez. B),expense,False,B8,0,0,"azienda_ordinaria,professionista,semplificata",standard,
account_620019,620019,Inter. Canoni Leasing (sez. B),expense,False,B8,100,100,"azienda_ordinaria,professionista,semplificata",standard,
account_620020,620020,Inter. Canoni Leas.-indeduc. (sez. B),expense,False,B8,0,100,"azienda_ordinaria,professionista,semplificata",standard,
account_620021,620021,Inter. Can. Leas. Telef. (80%) (sez. B),expense,False,B8,80,100,"azienda_ordinaria,professionista,semplificata",standard,
account_620022,620022,Costi Godim. Terzi Istituz. Sez. A),expense,False,B8,0,0,"azienda_ordinaria,professionista,semplificata",standard,
account_620023,620023,Canoni Leasing Autoveicoli,expense,False,B8,100,100,"azienda_ordinaria,professionista,semplificata",standard,
account_620024,620024,Canoni Leasing Auto non Assegnata,expense,False,B8,20,100,"azienda_ordinaria,professionista,semplificata",standard,
account_620025,620025,Canoni Leasing Auto Assegnata,expense,False,B8,70,100,"azienda_ordinaria,professionista,semplificata",standard,
account_620026,620026,Canoni Leasing Auto-indeducibili,expense,False,B8,0,100,"azienda_ordinaria,professionista,semplificata",standard,
account_620027,620027,Canoni Leasing Auto Agenti(80%),expense,False,B8,80,100,"azienda_ordinaria,professionista,semplificata",standard,
account_620028,620028,Noleggio Veicoli,expense,False,B8,100,100,"azienda_ordinaria,professionista,semplificata",standard,
account_620029,620029,Noleggio Auto non Assegnata,expense,False,B8,20,100,"azienda_ordinaria,professionista,semplificata",standard,
account_620030,620030,Noleggio Auto Assegnata,expense,False,B8,70,100,"azienda_ordinaria,professionista,semplificata",standard,
account_620031,620031,Noleggi Veicoli-indeducibili,expense,False,B8,0,100,"azienda_ordinaria,professionista,semplificata",standard,
account_620032,620032,Noleggio Veicoli Agenti(80%),expense,False,B8,80,100,"azienda_ordinaria,professionista,semplificata",standard,
account_620033,620033,Inter. Leasing Veicoli,expense,False,B8,100,100,"azienda_ordinaria,professionista,semplificata",standard,
account_620034,620034,Inter. Leasing Auto non Assegnata,expense,False,B8,20,100,"azienda_ordinaria,professionista,semplificata",standard,
account_620035,620035,Inter. Leasing Auto Assegnata,expense,False,B8,70,100,"azienda_ordinaria,professionista,semplificata",standard,
account_620036,620036,Inter. Leasing Auto-indeducibili,expense,False,B8,0,100,"azienda_ordinaria,professionista,semplificata",standard,
account_620037,620037,Inter. Leasing Auto Agenti(80%),expense,False,B8,80,100,"azienda_ordinaria,professionista,semplificata",standard,
account_620038,620038,Fitti Passivi,expense,False,B8,100,100,"azienda_ordinaria,professionista,semplificata",standard,
account_620039,620039,Noleggio Impianti-macchinari,expense,False,B8,100,100,"azienda_ordinaria,professionista,semplificata",standard,
account_620040,620040,Altri Noleggi,expense,False,B8,100,100,"azienda_ordinaria,professionista,semplificata",standard,
account_620041,620041,Fitti Passivi(50%),expense,False,B8,50,100,"azienda_ordinaria,professionista,semplificata",standard,
account_620042,620042,Condominiali Affitto,expense,False,B8,100,100,"azienda_ordinaria,professionista,semplificata",standard,
account_620043,620043,Condominiali Affitto (50%),expense,False,B8,50,100,"azienda_ordinaria,professionista,semplificata",standard,
account_620044,620044,"Cano. Loc. Nonfin. Immob. Strum. Inded,",expense,False,B8,0,100,"azienda_ordinaria,professionista,semplificata",standard,
account_620045,620045,Cano. Loc. Fin. Immob. Strum.,expense,False,B8,100,100,"azienda_ordinaria,professionista,semplificata",standard,
account_620046,620046,Cano. Loc. Nonfin. Immob. Strum.,expense,False,B8,100,100,"azienda_ordinaria,professionista,semplificata",standard,
account_620047,620047,Cano. Loc. Finanz. Beni Mobili Strum.,expense,False,B8,100,100,"azienda_ordinaria,professionista,semplificata",standard,
account_620048,620048,Cano. Loc. Nonfin. Beni Mobili Strum.,expense,False,B8,100,100,"azienda_ordinaria,professionista,semplificata",standard,
account_620049,620049,Cano. Loc. Fin. Immob. Str(80%),expense,False,B8,80,100,"azienda_ordinaria,professionista,semplificata",standard,
account_620050,620050,Cano. Loc. Nonfin. Immob. Str(80%),expense,False,B8,80,100,"azienda_ordinaria,professionista,semplificata",standard,
account_620051,620051,Cano. Loc. Finanz-indeducibili,expense,False,B8,0,100,"azienda_ordinaria,professionista,semplificata",standard,
account_620052,620052,Cano. Loc. Fin. Immob. Str(70%),expense,False,B8,70,100,"azienda_ordinaria,professionista,semplificata",standard,
account_620053,620053,Cano. Loc. Nonfin. Immob. Str(70%),expense,False,B8,70,100,"azienda_ordinaria,professionista,semplificata",standard,
account_620054,620054,Noleggi Telefonia (80%),expense,False,B8,80,100,"azienda_ordinaria,professionista,semplificata",standard,
account_620055,620055,Noleggi Beni Mobili (50%),expense,False,B8,50,100,"azienda_ordinaria,professionista,semplificata",standard,
account_620056,620056,"Royalties,diritti D'autore Brev. Eser",expense,False,B8,100,100,"azienda_ordinaria,professionista,semplificata",standard,
account_620057,620057,Licenza D'uso Software di Esercizio,expense,False,B8,100,100,"azienda_ordinaria,professionista,semplificata",standard,
account_620058,620058,Altri Costi Godimento Beni Terzi,expense,False,B8,100,100,"azienda_ordinaria,professionista,semplificata",standard,
account_620059,620059,Utili Assoc. Partec. Privato,expense,False,B8,0,100,"azienda_ordinaria,professionista,semplificata",standard,
account_620060,620060,Cano. Loc. Finanz. Telefonia (80%),expense,False,B8,80,100,"azienda_ordinaria,professionista,semplificata",standard,
account_620061,620061,Cano. Loc. Finanz. Beni Mobili (50%),expense,False,B8,50,100,"azienda_ordinaria,professionista,semplificata",standard,
account_620062,620062,Inter. Canoni Leasing Dilettanti,expense,False,B8,0,0,"azienda_ordinaria,professionista,semplificata",standard,
account_620063,620063,Inter. Canoni Leasing,expense,False,B8,100,100,"azienda_ordinaria,professionista,semplificata",standard,
account_620064,620064,Inter. Canoni Leasing-indeducibili,expense,False,B8,0,100,"azienda_ordinaria,professionista,semplificata",standard,
account_620065,620065,Inter. Canoni Leas. Garant. da Ipoteca,expense,False,B8,100,100,"azienda_ordinaria,professionista,semplificata",standard,
account_620066,620066,Costi Godimento Beni Forfettari,expense,False,B8,0,0,forfetario,standard,
account_620067,620067,Costi Godimento Beni Forfettari(50%),expense,False,B8,0,0,forfetario,standard,
account_620068,620068,Errori non Rilevanti Costi di Terzi,expense,False,B8,100,100,"azienda_ordinaria,professionista,semplificata",standard,
account_620069,620069,Inter. Canoni Leas. Telefonia (80%),expense,False,B8,80,100,"azienda_ordinaria,professionista,semplificata",standard,
account_620070,620070,Inter. Canoni Leas. Beni Mobili (50%),expense,False,B8,50,100,"azienda_ordinaria,professionista,semplificata",standard,
account_620071,620071,Altri Costi Godim. Beni Terzi (sez. E),expense,False,B8,100,100,"azienda_ordinaria,professionista,semplificata",standard,
account_620072,620072,Altri Costi Godim. Inded. (sez. E),expense,False,B8,0,100,"azienda_ordinaria,professionista,semplificata",standard,
account_630001,630001,Salari e Stipendi (sez. B),expense,False,B9A,100,100,"azienda_ordinaria,professionista,semplificata",standard,
account_630002,630002,Salari e Stipendi Dilett. (sez. B),expense,False,B9A,0,0,"azienda_ordinaria,professionista,semplificata",standard,
account_630003,630003,Salari e Stipendi Istituz. Sez. A),expense,False,B9A,0,0,"azienda_ordinaria,professionista,semplificata",standard,
account_630004,630004,Salari-stipendi,expense,False,B9A,100,100,"azienda_ordinaria,professionista,semplificata",standard,
account_630005,630005,Salari-stipendi Formazione Lavoro,expense,False,B9A,100,100,"azienda_ordinaria,professionista,semplificata",standard,
account_630006,630006,Salari-stipendi Apprendisti-disabili,expense,False,B9A,100,100,"azienda_ordinaria,professionista,semplificata",standard,
account_630007,630007,Salari-stipendi Ricerca-sviluppo,expense,False,B9A,100,100,"azienda_ordinaria,professionista,semplificata",standard,
account_630008,630008,Salari e Stipendi Dilettanti,expense,False,B9A,0,0,"azienda_ordinaria,professionista,semplificata",standard,
account_630009,630009,Salari e Stipendi Tempo Determ.,expense,False,B9A,100,100,"azienda_ordinaria,professionista,semplificata",standard,
account_630010,630010,Sussidi Occasionali,expense,False,B9A,100,100,"azienda_ordinaria,professionista,semplificata",standard,
account_630011,630011,Indenn. Trasferta Autotrasportatori,expense,False,B9A,100,100,"azienda_ordinaria,professionista,semplificata",standard,
account_630012,630012,Salari-stipendi Soci Coop.,expense,False,B9A,100,100,"azienda_ordinaria,professionista,semplificata",standard,
account_630013,630013,Oneri Sociali INPS (sez. B),expense,False,B9B,100,100,"azienda_ordinaria,professionista,semplificata",standard,
account_630014,630014,Oneri Soc. INPS (sez. B),expense,False,B9B,100,100,"azienda_ordinaria,professionista,semplificata",standard,
account_630015,630015,Oneri Sociali INAIL (sez. B),expense,False,B9B,100,100,"azienda_ordinaria,professionista,semplificata",standard,
account_630016,630016,Altri Oneri Sociali (sez. B),expense,False,B9B,100,100,"azienda_ordinaria,professionista,semplificata",standard,
account_630017,630017,Oneri Sociali INPS Istituz. Sez. A),expense,False,B9B,0,0,"azienda_ordinaria,professionista,semplificata",standard,
account_630018,630018,Oneri Sociali INAIL Istituz. Sez. A),expense,False,B9B,0,0,"azienda_ordinaria,professionista,semplificata",standard,
account_630019,630019,Oneri Sociali INPS,expense,False,B9B,100,0,"azienda_ordinaria,professionista,semplificata",standard,
account_630020,630020,Oneri Sociali INPS Formazione Lavoro,expense,False,B9B,100,100,"azienda_ordinaria,professionista,semplificata",standard,
account_630021,630021,Oneri Sociali INPS Apprend-disabili,expense,False,B9B,100,100,"azienda_ordinaria,professionista,semplificata",standard,
account_630022,630022,Oneri Sociali INPS Ricerca-sviluppo,expense,False,B9B,100,100,"azienda_ordinaria,professionista,semplificata",standard,
account_630023,630023,Oneri Sociali INPS Tempo Indeterm.,expense,False,B9B,100,100,"azienda_ordinaria,professionista,semplificata",standard,
account_630024,630024,Oneri Soc. INPS Soci Coop.,expense,False,B9B,100,100,"azienda_ordinaria,professionista,semplificata",standard,
account_630025,630025,Oneri Sociali INAIL,expense,False,B9B,100,100,"azienda_ordinaria,professionista,semplificata",standard,
account_630026,630026,Oneri Sociali INAIL Formazione Lavor,expense,False,B9B,100,100,"azienda_ordinaria,professionista,semplificata",standard,
account_630027,630027,Oneri Sociali INAIL Apprend-disabili,expense,False,B9B,100,100,"azienda_ordinaria,professionista,semplificata",standard,
account_630028,630028,Oneri Sociali INAIL Ricerca-sviluppo,expense,False,B9B,100,100,"azienda_ordinaria,professionista,semplificata",standard,
account_630029,630029,Oneri Sociali INAIL Soci Coop.,expense,False,B9B,100,100,"azienda_ordinaria,professionista,semplificata",standard,
account_630030,630030,Oneri Sociali INAIL Tempo Determ.,expense,False,B9B,100,100,"azienda_ordinaria,professionista,semplificata",standard,
account_630031,630031,Altri Oneri Sociali,expense,False,B9B,100,100,"azienda_ordinaria,professionista,semplificata",standard,
account_630032,630032,Altri Oneri Sociali Formazione Lavor,expense,False,B9B,100,100,"azienda_ordinaria,professionista,semplificata",standard,
account_630033,630033,Altri Oneri Sociali Apprend-disabili,expense,False,B9B,100,100,"azienda_ordinaria,professionista,semplificata",standard,
account_630034,630034,Altri Oneri Sociali Ricerca-sviluppo,expense,False,B9B,100,100,"azienda_ordinaria,professionista,semplificata",standard,
account_630035,630035,Accantonamento TFR (sez. B),expense,False,B9C,100,100,"azienda_ordinaria,professionista,semplificata",standard,
account_630036,630036,TFR Istituz. Sez. A),expense,False,B9C,0,0,"azienda_ordinaria,professionista,semplificata",standard,
account_630037,630037,Accantonamento TFR,expense,False,B9C,100,100,"azienda_ordinaria,professionista,semplificata",standard,
account_630038,630038,Accan. TFR Formazione Lavoro,expense,False,B9C,100,100,"azienda_ordinaria,professionista,semplificata",standard,
account_630039,630039,Accan. TFR Apprendisti-disabili,expense,False,B9C,100,100,"azienda_ordinaria,professionista,semplificata",standard,
account_630040,630040,Accan. TFR Ricerca-sviluppo,expense,False,B9C,100,100,"azienda_ordinaria,professionista,semplificata",standard,
account_630041,630041,TFR Licenziamenti Corso Anno,expense,False,B9C,100,100,"azienda_ordinaria,professionista,semplificata",standard,
account_630042,630042,Accantonamento TFR Soci Coop.,expense,False,B9C,100,100,"azienda_ordinaria,professionista,semplificata",standard,
account_630043,630043,Accantonamento TFR Tempo Determ.,expense,False,B9C,100,100,"azienda_ordinaria,professionista,semplificata",standard,
account_630044,630044,Accan. F.do Previd. Integr. (sez. B),expense,False,B9D,100,100,"azienda_ordinaria,professionista,semplificata",standard,
account_630045,630045,Accan. F.do Previd. Integrativa,expense,False,B9D,100,100,"azienda_ordinaria,professionista,semplificata",standard,
account_630046,630046,Accan. F.do Previd. Integr. Soci Coop.,expense,False,B9D,100,100,"azienda_ordinaria,professionista,semplificata",standard,
account_630047,630047,Altri Costi Personale (sez. B),expense,False,B9E,100,100,"azienda_ordinaria,professionista,semplificata",standard,
account_630048,630048,Altri Costi Person. Istituz. Sez. A),expense,False,B9E,0,0,"azienda_ordinaria,professionista,semplificata",standard,
account_630049,630049,Altri Costi Personale,expense,False,B9E,100,100,"azienda_ordinaria,professionista,semplificata",standard,
account_630050,630050,Altri Costi Pers. Formaz. Lavoro,expense,False,B9E,100,100,"azienda_ordinaria,professionista,semplificata",standard,
account_630051,630051,Altri Costi Pers. Apprend-disabili,expense,False,B9E,100,100,"azienda_ordinaria,professionista,semplificata",standard,
account_630052,630052,Altri Costi Pers. Ricerca-sviluppo,expense,False,B9E,100,100,"azienda_ordinaria,professionista,semplificata",standard,
account_630053,630053,Altri Costi Pers. Coop. Sociali,expense,False,B9E,100,0,"azienda_ordinaria,professionista,semplificata",standard,
account_630054,630054,Errori non Rilevanti Costi Personale,expense,False,B9E,100,100,"azienda_ordinaria,professionista,semplificata",standard,
account_630055,630055,Altri Costi Personale Soci Coop.,expense,False,B9E,100,100,"azienda_ordinaria,professionista,semplificata",standard,
account_630056,630056,Altri Costi Personale Presidi Med.,expense,False,B9E,100,100,"azienda_ordinaria,professionista,semplificata",standard,
account_630057,630057,Costi del Personale (sez. E),expense,False,B9E,100,0,"azienda_ordinaria,professionista,semplificata",standard,
account_640001,640001,Amm.to Immobilizz. Immater. (sez. B),expense_depreciation,False,B10A,0,100,"azienda_ordinaria,professionista,semplificata",standard,
account_640002,640002,Amm.to Imm. Immater.-indeduc. (sez. B),expense_depreciation,False,B10A,0,100,"azienda_ordinaria,professionista,semplificata",standard,
account_640003,640003,Ammortamenti Istituz. Sez. A),expense_depreciation,False,B10A,0,0,"azienda_ordinaria,professionista,semplificata",standard,
account_640004,640004,Amm.to Costi di Impianto,expense_depreciation,False,B10A,0,100,"azienda_ordinaria,professionista,semplificata",standard,
account_640005,640005,Amm.to Costi di Ampliamento,expense_depreciation,False,B10A,0,100,"azienda_ordinaria,professionista,semplificata",standard,
account_640006,640006,Amm.to Spese di Costituzione,expense_depreciation,False,B10A,0,100,"azienda_ordinaria,professionista,semplificata",standard,
account_640007,640007,Amm.to Spese Modifiche Statutarie,expense_depreciation,False,B10A,0,100,"azienda_ordinaria,professionista,semplificata",standard,
account_640008,640008,Amm.to Costi di Sviluppo,expense_depreciation,False,B10A,0,100,"azienda_ordinaria,professionista,semplificata",standard,
account_640009,640009,Amm.to Diritti di Brevetto,expense_depreciation,False,B10A,0,100,"azienda_ordinaria,professionista,semplificata",standard,
account_640010,640010,Amm.to Diritti di Util. Opere Ingegn.,expense_depreciation,False,B10A,0,100,"azienda_ordinaria,professionista,semplificata",standard,
account_640011,640011,"Amm.to Conces,licenze Diritti Simili",expense_depreciation,False,B10A,0,100,"azienda_ordinaria,professionista,semplificata",standard,
account_640012,640012,Amm.to Marchi Fabbrica e Commercio,expense_depreciation,False,B10A,0,100,"azienda_ordinaria,professionista,semplificata",standard,
account_640013,640013,Amm.to Licenze Software,expense_depreciation,False,B10A,0,100,"azienda_ordinaria,professionista,semplificata",standard,
account_640014,640014,Amm.to Know How,expense_depreciation,False,B10A,0,100,"azienda_ordinaria,professionista,semplificata",standard,
account_640015,640015,Amm.to Avviamento,expense_depreciation,False,B10A,0,100,"azienda_ordinaria,professionista,semplificata",standard,
account_640016,640016,Amm.to Altre Immobilizz. Immater.,expense_depreciation,False,B10A,0,100,"azienda_ordinaria,professionista,semplificata",standard,
account_640017,640017,Amm.to Costi Migliorie Beni di Terzi,expense_depreciation,False,B10A,0,100,"azienda_ordinaria,professionista,semplificata",standard,
account_640018,640018,Amm.to Imm. Immateriali-indeducibili,expense_depreciation,False,B10A,0,100,"azienda_ordinaria,professionista,semplificata",standard,
account_640019,640019,Amm.to Immobilizz. Immater. (sez. E),expense_depreciation,False,B10A,0,100,"azienda_ordinaria,professionista,semplificata",standard,
account_640020,640020,Amm.to Immobilizz. Mater. (sez. B),expense_depreciation,False,B10B,0,100,"azienda_ordinaria,professionista,semplificata",standard,
account_640021,640021,Amm.to Imm. Mater.-indeduc. (sez. B),expense_depreciation,False,B10B,0,100,"azienda_ordinaria,professionista,semplificata",standard,
account_640022,640022,Amm.to Ordinario Terreni,expense_depreciation,False,B10B,0,100,"azienda_ordinaria,professionista,semplificata",standard,
account_640023,640023,Amm.to Ordinario Fabbricati Civili,expense_depreciation,False,B10B,0,100,"azienda_ordinaria,professionista,semplificata",standard,
account_640024,640024,Amm.to Ordinario Fabb. Commerciali,expense_depreciation,False,B10B,0,100,"azienda_ordinaria,professionista,semplificata",standard,
account_640025,640025,Amm.to Ordinario Costruzioni Leggere,expense_depreciation,False,B10B,0,100,"azienda_ordinaria,professionista,semplificata",standard,
account_640026,640026,Amm.to Ordinario Fabbricati Indust.,expense_depreciation,False,B10B,0,100,"azienda_ordinaria,professionista,semplificata",standard,
account_640027,640027,Amm.to Ord. Fabb. Civili Strumentali,expense_depreciation,False,B10B,0,100,"azienda_ordinaria,professionista,semplificata",standard,
account_640028,640028,Amm.to Ordinario Imm. Strum. Cat. A/10,expense_depreciation,False,B10B,0,100,"azienda_ordinaria,professionista,semplificata",standard,
account_640029,640029,Amm.to Ordinario Impianti Generici,expense_depreciation,False,B10B,0,100,"azienda_ordinaria,professionista,semplificata",standard,
account_640030,640030,Amm.to Ordinario Impianti Specifici,expense_depreciation,False,B10B,0,100,"azienda_ordinaria,professionista,semplificata",standard,
account_640031,640031,Amm.to Ordinario Macchinari,expense_depreciation,False,B10B,0,100,"azienda_ordinaria,professionista,semplificata",standard,
account_640032,640032,Amm.to Impianti D'allarme-antifurto,expense_depreciation,False,B10B,0,100,"azienda_ordinaria,professionista,semplificata",standard,
account_640033,640033,Amm.to Impianti Telefonici,expense_depreciation,False,B10B,0,100,"azienda_ordinaria,professionista,semplificata",standard,
account_640034,640034,Amm.to Ordinario Attrezz. Ind.-comm.,expense_depreciation,False,B10B,0,100,"azienda_ordinaria,professionista,semplificata",standard,
account_640035,640035,Amm.to Ordinario Attrezzatura Varia,expense_depreciation,False,B10B,0,100,"azienda_ordinaria,professionista,semplificata",standard,
account_640036,640036,Amm.to Ordinario Mobili,expense_depreciation,False,B10B,0,100,"azienda_ordinaria,professionista,semplificata",standard,
account_640037,640037,Amm.to Ordinario Macch. Elett. Ufficio,expense_depreciation,False,B10B,0,100,"azienda_ordinaria,professionista,semplificata",standard,
account_640038,640038,Amm.to Ordinario Autovetture,expense_depreciation,False,B10B,0,100,"azienda_ordinaria,professionista,semplificata",standard,
account_640039,640039,Amm.to Ordinario Autocarri,expense_depreciation,False,B10B,0,100,"azienda_ordinaria,professionista,semplificata",standard,
account_640040,640040,Amm.to Ordinario Arredamento,expense_depreciation,False,B10B,0,100,"azienda_ordinaria,professionista,semplificata",standard,
account_640041,640041,Amm.to Ordinario Altri Beni Material,expense_depreciation,False,B10B,0,100,"azienda_ordinaria,professionista,semplificata",standard,
account_640042,640042,"Amm.to Ordinario Beni Inf. 516,46",expense_depreciation,False,B10B,0,100,"azienda_ordinaria,professionista,semplificata",standard,
account_640043,640043,Amm.to Ordinario Moto — Ciclomotori,expense_depreciation,False,B10B,0,100,"azienda_ordinaria,professionista,semplificata",standard,
account_640044,640044,Amm.to Ord. Autoveicoli Autotrasport.,expense_depreciation,False,B10B,0,100,"azienda_ordinaria,professionista,semplificata",standard,
account_640045,640045,Amm.to Ant. Terreni,expense_depreciation,False,B10B,100,0,"azienda_ordinaria,professionista,semplificata",standard,
account_640046,640046,Amm.to Ant. Fabbricati Civili,expense_depreciation,False,B10B,100,0,"azienda_ordinaria,professionista,semplificata",standard,
account_640047,640047,Amm.to Ant. Fabbricati Commerciali,expense_depreciation,False,B10B,100,0,"azienda_ordinaria,professionista,semplificata",standard,
account_640048,640048,Amm.to Ant. Costruzioni Leggere,expense_depreciation,False,B10B,100,0,"azienda_ordinaria,professionista,semplificata",standard,
account_640049,640049,Amm.to Ant. Fabbricati Industriali,expense_depreciation,False,B10B,100,0,"azienda_ordinaria,professionista,semplificata",standard,
account_640050,640050,Amm.to Ant. Fabb. Civili Strumentali,expense_depreciation,False,B10B,100,0,"azienda_ordinaria,professionista,semplificata",standard,
account_640051,640051,Amm.to Ant. Immobili Strum. Cat. A/10,expense_depreciation,False,B10B,100,0,"azienda_ordinaria,professionista,semplificata",standard,
account_640052,640052,Amm.to Ant. Impianti Generici,expense_depreciation,False,B10B,100,0,"azienda_ordinaria,professionista,semplificata",standard,
account_640053,640053,Amm.to Ant. Impianti Specifici,expense_depreciation,False,B10B,100,0,"azienda_ordinaria,professionista,semplificata",standard,
account_640054,640054,Amm.to Ant. Macchinari,expense_depreciation,False,B10B,100,0,"azienda_ordinaria,professionista,semplificata",standard,
account_640055,640055,Amm. Ant. Impianti Allarme-antifurto,expense_depreciation,False,B10B,100,0,storico,standard,
account_640056,640056,Amm. Ant. Impianti Telefonici,expense_depreciation,False,B10B,100,0,storico,standard,
account_640057,640057,Amm.to Ant. Attrezzature Ind-comm,expense_depreciation,False,B10B,100,0,"azienda_ordinaria,professionista,semplificata",standard,
account_640058,640058,Amm.to Ant. Attrezzatura Varia,expense_depreciation,False,B10B,100,0,"azienda_ordinaria,professionista,semplificata",standard,
account_640059,640059,Amm.to Ant. Mobili,expense_depreciation,False,B10B,100,0,"azienda_ordinaria,professionista,semplificata",standard,
account_640060,640060,Amm.to Ant. Macch. Elettr. D'ufficio,expense_depreciation,False,B10B,100,0,"azienda_ordinaria,professionista,semplificata",standard,
account_640061,640061,Amm.to Ant. Autovetture,expense_depreciation,False,B10B,100,0,"azienda_ordinaria,professionista,semplificata",standard,
account_640062,640062,Amm.to Ant. Autocarri,expense_depreciation,False,B10B,100,0,"azienda_ordinaria,professionista,semplificata",standard,
account_640063,640063,Amm.to Ant. Arredamento,expense_depreciation,False,B10B,100,0,"azienda_ordinaria,professionista,semplificata",standard,
account_640064,640064,Amm.to Ant. Altri Beni Materiali,expense_depreciation,False,B10B,100,0,"azienda_ordinaria,professionista,semplificata",standard,
account_640065,640065,"Amm.to Ant. Beni Strum. Inf. 516,46",expense_depreciation,False,B10B,100,0,"azienda_ordinaria,professionista,semplificata",standard,
account_640066,640066,Amm.to Ant. Motoveicoli-ciclomotori,expense_depreciation,False,B10B,100,0,"azienda_ordinaria,professionista,semplificata",standard,
account_640067,640067,Amm.to Ant. Autoveicoli Autotrasp.,expense_depreciation,False,B10B,100,0,"azienda_ordinaria,professionista,semplificata",standard,
account_640068,640068,Ammortamenti-indeducibili,expense_depreciation,False,B10B,0,100,"azienda_ordinaria,professionista,semplificata",standard,
account_640069,640069,Amm.to Immobilizz. Mater. (sez. E),expense_depreciation,False,B10B,0,100,"azienda_ordinaria,professionista,semplificata",standard,
account_640070,640070,Amm.to Immob.-indeduc. (sez. E),expense_depreciation,False,B10B,0,100,"azienda_ordinaria,professionista,semplificata",standard,
account_645001,645001,Svalut. Immobilizz. Materiali (sez. B),expense,False,B10C,0,0,"azienda_ordinaria,professionista,semplificata",standard,
account_645002,645002,Svalut. Immobilizz. Immater. (sez. B),expense,False,B10C,0,0,"azienda_ordinaria,professionista,semplificata",standard,
account_645003,645003,Svalut. Immob. Istituz. Sez. A),expense,False,B10C,0,0,"azienda_ordinaria,professionista,semplificata",standard,
account_645004,645004,Svalut. Beni Ammortizzabili,expense,False,B10C,0,0,"azienda_ordinaria,professionista,semplificata",standard,
account_645005,645005,Svalut. Beni non Ammortizz.,expense,False,B10C,0,0,"azienda_ordinaria,professionista,semplificata",standard,
account_645006,645006,Svalut. Immobilizz. Immateriali,expense,False,B10C,0,0,"azienda_ordinaria,professionista,semplificata",standard,
account_645007,645007,Svalut. Immobilizz. Materiali (sez. E),expense,False,B10C,0,0,"azienda_ordinaria,professionista,semplificata",standard,
account_645008,645008,Svalut. Immobilizz. Immater. (sez. E),expense,False,B10C,0,0,"azienda_ordinaria,professionista,semplificata",standard,
account_645009,645009,Accan. Svalut. Crediti Clienti,expense,False,B10D,100,0,"azienda_ordinaria,professionista,semplificata",standard,
account_650001,650001,Rim. Iniz. Materie Prime,expense,False,B11,100,100,"azienda_ordinaria,professionista,semplificata",standard,
account_650002,650002,Rim. Iniz. Materie Sussidiarie,expense,False,B11,100,100,"azienda_ordinaria,professionista,semplificata",standard,
account_650003,650003,Rim. Iniz. Materie Consumo,expense,False,B11,100,100,"azienda_ordinaria,professionista,semplificata",standard,
account_650004,650004,Rim. Iniz. Materiali Vari,expense,False,B11,100,100,"azienda_ordinaria,professionista,semplificata",standard,
account_650005,650005,Rim. Iniz. Materie Prime Semplificate,expense,False,B11,100,0,"azienda_ordinaria,semplificata",standard,
account_650006,650006,Rim. Iniz. Merci,expense,False,B11,100,100,"azienda_ordinaria,professionista,semplificata",standard,
account_650007,650007,Rim. Iniz. Merci Semplificate,expense,False,B11,100,0,"azienda_ordinaria,semplificata",standard,
account_650008,650008,Rim. Iniz. Generi Ricavo Fisso,expense,False,B11,100,100,"azienda_ordinaria,professionista,semplificata",standard,
account_650009,650009,Rim. Iniz. Gen. Ric. Fisso Semplificate,expense,False,B11,100,0,"azienda_ordinaria,semplificata",standard,
account_650010,650010,Svalutazione Rimanenze Mat. Prime,expense,False,B11,100,100,"azienda_ordinaria,professionista,semplificata",standard,
account_650011,650011,Svalutazione Rim. Sussid. e Consumo,expense,False,B11,100,100,"azienda_ordinaria,professionista,semplificata",standard,
account_650012,650012,Svalutazione Rimanenze Merci,expense,False,B11,100,100,"azienda_ordinaria,professionista,semplificata",standard,
account_650013,650013,Rimanenze Iniziali — Generico -,expense,False,B11,100,100,"azienda_ordinaria,professionista,semplificata",standard,
account_650014,650014,Rimanenze Iniziali (sez. B),expense,False,B11,100,100,"azienda_ordinaria,professionista,semplificata",standard,
account_650015,650015,Rimanenze Iniziali Istituz. Sez. A),expense,False,B11,0,0,"azienda_ordinaria,professionista,semplificata",standard,
account_650016,650016,Rim. Fin. Materie Prime,expense,False,B11,100,100,"azienda_ordinaria,professionista,semplificata",standard,
account_650017,650017,Rim. Fin. Materie Sussidiarie,expense,False,B11,100,100,"azienda_ordinaria,professionista,semplificata",standard,
account_650018,650018,Rim. Fin. Materie di Consumo,expense,False,B11,100,100,"azienda_ordinaria,professionista,semplificata",standard,
account_650019,650019,Rim. Fin. Materiali Vari,expense,False,B11,100,100,"azienda_ordinaria,professionista,semplificata",standard,
account_650020,650020,Rim. Fin. Merci,expense,False,B11,100,100,"azienda_ordinaria,professionista,semplificata",standard,
account_650021,650021,Rim. Fin. Mat. Prime Semplificate,expense,False,B11,100,0,"azienda_ordinaria,semplificata",standard,
account_650022,650022,Rim. Fin. Gen. Ric. Fisso Semplificate,expense,False,B11,100,0,"azienda_ordinaria,semplificata",standard,
account_650023,650023,Rim. Fin. Merci Semplificate,expense,False,B11,100,0,"azienda_ordinaria,semplificata",standard,
account_650024,650024,Rim. Fin. Generi Ricavo Fisso,expense,False,B11,100,100,"azienda_ordinaria,professionista,semplificata",standard,
account_660001,660001,Accan. Rischi e Oneri (sez. B),expense,False,B12,100,0,"azienda_ordinaria,professionista,semplificata",standard,
account_660002,660002,Accan. Rischi e Oneri Inded. (sez. B),expense,False,B12,0,0,"azienda_ordinaria,professionista,semplificata",standard,
account_660003,660003,Acc. Rischi e Oneri Istituz. Sez. A),expense,False,B12,0,0,"azienda_ordinaria,professionista,semplificata",standard,
account_660004,660004,Accan. F.do Rischi Controv. Legali,expense,False,B12,100,0,"azienda_ordinaria,professionista,semplificata",standard,
account_660005,660005,Accan. F.do Rischi Garanzia Prodotti,expense,False,B12,100,0,"azienda_ordinaria,professionista,semplificata",standard,
account_660006,660006,Accan. F.do Rischi Garanzie a Terzi,expense,False,B12,100,0,"azienda_ordinaria,professionista,semplificata",standard,
account_660007,660007,Accan. F.do Rischi non Assicurati,expense,False,B12,100,0,"azienda_ordinaria,professionista,semplificata",standard,
account_660008,660008,Accan. F.do Rischi per Imposte,expense,False,B12,0,0,"azienda_ordinaria,professionista,semplificata",standard,
account_660009,660009,Accan. Discariche,expense,False,B12,100,100,"azienda_ordinaria,professionista,semplificata",standard,
account_660010,660010,Amm.to per Rischi e Oneri (sez. E),expense,False,B12,100,0,"azienda_ordinaria,professionista,semplificata",standard,
account_660011,660011,Amm.to Rischi e Oneri Inded. (sez. E),expense,False,B12,0,0,"azienda_ordinaria,professionista,semplificata",standard,
account_665001,665001,Accan. F.do Indenn. Cess. Rapp. Agenzia,expense,False,B13,100,0,"azienda_ordinaria,professionista,semplificata",standard,
account_665002,665002,Accan. F.do Concorsi a Premio,expense,False,B13,100,0,"azienda_ordinaria,professionista,semplificata",standard,
account_665003,665003,Accan. F.do Recupero Ambientale,expense,False,B13,100,0,"azienda_ordinaria,professionista,semplificata",standard,
account_665004,665004,Accan. F.do Man. Ciclica Navi-aerei,expense,False,B13,100,0,"azienda_ordinaria,professionista,semplificata",standard,
account_665005,665005,Accan. F.do Buoni Sconto,expense,False,B13,100,0,"azienda_ordinaria,professionista,semplificata",standard,
account_665006,665006,Accan. Beni Affitto D'azienda,expense,False,B13,100,100,"azienda_ordinaria,professionista,semplificata",standard,
account_665007,665007,Accan. Inded. Beni Affitto D'azienda,expense,False,B13,0,0,"azienda_ordinaria,professionista,semplificata",standard,
account_665008,665008,Accan. Altri Fondi per Oneri,expense,False,B13,100,0,"azienda_ordinaria,professionista,semplificata",standard,
account_670001,670001,Imposta di Registro (sez. B),expense,False,B14,100,100,"azienda_ordinaria,professionista,semplificata",standard,
account_670002,670002,Altre Imposte Tasse (sez. B),expense,False,B14,100,100,"azienda_ordinaria,professionista,semplificata",standard,
account_670003,670003,Altre Imposte Tasse-inded. (sez. B),expense,False,B14,0,100,"azienda_ordinaria,professionista,semplificata",standard,
account_670004,670004,Minusvalenze Ordinarie (sez. B),expense,False,B14,100,100,"azienda_ordinaria,professionista,semplificata",standard,
account_670005,670005,Minusvalenze Ordin. Inded. (sez. B),expense,False,B14,100,100,"azienda_ordinaria,professionista,semplificata",standard,
account_670006,670006,Soprav. Passive Ordinarie (sez. B),expense,False,B14,100,100,"azienda_ordinaria,professionista,semplificata",standard,
account_670007,670007,Soprav. Pass. Ordin. Inded. (sez. B),expense,False,B14,0,100,"azienda_ordinaria,professionista,semplificata",standard,
account_670008,670008,Altri Oneri Gestione (sez. B),expense,False,B14,100,100,"azienda_ordinaria,professionista,semplificata",standard,
account_670009,670009,Altri Oneri Gest-indeducib. (sez. B),expense,False,B14,0,100,"azienda_ordinaria,professionista,semplificata",standard,
account_670010,670010,Oneri Diversi Gest. Istituz. Sez. A),expense,False,B14,0,0,"azienda_ordinaria,professionista,semplificata",standard,
account_670011,670011,Costi da Racc. Fondi Occas. (sez. C),expense,False,B14,0,100,"azienda_ordinaria,professionista,semplificata",standard,
account_670012,670012,Altri Oneri da Racc. Fondi (sez. C),expense,False,B14,0,100,"azienda_ordinaria,professionista,semplificata",standard,
account_670013,670013,Tasse Proprieta Autoveicoli,expense,False,B14,100,100,"azienda_ordinaria,professionista,semplificata",standard,
account_670014,670014,Tasse Prop. Auto non Assegnata,expense,False,B14,20,100,"azienda_ordinaria,professionista,semplificata",standard,
account_670015,670015,Tasse Prop. Auto Assegnata,expense,False,B14,70,100,"azienda_ordinaria,professionista,semplificata",standard,
account_670016,670016,Tasse Proprieta Auto-indeducibili,expense,False,B14,0,100,"azienda_ordinaria,professionista,semplificata",standard,
account_670017,670017,Tasse Proprieta Auto Agenti(80%),expense,False,B14,80,100,"azienda_ordinaria,professionista,semplificata",standard,
account_670018,670018,Imposta di Bollo,expense,False,B14,100,100,"azienda_ordinaria,professionista,semplificata",standard,
account_670019,670019,Imposta di Fabbricazione,expense,False,B14,100,100,"azienda_ordinaria,professionista,semplificata",standard,
account_670020,670020,Imposta di Registro,expense,False,B14,100,100,"azienda_ordinaria,professionista,semplificata",standard,
account_670021,670021,Imposte Ipotecarie e Catastali,expense,False,B14,100,100,"azienda_ordinaria,professionista,semplificata",standard,
account_670022,670022,Invim,expense,False,B14,100,100,"azienda_ordinaria,professionista,semplificata",standard,
account_670023,670023,Tassa Concessione Governativa,expense,False,B14,100,100,"azienda_ordinaria,professionista,semplificata",standard,
account_670024,670024,Tassa Concess. Governat(80%),expense,False,B14,80,100,"azienda_ordinaria,professionista,semplificata",standard,
account_670025,670025,Tassa sui Rifiuti,expense,False,B14,100,100,"azienda_ordinaria,professionista,semplificata",standard,
account_670026,670026,IVA Acquisti Indetr. Prorata,expense,False,B14,100,100,"azienda_ordinaria,professionista,semplificata",standard,
account_670027,670027,Diritti Camerali,expense,False,B14,100,100,"azienda_ordinaria,professionista,semplificata",standard,
account_670028,670028,Altre Imposte Tasse,expense,False,B14,100,100,"azienda_ordinaria,professionista,semplificata",standard,
account_670029,670029,Imposta su Immobili (INDEDUCIBILE),expense,False,B14,0,100,"azienda_ordinaria,professionista,semplificata",standard,
account_670030,670030,Imposta Munic. Unica-imu-,expense,False,B14,100,100,"azienda_ordinaria,professionista,semplificata",standard,
account_670031,670031,Altre Imposte Tasse-indeducibili,expense,False,B14,0,100,"azienda_ordinaria,professionista,semplificata",standard,
account_670032,670032,Tassa Vidimazione Libri Sociali,expense,False,B14,100,100,"azienda_ordinaria,professionista,semplificata",standard,
account_670033,670033,Imposte e Tasse non Pagate,expense,False,B14,100,100,"azienda_ordinaria,professionista,semplificata",standard,
account_670034,670034,Perdite su Crediti,expense,False,B14,100,100,"azienda_ordinaria,professionista,semplificata",standard,
account_670035,670035,Utilizzo F.do Svalut. Crediti,expense,False,B14,100,100,"azienda_ordinaria,professionista,semplificata",standard,
account_670036,670036,Contributi Sindacali Pagati,expense,False,B14,100,100,"azienda_ordinaria,professionista,semplificata",standard,
account_670037,670037,Cancelleria-abb. Riviste. Giorn.-libri,expense,False,B14,100,100,"azienda_ordinaria,professionista,semplificata",standard,
account_670038,670038,Minusvalenze Ordinarie,expense,False,B14,100,100,"azienda_ordinaria,professionista,semplificata",standard,
account_670039,670039,Soprav. Passive Ordinarie,expense,False,B14,100,100,"azienda_ordinaria,professionista,semplificata",standard,
account_670040,670040,Utilizzo F.do Costi Oneri Liquidaz.,expense,False,B14,100,100,"azienda_ordinaria,professionista,semplificata",standard,
account_670041,670041,Omaggi Clienti Art. Prom.(fino 50€),expense,False,B14,100,100,"azienda_ordinaria,professionista,semplificata",standard,
account_670042,670042,Omaggi Clienti Rappresen.(oltre50€),expense,False,B14,100,100,"azienda_ordinaria,professionista,semplificata",standard,
account_670043,670043,Abbuoni-arroton. Passivi,expense,False,B14,100,100,"azienda_ordinaria,professionista,semplificata",standard,
account_670044,670044,Sconti Passivi,expense,False,B14,100,100,"azienda_ordinaria,professionista,semplificata",standard,
account_670045,670045,Banche Dati,expense,False,B14,100,100,"azienda_ordinaria,professionista,semplificata",standard,
account_670046,670046,Erogazioni Liberali,expense,False,B14,100,100,"azienda_ordinaria,professionista,semplificata",standard,
account_670047,670047,Altri Oneri Gestione,expense,False,B14,100,100,"azienda_ordinaria,professionista,semplificata",standard,
account_670048,670048,Utili Assoc. Partec. Beni Proprieta',expense,False,B14,0,100,"azienda_ordinaria,professionista,semplificata",standard,
account_670049,670049,Minusv. Ordin-indeducibili,expense,False,B14,100,100,"azienda_ordinaria,professionista,semplificata",standard,
account_670050,670050,Contrib. Sindacali non Pagati,expense,False,B14,100,100,"azienda_ordinaria,professionista,semplificata",standard,
account_670051,670051,Soprav. Ordin-indeducibili,expense,False,B14,0,100,"azienda_ordinaria,professionista,semplificata",standard,
account_670052,670052,Sanzioni Ammende-indeducibili,expense,False,B14,0,100,"azienda_ordinaria,professionista,semplificata",standard,
account_670053,670053,Sanzioni Ammende Inded. No IRAP Art.5,expense,False,B14,0,100,"azienda_ordinaria,professionista,semplificata",standard,
account_670054,670054,Altri Oneri Inded. No IRAP Art.5,expense,False,B14,0,100,"azienda_ordinaria,professionista,semplificata",standard,
account_670055,670055,IVA da Adeguamento ISA Indeducibile,expense,False,B14,0,100,"azienda_ordinaria,professionista,semplificata",standard,
account_670056,670056,Altri Oneri Gest-indeducibili,expense,False,B14,0,100,"azienda_ordinaria,professionista,semplificata",standard,
account_670057,670057,Contrib. Previd. Minimi e Forfettari,expense,False,B14,0,0,forfetario,standard,
account_670058,670058,Acc. To Riserva Vinc. Organi Istituz.,expense,False,B14,100,100,"azienda_ordinaria,professionista,semplificata",standard,
account_670059,670059,Utiliz. Riserva Vinc. Organi Istituz.,expense,False,B14,100,100,"azienda_ordinaria,professionista,semplificata",standard,
account_670060,670060,Minusv. Cess./conf. Azienda,expense,False,B14,100,100,"azienda_ordinaria,professionista,semplificata",standard,
account_670061,670061,Altre Minusv. Straordinarie,expense,False,B14,100,100,"azienda_ordinaria,professionista,semplificata",standard,
account_670062,670062,Sopravvenienze Passive,expense,False,B14,100,100,"azienda_ordinaria,professionista,semplificata",standard,
account_670063,670063,Altri Oneri Straordinari,expense,False,B14,100,100,"azienda_ordinaria,professionista,semplificata",standard,
account_670064,670064,Minusv. Straord. No IRAP,expense,False,B14,100,100,"azienda_ordinaria,professionista,semplificata",standard,
account_670065,670065,Minusv. Straord-indeducibili,expense,False,B14,0,100,"azienda_ordinaria,professionista,semplificata",standard,
account_670066,670066,Minusv. Cess. Fabb. Civili,expense,False,B14,100,100,"azienda_ordinaria,professionista,semplificata",standard,
account_670067,670067,Soprav. Pass. Straord-indeducibili,expense,False,B14,0,100,"azienda_ordinaria,professionista,semplificata",standard,
account_670068,670068,Soprav. Pass. Straord. No IRAP,expense,False,B14,100,100,"azienda_ordinaria,professionista,semplificata",standard,
account_670069,670069,Imposte Es. Precedenti Deducibili,expense,False,B14,100,100,"azienda_ordinaria,professionista,semplificata",standard,
account_670070,670070,Soprav. Pass. Straord. No Ires/IRAP,expense,False,B14,0,100,"azienda_ordinaria,professionista,semplificata",standard,
account_670071,670071,Altri Oneri Straord-indeducibili,expense,False,B14,0,100,"azienda_ordinaria,professionista,semplificata",standard,
account_670072,670072,Altri Oneri Gestione (sez. E),expense,False,B14,100,100,"azienda_ordinaria,professionista,semplificata",standard,
account_670073,670073,Altri Oneri Gest-indeducib. (sez. E),expense,False,B14,0,100,"azienda_ordinaria,professionista,semplificata",standard,
account_670074,670074,Acc. To Ris. Vinc. Organi Ist. (sez. E),expense,False,B14,100,100,"azienda_ordinaria,professionista,semplificata",standard,
account_670075,670075,Utiliz. Ris. Vinc. Organi Ist. (sez. E),expense,False,B14,100,100,"azienda_ordinaria,professionista,semplificata",standard,
account_800001,800001,Dividendi Impr. Controllate,income_other,False,C15A,100,0,"azienda_ordinaria,professionista,forfetario,semplificata",standard,
account_800002,800002,Dividendi da Controllate Sogg. IRES,income_other,False,C15A,5,0,"azienda_ordinaria,professionista,forfetario,semplificata",standard,
account_800003,800003,Dividendi non Incass. da Controllate,income_other,False,C15A,100,0,"azienda_ordinaria,professionista,forfetario,semplificata",standard,
account_800004,800004,Dividendi Impr. Collegate,income_other,False,C15B,100,0,"azienda_ordinaria,professionista,forfetario,semplificata",standard,
account_800005,800005,Dividendi da Collegate Sogg. IRES,income_other,False,C15B,5,0,"azienda_ordinaria,professionista,forfetario,semplificata",standard,
account_800006,800006,Dividendi non Incass. da Collegate,income_other,False,C15B,100,0,"azienda_ordinaria,professionista,forfetario,semplificata",standard,
account_800007,800007,Dividendi Impr. Controllanti,income_other,False,C15C,100,0,"azienda_ordinaria,professionista,forfetario,semplificata",standard,
account_800008,800008,Dividendi da Controllanti Sogg. IRES,income_other,False,C15C,5,0,"azienda_ordinaria,professionista,forfetario,semplificata",standard,
account_800009,800009,Dividendi non Incass. da Controllanti,income_other,False,C15C,100,0,"azienda_ordinaria,professionista,forfetario,semplificata",standard,
account_800010,800010,Dividendi da Consociate,income_other,False,C15D,100,0,"azienda_ordinaria,professionista,forfetario,semplificata",standard,
account_800011,800011,Dividendi da Consociate Sogg. IRES,income_other,False,C15D,5,0,"azienda_ordinaria,professionista,forfetario,semplificata",standard,
account_800012,800012,Dividendi non Incass. da Consociate,income_other,False,C15D,100,0,"azienda_ordinaria,professionista,forfetario,semplificata",standard,
account_800013,800013,Altri Proventi da Partecipazioni,income_other,False,C15E,100,0,"azienda_ordinaria,professionista,forfetario,semplificata",standard,
account_800014,800014,Altri Prov. da Partecip. Sogg. IRES,income_other,False,C15E,5,0,"azienda_ordinaria,professionista,forfetario,semplificata",standard,
account_800015,800015,Altri Proventi da Partec. non Incass.,income_other,False,C15E,100,0,"azienda_ordinaria,professionista,forfetario,semplificata",standard,
account_800016,800016,"Altri Proventi Sogg. Irpef (49,72%)",income_other,False,C15E,49,0,"azienda_ordinaria,professionista,forfetario,semplificata",standard,
account_800017,800017,"Altri Proventi Sogg. Irpef (58,14%)",income_other,False,C15E,58,0,"azienda_ordinaria,professionista,forfetario,semplificata",standard,
account_810001,810001,Inter. Attivi Impr. Controllate,income_other,False,C16A1,100,0,"azienda_ordinaria,professionista,forfetario,semplificata",standard,
account_810002,810002,Inter. Attivi Impr. Collegate,income_other,False,C16A2,100,0,"azienda_ordinaria,professionista,forfetario,semplificata",standard,
account_810003,810003,Inter. Attivi Impr. Controllanti,income_other,False,C16A3,100,0,"azienda_ordinaria,professionista,forfetario,semplificata",standard,
account_810004,810004,Inter. Attivi Controllo Controllanti,income_other,False,C16A4,100,0,"azienda_ordinaria,professionista,forfetario,semplificata",standard,
account_810005,810005,Inter. Attivi Altri Cred. Iscrit. Immob,income_other,False,C16A5,100,0,"azienda_ordinaria,professionista,forfetario,semplificata",standard,
account_810006,810006,Proventi Fin. Titoli Immobilizzati,income_other,False,C16B,100,0,"azienda_ordinaria,professionista,forfetario,semplificata",standard,
account_810007,810007,Proventi Fin. Titoli Attivo Circolant,income_other,False,C16C,100,0,"azienda_ordinaria,professionista,forfetario,semplificata",standard,
account_810008,810008,Altri Proventi Fin. Impr. Controllate,income_other,False,C16D1,100,0,"azienda_ordinaria,professionista,forfetario,semplificata",standard,
account_810009,810009,Altri Proventi Fin. Impr. Collegate,income_other,False,C16D2,100,0,"azienda_ordinaria,professionista,forfetario,semplificata",standard,
account_810010,810010,Altri Proventi Fin. Impr. Controllanti,income_other,False,C16D3,100,0,"azienda_ordinaria,professionista,forfetario,semplificata",standard,
account_810011,810011,Altri Prov. Fin. da Consociate,income_other,False,C16D4,100,0,"azienda_ordinaria,professionista,forfetario,semplificata",standard,
account_810012,810012,Proventi Attivita Fin. non Immob. Zate,income_other,False,C16D5,100,0,"azienda_ordinaria,professionista,forfetario,semplificata",standard,
account_810013,810013,Contributi C/interessi,income_other,False,C16D5,100,0,"azienda_ordinaria,professionista,forfetario,semplificata",standard,
account_810014,810014,Inter. Attivi V/clienti,income_other,False,C16D5,100,0,"azienda_ordinaria,professionista,forfetario,semplificata",standard,
account_810015,810015,Inter. Attivi V/erario,income_other,False,C16D5,100,0,"azienda_ordinaria,professionista,forfetario,semplificata",standard,
account_810016,810016,Inter. Attivi V/dipendenti,income_other,False,C16D5,100,0,"azienda_ordinaria,professionista,forfetario,semplificata",standard,
account_810017,810017,Inter. Attivi Depositi Bancari,income_other,False,C16D5,100,0,"azienda_ordinaria,professionista,forfetario,semplificata",standard,
account_810018,810018,Inter. Attivi Depositi Postali,income_other,False,C16D5,100,0,"azienda_ordinaria,professionista,forfetario,semplificata",standard,
account_810019,810019,"Inter. Attivi Cred. Imposta(iva,irpeg)",income_other,False,C16D5,100,0,"azienda_ordinaria,professionista,forfetario,semplificata",standard,
account_810020,810020,Altri Inter. Attivi,income_other,False,C16D5,100,0,"azienda_ordinaria,professionista,forfetario,semplificata",standard,
account_810021,810021,Altri Proventi Finanziari,income_other,False,C16D5,100,0,"azienda_ordinaria,professionista,forfetario,semplificata",standard,
account_810022,810022,Inter. Attivi Mora non Incassati,income_other,False,C16D5,100,0,"azienda_ordinaria,professionista,forfetario,semplificata",standard,
account_810023,810023,Proventi Fin. non Imponibili,income_other,False,C16D5,0,0,"azienda_ordinaria,professionista,forfetario,semplificata",standard,
account_810024,810024,Interessi Attivi (HOLDING Industr.),income_other,False,C16D5,100,0,"azienda_ordinaria,professionista,forfetario,semplificata",standard,
account_810025,810025,Prov. Fin. da Patrim. Edil.(sez. D),income_other,False,C16D5,100,0,"azienda_ordinaria,professionista,forfetario,semplificata",standard,
account_810026,810026,Prov. Fin. Altri Beni Patrim.(sez. D),income_other,False,C16D5,100,0,"azienda_ordinaria,professionista,forfetario,semplificata",standard,
account_810027,810027,Altri Prov. Fin. Racc. Fondi (sez. D),income_other,False,C16D5,100,0,"azienda_ordinaria,professionista,forfetario,semplificata",standard,
account_810028,810028,Prov. Fin. da Rapp. Bancari (sez. D),income_other,False,C16D5,100,0,"azienda_ordinaria,professionista,forfetario,semplificata",standard,
account_810029,810029,Prov. Fin. da Altri Invest. (sez. D),income_other,False,C16D5,100,0,"azienda_ordinaria,professionista,forfetario,semplificata",standard,
account_820001,820001,Inter. Pass. Impr. Controllate,expense,False,C17A,100,0,"azienda_ordinaria,professionista,forfetario,semplificata",standard,
account_820002,820002,Inter. Pass. Ante 17/6/16 Controllate,expense,False,C17A,100,0,"azienda_ordinaria,professionista,forfetario,semplificata",standard,
account_820003,820003,Inter. Pass. Impr. Collegate,expense,False,C17B,100,0,"azienda_ordinaria,professionista,forfetario,semplificata",standard,
account_820004,820004,Inter. Pass. Ante 17/6/16 Collegate,expense,False,C17B,100,0,"azienda_ordinaria,professionista,forfetario,semplificata",standard,
account_820005,820005,Inter. Pass. Impr. Controllanti,expense,False,C17C,100,0,"azienda_ordinaria,professionista,forfetario,semplificata",standard,
account_820006,820006,Inter. Pass. Ante 17/6/16 Controllanti,expense,False,C17C,100,0,"azienda_ordinaria,professionista,forfetario,semplificata",standard,
account_820007,820007,Altri Oneri Fin. V/consociate,expense,False,C17D,100,0,"azienda_ordinaria,professionista,forfetario,semplificata",standard,
account_820008,820008,Inter. Pass. Ante 17/6/16 V/consoc.,expense,False,C17D,100,0,"azienda_ordinaria,professionista,forfetario,semplificata",standard,
account_820009,820009,Inter. Finanziam. Veicoli,expense,False,C17E,100,0,"azienda_ordinaria,professionista,forfetario,semplificata",standard,
account_820010,820010,Inter. Finanziam. Auto non Assegnata,expense,False,C17E,20,0,"azienda_ordinaria,professionista,forfetario,semplificata",standard,
account_820011,820011,Inter. Finanziam. Auto Assegnata,expense,False,C17E,70,0,"azienda_ordinaria,professionista,forfetario,semplificata",standard,
account_820012,820012,Inter. Finanziam. Auto-indeducibili,expense,False,C17E,0,0,"azienda_ordinaria,professionista,forfetario,semplificata",standard,
account_820013,820013,Inter. Finanziam. Auto Agenti(80%),expense,False,C17E,80,0,"azienda_ordinaria,professionista,forfetario,semplificata",standard,
account_820014,820014,Inter. Pass. Debiti V/banche Cred,expense,False,C17E,100,0,"azienda_ordinaria,professionista,forfetario,semplificata",standard,
account_820015,820015,Inter. Passivi su Mutui,expense,False,C17E,100,0,"azienda_ordinaria,professionista,forfetario,semplificata",standard,
account_820016,820016,Inter. Pass. Debiti V/altri Finanz.,expense,False,C17E,100,0,"azienda_ordinaria,professionista,forfetario,semplificata",standard,
account_820017,820017,Inter. Pass. Debiti da Titoli,expense,False,C17E,100,0,"azienda_ordinaria,professionista,forfetario,semplificata",standard,
account_820018,820018,Inter. Pass. V/fornitori,expense,False,C17E,100,0,"azienda_ordinaria,professionista,forfetario,semplificata",standard,
account_820019,820019,Sconti e Altri Oneri Finanz.,expense,False,C17E,100,0,"azienda_ordinaria,professionista,forfetario,semplificata",standard,
account_820020,820020,Sconti Passivi su Effetti Finanziari,expense,False,C17E,100,0,"azienda_ordinaria,professionista,forfetario,semplificata",standard,
account_820021,820021,Accan. F.do Rischi su Cambi,expense,False,C17E,100,0,"azienda_ordinaria,professionista,forfetario,semplificata",standard,
account_820022,820022,Perdite su Titoli,expense,False,C17E,100,0,"azienda_ordinaria,professionista,forfetario,semplificata",standard,
account_820023,820023,Altri Inter. Pass-oneri Finanziari,expense,False,C17E,100,0,"azienda_ordinaria,professionista,forfetario,semplificata",standard,
account_820024,820024,Inter. Passivi Deduc. No Rol,expense,False,C17E,100,0,"azienda_ordinaria,professionista,forfetario,semplificata",standard,
account_820025,820025,Inter. Pass. Ante 17/6/16 Altre Impr.,expense,False,C17E,100,0,"azienda_ordinaria,professionista,forfetario,semplificata",standard,
account_820026,820026,Commiss. Disponibilita' Fondi,expense,False,C17E,100,0,"azienda_ordinaria,professionista,forfetario,semplificata",standard,
account_820027,820027,Commiss. Istruttoria Veloce,expense,False,C17E,100,0,"azienda_ordinaria,professionista,forfetario,semplificata",standard,
account_820028,820028,Commiss. Fidejussioni Bancarie,expense,False,C17E,100,0,"azienda_ordinaria,professionista,forfetario,semplificata",standard,
account_820029,820029,Commiss. Bancarie per Protesti,expense,False,C17E,100,0,"azienda_ordinaria,professionista,forfetario,semplificata",standard,
account_820030,820030,Commiss. Massimo Scoperto,expense,False,C17E,100,0,"azienda_ordinaria,professionista,forfetario,semplificata",standard,
account_820031,820031,Commiss. Factoring,expense,False,C17E,100,0,"azienda_ordinaria,professionista,forfetario,semplificata",standard,
account_820032,820032,Oneri Finanz. Pos/carte Credito,expense,False,C17E,100,0,"azienda_ordinaria,professionista,forfetario,semplificata",standard,
account_820033,820033,Commiss. Fidejussioni Assicurative,expense,False,C17E,100,0,"azienda_ordinaria,professionista,forfetario,semplificata",standard,
account_820034,820034,Inter. Pass. Depositi Bancari,expense,False,C17E,100,0,"azienda_ordinaria,professionista,forfetario,semplificata",standard,
account_820035,820035,Inter. Pass. Depositi Postali,expense,False,C17E,100,0,"azienda_ordinaria,professionista,forfetario,semplificata",standard,
account_820036,820036,Altri Oneri Bancari,expense,False,C17E,100,0,"azienda_ordinaria,professionista,forfetario,semplificata",standard,
account_820037,820037,Utili Assoc. Partec. Capitale,expense,False,C17E,0,0,"azienda_ordinaria,professionista,forfetario,semplificata",standard,
account_820038,820038,Interessi Passivi Dilettanti,expense,False,C17E,0,0,"azienda_ordinaria,professionista,forfetario,semplificata",standard,
account_820039,820039,Inter. Liquidazioni IVA Trimestr.,expense,False,C17E,0,0,"azienda_ordinaria,professionista,forfetario,semplificata",standard,
account_820040,820040,Altri Inter.-indeducibili,expense,False,C17E,0,0,"azienda_ordinaria,professionista,forfetario,semplificata",standard,
account_820041,820041,Inter. Passivi Mora non Pagati,expense,False,C17E,100,0,"azienda_ordinaria,professionista,forfetario,semplificata",standard,
account_820042,820042,Contributi C/interessi (l. Sabatini),expense,False,C17E,100,0,"azienda_ordinaria,professionista,forfetario,semplificata",standard,
account_820043,820043,Inter. Pass. 96% (HOLDING Industr.),expense,False,C17E,100,0,"azienda_ordinaria,professionista,forfetario,semplificata",standard,
account_820044,820044,Oneri Fin. da Patrim. Edil. (sez. D),expense,False,C17E,100,0,"azienda_ordinaria,professionista,forfetario,semplificata",standard,
account_820045,820045,Oneri Fin. Altri Beni Patr. (sez. D),expense,False,C17E,100,0,"azienda_ordinaria,professionista,forfetario,semplificata",standard,
account_820046,820046,Accan. Fin. Rischi ed Oneri (sez. D),expense,False,C17E,100,0,"azienda_ordinaria,professionista,forfetario,semplificata",standard,
account_820047,820047,Oneri Fin. su Rapp. Bancari (sez. D),expense,False,C17E,100,0,"azienda_ordinaria,professionista,forfetario,semplificata",standard,
account_820048,820048,Oneri Fin. su Prestiti (sez. D),expense,False,C17E,100,0,"azienda_ordinaria,professionista,forfetario,semplificata",standard,
account_820049,820049,Altri Oneri Fin. Vari (sez. D),expense,False,C17E,100,0,"azienda_ordinaria,professionista,forfetario,semplificata",standard,
account_830001,830001,Utile su Cambi da Realizzo,expense,False,C17BISA,100,0,"azienda_ordinaria,professionista,forfetario,semplificata",standard,
account_830002,830002,Utile su Cambi da Valutazione,expense,False,C17BISA,100,0,"azienda_ordinaria,professionista,forfetario,semplificata",standard,
account_830003,830003,Perdite su Cambi da Realizzo,expense,False,C17BISB,100,0,"azienda_ordinaria,professionista,forfetario,semplificata",standard,
account_830004,830004,Perdite su Cambi da Valutazione,expense,False,C17BISB,100,0,"azienda_ordinaria,professionista,forfetario,semplificata",standard,
account_840001,840001,Rivalut. Partec. Impr. Controllate,liability_current,False,D18A,0,0,"azienda_ordinaria,professionista,forfetario,semplificata",standard,
account_840002,840002,Rivalut. Partec. Impr. Collegate,liability_current,False,D18A,0,0,"azienda_ordinaria,professionista,forfetario,semplificata",standard,
account_840003,840003,Rivalut. Partec. Impr. Controllanti,liability_current,False,D18A,0,0,"azienda_ordinaria,professionista,forfetario,semplificata",standard,
account_840004,840004,Rivalut. Partec. Altre Imprese,liability_current,False,D18A,0,0,"azienda_ordinaria,professionista,forfetario,semplificata",standard,
account_840005,840005,Rivalut. Partec. Soc. Persone,liability_current,False,D18A,0,0,"azienda_ordinaria,professionista,forfetario,semplificata",standard,
account_840006,840006,Rivalutaz. (temp.) Titoli e Azioni,liability_current,False,D18A,100,0,"azienda_ordinaria,professionista,forfetario,semplificata",standard,
account_840007,840007,Rivalut. Crediti Immobilizzati,liability_non_current,False,D18B,100,0,"azienda_ordinaria,professionista,forfetario,semplificata",standard,
account_840008,840008,Rivalut. Altri Titoli,income_other,False,D18C,100,0,"azienda_ordinaria,professionista,forfetario,semplificata",standard,
account_840009,840009,Rivalut. Azioni Proprie,income_other,False,D18C,0,0,"azienda_ordinaria,professionista,forfetario,semplificata",standard,
account_840010,840010,Rivalut. Titoli Attivo Circolante,income_other,False,D18C,100,0,"azienda_ordinaria,professionista,forfetario,semplificata",standard,
account_840011,840011,Rivalut. di Strum. Finanz. Derivati,income_other,False,D18D,100,0,"azienda_ordinaria,professionista,forfetario,semplificata",standard,
account_840012,840012,Rivalut. Att. Fin. Gest. Accen. Tesoreria,income_other,False,D18E,100,0,"azienda_ordinaria,professionista,forfetario,semplificata",standard,
account_845001,845001,Svalut. Partec. Impr. Controllate,liability_current,False,D19A,0,0,"azienda_ordinaria,professionista,forfetario,semplificata",standard,
account_845002,845002,Svalut. Partec. Impr. Collegate,liability_current,False,D19A,0,0,"azienda_ordinaria,professionista,forfetario,semplificata",standard,
account_845003,845003,Svalut. Partec. Impr. Controllanti,liability_current,False,D19A,0,0,"azienda_ordinaria,professionista,forfetario,semplificata",standard,
account_845004,845004,Svalut. Partec. Altre Imprese,liability_current,False,D19A,0,0,"azienda_ordinaria,professionista,forfetario,semplificata",standard,
account_845005,845005,Svalut. Partec. Soc. Persone,liability_current,False,D19A,0,0,"azienda_ordinaria,professionista,forfetario,semplificata",standard,
account_845006,845006,Svalutazione (temp.) Titoli e Azioni,liability_current,False,D19A,100,0,"azienda_ordinaria,professionista,forfetario,semplificata",standard,
account_845007,845007,Svalut. Cred. Impr. Controllate,liability_non_current,False,D19B,0,0,"azienda_ordinaria,professionista,forfetario,semplificata",standard,
account_845008,845008,Svalut. Cred. Impr. Collegate,liability_non_current,False,D19B,0,0,"azienda_ordinaria,professionista,forfetario,semplificata",standard,
account_845009,845009,Svalut. Cred. Impr. Controllanti,liability_non_current,False,D19B,0,0,"azienda_ordinaria,professionista,forfetario,semplificata",standard,
account_845010,845010,Svalut. Cred. V/altri,liability_non_current,False,D19B,0,0,"azienda_ordinaria,professionista,forfetario,semplificata",standard,
account_845011,845011,Svalutazione Titoli Deducibili,liability_non_current,False,D19B,100,0,"azienda_ordinaria,professionista,forfetario,semplificata",standard,
account_845012,845012,Svalut. Titoli Immobilizzati,liability_non_current,False,D19B,0,0,"azienda_ordinaria,professionista,forfetario,semplificata",standard,
account_845013,845013,Svalut. Azioni Proprie,expense,False,D19C,0,0,"azienda_ordinaria,professionista,forfetario,semplificata",standard,
account_845014,845014,Svalut. di Strum. Finanz. Derivati,expense,False,D19D,0,0,"azienda_ordinaria,professionista,forfetario,semplificata",standard,
account_845015,845015,Svalut. Att. Fin. Gest. Accen. Tesoreria,expense,False,D19E,0,0,"azienda_ordinaria,professionista,forfetario,semplificata",standard,
account_900001,900001,IRES,expense,False,20A,0,0,"azienda_ordinaria,professionista,semplificata",standard,
account_900002,900002,IRAP,expense,False,20A,0,0,"azienda_ordinaria,professionista,semplificata",standard,
account_900003,900003,Imposte Es. Precedenti Indeducibili,expense,False,20B,0,0,"azienda_ordinaria,professionista,semplificata",standard,
account_900004,900004,Imposte Es. Precedenti Indeducibili,expense,False,20B,0,0,"azienda_ordinaria,professionista,semplificata",standard,
account_900005,900005,Imposte da Adeg. ISA Maggiorazione,expense,False,20B,0,0,"azienda_ordinaria,professionista,semplificata",standard,
account_900006,900006,IRES Differita,expense,False,20C,0,0,"azienda_ordinaria,professionista,semplificata",standard,
account_900007,900007,IRAP Differita,expense,False,20C,0,0,"azienda_ordinaria,professionista,semplificata",standard,
account_900008,900008,Soprav. Passive Imposte Differite,expense,False,20C,0,0,"azienda_ordinaria,professionista,semplificata",standard,
account_900009,900009,Utilizzo IRES Differita,expense,False,20C,0,0,"azienda_ordinaria,professionista,semplificata",standard,
account_900010,900010,Utilizzo IRAP Differita,expense,False,20C,0,0,"azienda_ordinaria,professionista,semplificata",standard,
account_900011,900011,Soprav. Attive Imposte Differite,expense,False,20C,0,0,"azienda_ordinaria,professionista,semplificata",standard,
account_900012,900012,IRES Anticipata,expense,False,20C,0,0,"azienda_ordinaria,professionista,semplificata",standard,
account_900013,900013,IRAP Anticipata,expense,False,20C,0,0,"azienda_ordinaria,professionista,semplificata",standard,
account_900014,900014,Soprav. Passive Imposte Anticipate,expense,False,20C,0,0,"azienda_ordinaria,professionista,semplificata",standard,
account_900015,900015,Soprav. Attive Imposte Anticipate,expense,False,20C,0,0,"azienda_ordinaria,professionista,semplificata",standard,
account_900016,900016,Utilizzo IRES Anticipata,expense,False,20C,0,0,"azienda_ordinaria,professionista,semplificata",standard,
account_900017,900017,Utilizzo IRAP Anticipata,expense,False,20C,0,0,"azienda_ordinaria,professionista,semplificata",standard,
account_900018,900018,Proventi Regime Trasparenza(art.115),expense,False,20D,0,0,"azienda_ordinaria,professionista,semplificata",standard,
account_900019,900019,Oneri Regime Trasparenza(art.115),expense,False,20D,0,0,"azienda_ordinaria,professionista,semplificata",standard,
account_900020,900020,Proventi da Consolidato Fiscale,expense,False,20D,0,0,"azienda_ordinaria,professionista,semplificata",standard,
account_900021,900021,Oneri da Consolidato Fiscale,expense,False,20D,0,0,"azienda_ordinaria,professionista,semplificata",standard,
account_150018,150018,Costi di Pubblicita',asset_current,False,,0,0,"azienda_ordinaria,professionista,forfetario,semplificata",standard,
account_150019,150019,Costi di Pubblicita' — Amm. Diretto,asset_current,False,,0,0,"azienda_ordinaria,professionista,forfetario,semplificata",standard,
account_150020,150020,F.amm. Costi di Pubblicita',asset_current,False,,0,0,"azienda_ordinaria,professionista,forfetario,semplificata",standard,
account_150021,150021,F.do Svalut. Costi Pubblicita',asset_current,False,,0,0,"azienda_ordinaria,professionista,forfetario,semplificata",standard,
account_150022,150022,Immobili Strumentali Ante14/06/90,asset_current,False,,0,0,"azienda_ordinaria,professionista,forfetario,semplificata",standard,
account_150023,150023,Immob. Strument. Anni2007-2008-2009,asset_current,False,,0,0,"azienda_ordinaria,professionista,forfetario,semplificata",standard,
account_150024,150024,F.amm. Immob. Strum. Ante14/06/90,asset_current,False,,0,0,"azienda_ordinaria,professionista,forfetario,semplificata",standard,
account_150025,150025,F.amm. Immob. Strum.(2007-2008-2009),asset_current,False,,0,0,"azienda_ordinaria,professionista,forfetario,semplificata",standard,
account_150026,150026,Manutenz. Rinviare Eserc. Successivi,asset_current,False,,0,0,"azienda_ordinaria,professionista,forfetario,semplificata",standard,
account_305025,305025,Rettifiche di Liquidazione,equity,False,,0,0,"azienda_ordinaria,professionista,forfetario,semplificata",standard,
account_305026,305026,Rettifiche di Trasformazione,equity,False,,0,0,"azienda_ordinaria,professionista,forfetario,semplificata",standard,
account_305027,305027,Riserva Azioni Proprie in Portafogl.,equity,False,,0,0,"azienda_ordinaria,professionista,forfetario,semplificata",standard,
account_305028,305028,Riserva Rinnov. Impianti e Macchinari,equity,False,,0,0,"azienda_ordinaria,professionista,forfetario,semplificata",standard,
account_305029,305029,Riserva per Ammortamento Anticipato,equity,False,,0,0,"azienda_ordinaria,professionista,forfetario,semplificata",standard,
account_305030,305030,Riserva per Acquisto Azioni Proprie,equity,False,,0,0,"azienda_ordinaria,professionista,forfetario,semplificata",standard,
account_305031,305031,Risultato D'esercizio,equity,False,,0,0,"azienda_ordinaria,professionista,forfetario,semplificata",standard,
account_280025,280025,IVA Split Payment,asset_current,False,,0,0,"azienda_ordinaria,professionista,forfetario,semplificata",standard,
account_280026,280026,Deb. V/cassa Nazionale Previdenza,asset_current,False,,0,0,"azienda_ordinaria,professionista,forfetario,semplificata",standard,
account_280027,280027,Clienti C/caparre,asset_current,False,,0,0,"azienda_ordinaria,professionista,forfetario,semplificata",standard,
account_280028,280028,Clienti C/fondo Spese,asset_current,False,,0,0,"azienda_ordinaria,professionista,forfetario,semplificata",standard,
account_280029,280029,Clienti C/rimborso Spese,asset_current,False,,0,0,"azienda_ordinaria,professionista,forfetario,semplificata",standard,
account_280030,280030,Clienti C/pagam. Contributi-imposte,asset_current,False,,0,0,"azienda_ordinaria,professionista,forfetario,semplificata",standard,
account_280031,280031,Incassi C/terzi,asset_current,False,,0,0,"azienda_ordinaria,professionista,forfetario,semplificata",standard,
account_670076,670076,Provare,expense,False,,0,0,"azienda_ordinaria,professionista,semplificata",standard,
account_670077,670077,Manutenz. Auto (40%),expense,False,,0,0,"azienda_ordinaria,professionista,semplificata",standard,
account_670078,670078,Manutenz. Auto (90%),expense,False,,0,0,"azienda_ordinaria,professionista,semplificata",standard,
account_670079,670079,Rappresentanza-ded.1/3 in 5 Anni,expense,False,,0,0,"azienda_ordinaria,professionista,semplificata",standard,
account_670080,670080,Amm.to Costi di Pubblicita',expense,False,,0,100,"azienda_ordinaria,professionista,semplificata",standard,
account_670081,670081,Inter. Passivi-inded. Art.96 TUIR,expense,False,,0,0,"azienda_ordinaria,professionista,semplificata",standard,
account_670082,670082,Inter. Passivi-inded. Art.97 TUIR,expense,False,,0,0,"azienda_ordinaria,professionista,semplificata",standard,
account_670083,670083,Inter. Passivi-inded. Art.98 TUIR,expense,False,,0,0,"azienda_ordinaria,professionista,semplificata",standard,
account_670084,670084,Inter. Pass. 100% (HOLDING Industr.),expense,False,,100,0,"azienda_ordinaria,professionista,semplificata",standard,
account_670085,670085,Inter. Passivi Inded. per Rol,expense,False,,0,0,"azienda_ordinaria,professionista,semplificata",standard,
account_670086,670086,Leasing Beni Mobili Promiscui(50%),expense,False,,0,0,"azienda_ordinaria,professionista,semplificata",standard,
account_670087,670087,Leasing Telefonini(80%),expense,False,,0,0,"azienda_ordinaria,professionista,semplificata",standard,
account_670088,670088,Noleggi Beni Mobili Promiscui(50%),expense,False,,0,0,"azienda_ordinaria,professionista,semplificata",standard,
account_670089,670089,Locazioni Telef. Mobile(80%),expense,False,,0,0,"azienda_ordinaria,professionista,semplificata",standard,
account_670090,670090,Locazioni/noleggi-indeducibili,expense,False,,0,0,"azienda_ordinaria,professionista,semplificata",standard,
account_670091,670091,Locazione Immob. Strum. Promiscuo(50%),expense,False,,0,0,"azienda_ordinaria,professionista,semplificata",standard,
account_670092,670092,Riscaldamento Immob. Promiscuo(50%),expense,False,,0,0,"azienda_ordinaria,professionista,semplificata",standard,
account_670093,670093,Acqua-immobile Promiscuo(50%),expense,False,,0,0,"azienda_ordinaria,professionista,semplificata",standard,
account_670094,670094,Altre Spese Immobile Strumentale,expense,False,,0,0,"azienda_ordinaria,professionista,semplificata",standard,
account_670095,670095,Altre Spese Immob. Promiscuo(50%),expense,False,,0,0,"azienda_ordinaria,professionista,semplificata",standard,
account_670096,670096,Leasing Immob. Strum. Ante 14/06/90,expense,False,,0,0,"azienda_ordinaria,professionista,semplificata",standard,
account_670097,670097,Leasing Immob. Str. Ante 14/06/90(50%),expense,False,,0,0,"azienda_ordinaria,professionista,semplificata",standard,
account_670098,670098,Energia Elettrica(50%),expense,False,,0,0,"azienda_ordinaria,professionista,semplificata",standard,
account_670099,670099,Manutenzione Immobili,expense,False,,0,0,"azienda_ordinaria,professionista,semplificata",standard,
account_670100,670100,Ammodernamento Immobili,expense,False,,0,0,"azienda_ordinaria,professionista,semplificata",standard,
account_670101,670101,Ristrutturazione Immobili,expense,False,,0,0,"azienda_ordinaria,professionista,semplificata",standard,
account_670102,670102,Compensi a Terzi Prest.(non Occas.),expense,False,,0,0,"azienda_ordinaria,professionista,semplificata",standard,
account_670103,670103,Utilizzo Strutture Terzi,expense,False,,0,0,"azienda_ordinaria,professionista,semplificata",standard,
account_670104,670104,Servizi di Segreteria,expense,False,,0,0,"azienda_ordinaria,professionista,semplificata",standard,
account_670105,670105,Compensi Lav. Autonomo Occasionale,expense,False,,0,0,"azienda_ordinaria,professionista,semplificata",standard,
account_670106,670106,Pasti e Soggiorni,expense,False,,0,0,"azienda_ordinaria,professionista,semplificata",standard,
account_670107,670107,Pasti e Sogg. Commit. per Professionis,expense,False,,0,0,"azienda_ordinaria,professionista,semplificata",standard,
account_670108,670108,Rimb. Trasferte Prof. Associato,expense,False,,0,0,"azienda_ordinaria,professionista,semplificata",standard,
account_670109,670109,Rimb. Chilom. Prof. Associato,expense,False,,0,0,"azienda_ordinaria,professionista,semplificata",standard,
account_670110,670110,Rimb. Chilom. Prof. Assoc-indeducibili,expense,False,,0,0,"azienda_ordinaria,professionista,semplificata",standard,
account_670111,670111,Vitto-alloggio-art.54-comma6,expense,False,,0,0,"azienda_ordinaria,professionista,semplificata",standard,
account_670112,670112,Vitto-alloggio-inded. Art.54-comma6,expense,False,,0,0,"azienda_ordinaria,professionista,semplificata",standard,
account_670113,670113,Aggiornamento Professionale,expense,False,,0,0,"azienda_ordinaria,professionista,semplificata",standard,
account_670114,670114,Spese Antic. Nome-conto Cliente,expense,False,,0,0,"azienda_ordinaria,professionista,semplificata",standard,
account_670115,670115,Pasti-sogg. Aggior. Prof.(75%),expense,False,,0,0,"azienda_ordinaria,professionista,semplificata",standard,
account_670116,670116,Rappresentanza-altre Spese,expense,False,,0,0,"azienda_ordinaria,professionista,semplificata",standard,
account_670117,670117,Rappresentanza(75%),expense,False,,0,0,"azienda_ordinaria,professionista,semplificata",standard,
account_670118,670118,Assicurazioni Professionali,expense,False,,0,0,"azienda_ordinaria,professionista,semplificata",standard,
account_670119,670119,Spese Aggiorn-manut. Software,expense,False,,0,0,"azienda_ordinaria,professionista,semplificata",standard,
account_670120,670120,Contr. Annuale Iscriz. Ordine Profess.,expense,False,,0,0,"azienda_ordinaria,professionista,semplificata",standard,
account_670121,670121,Carburan-lubr. Motocicli Ciclomotori,expense,False,,0,0,"azienda_ordinaria,professionista,semplificata",standard,
account_670122,670122,Manutenz. Telef. Mobile(80%),expense,False,,0,0,"azienda_ordinaria,professionista,semplificata",standard,
account_670123,670123,Manutenzione-riparaz. Auto Profess.,expense,False,,0,0,"azienda_ordinaria,professionista,semplificata",standard,
account_670124,670124,Manutenzioni Auto Prof. non Assegnate,expense,False,,0,0,"azienda_ordinaria,professionista,semplificata",standard,
account_670125,670125,Manutenzioni Auto Prof. Assegnate,expense,False,,0,0,"azienda_ordinaria,professionista,semplificata",standard,
account_670126,670126,Manutenz.-riparaz. Auto (50%),expense,False,,0,0,"azienda_ordinaria,professionista,semplificata",standard,
account_670127,670127,Utile Perdita su Cambi,expense,False,,0,0,"azienda_ordinaria,professionista,semplificata",standard,
account_670128,670128,Consumi Forfettari,expense,False,,0,0,forfetario,standard,
account_670129,670129,Amm.to Imm. Strument-ante 14/o6/90,expense,False,,0,0,"azienda_ordinaria,professionista,semplificata",standard,
account_670130,670130,Amm.to Imm. Strument.2007-2008-2009,expense,False,,0,0,"azienda_ordinaria,professionista,semplificata",standard,
account_740065,740065,Cessione Beni Ammortizzabili,income,False,,0,0,"azienda_ordinaria,professionista,forfetario,semplificata",standard,
account_740066,740066,Prova,income,False,,0,0,"azienda_ordinaria,professionista,forfetario,semplificata",standard,
account_740067,740067,IVA Sospesa in Liquidazione,income,False,,0,0,"azienda_ordinaria,professionista,forfetario,semplificata",standard,
account_740068,740068,Vendita Diritti di Brevetto,income,False,,0,0,"azienda_ordinaria,professionista,forfetario,semplificata",standard,
account_740069,740069,Vendita Dir. di Util. delle Oper. Ing.,income,False,,0,0,"azienda_ordinaria,professionista,forfetario,semplificata",standard,
account_740070,740070,"Vendita Concess,licenze, Dir. Simili",income,False,,0,0,"azienda_ordinaria,professionista,forfetario,semplificata",standard,
account_740071,740071,Vendita Marchi di Fabbrica e Commer.,income,False,,0,0,"azienda_ordinaria,professionista,forfetario,semplificata",standard,
account_740072,740072,Vendita di Licenze di Prog. Software,income,False,,0,0,"azienda_ordinaria,professionista,forfetario,semplificata",standard,
account_740073,740073,Vendita Know How,income,False,,0,0,"azienda_ordinaria,professionista,forfetario,semplificata",standard,
account_740074,740074,Vendita Immobiliz. Immater in Corso,income,False,,0,0,"azienda_ordinaria,professionista,forfetario,semplificata",standard,
account_740075,740075,Vendita Acconti a Forn. per Imm. Imm.,income,False,,0,0,"azienda_ordinaria,professionista,forfetario,semplificata",standard,
account_740076,740076,Vendita Altre Immob. Immater,income,False,,0,0,"azienda_ordinaria,professionista,forfetario,semplificata",standard,
account_740077,740077,Vendita Terreni,income,False,,0,0,"azienda_ordinaria,professionista,forfetario,semplificata",standard,
account_740078,740078,Vendita Fabbricati Civili,income,False,,0,0,"azienda_ordinaria,professionista,forfetario,semplificata",standard,
account_740079,740079,Vendita Fabbricati Commerciali,income,False,,0,0,"azienda_ordinaria,professionista,forfetario,semplificata",standard,
account_740080,740080,Vendita Costruzioni Leggere,income,False,,0,0,"azienda_ordinaria,professionista,forfetario,semplificata",standard,
account_740081,740081,Vendita Fabbricati Industriali,income,False,,0,0,"azienda_ordinaria,professionista,forfetario,semplificata",standard,
account_740082,740082,Vendita Fabbricati Civili Strument.,income,False,,0,0,"azienda_ordinaria,professionista,forfetario,semplificata",standard,
account_740083,740083,Vendita Imm. Strum. Li Cat. A/10-uffici,income,False,,0,0,"azienda_ordinaria,professionista,forfetario,semplificata",standard,
account_740084,740084,Vendita Impianti Generici,income,False,,0,0,"azienda_ordinaria,professionista,forfetario,semplificata",standard,
account_740085,740085,Vendita Impianti Specifici,income,False,,0,0,"azienda_ordinaria,professionista,forfetario,semplificata",standard,
account_740086,740086,Vendita Macchinari,income,False,,0,0,"azienda_ordinaria,professionista,forfetario,semplificata",standard,
account_740087,740087,Vendita Impianti Allarme-antifurto,income,False,,0,0,"azienda_ordinaria,professionista,forfetario,semplificata",standard,
account_740088,740088,Vendita Impianti Telefonici,income,False,,0,0,"azienda_ordinaria,professionista,forfetario,semplificata",standard,
account_740089,740089,Vendita Attrez. Ind. Li e Comm. Li,income,False,,0,0,"azienda_ordinaria,professionista,forfetario,semplificata",standard,
account_740090,740090,Vendita Attrezzature Varie e Minute,income,False,,0,0,"azienda_ordinaria,professionista,forfetario,semplificata",standard,
account_740091,740091,Vendita Mobili,income,False,,0,0,"azienda_ordinaria,professionista,forfetario,semplificata",standard,
account_740092,740092,Vendita Macc. Elettriche D'ufficio,income,False,,0,0,"azienda_ordinaria,professionista,forfetario,semplificata",standard,
account_740093,740093,Vendita Autovetture,income,False,,0,0,"azienda_ordinaria,professionista,forfetario,semplificata",standard,
account_740094,740094,Vendita Autocarri,income,False,,0,0,"azienda_ordinaria,professionista,forfetario,semplificata",standard,
account_740095,740095,Vendita Arredamento,income,False,,0,0,"azienda_ordinaria,professionista,forfetario,semplificata",standard,
account_740096,740096,Vendita Altri Beni Materiali,income,False,,0,0,"azienda_ordinaria,professionista,forfetario,semplificata",standard,
account_740097,740097,"Vendita Beni Strument. Infer 516,46",income,False,,0,0,"azienda_ordinaria,professionista,forfetario,semplificata",standard,
account_740098,740098,Vendita Motoveicoli-ciclomotori,income,False,,0,0,"azienda_ordinaria,professionista,forfetario,semplificata",standard,
account_740099,740099,Vendita Autoveicoli Autotrasportator,income,False,,0,0,"azienda_ordinaria,professionista,forfetario,semplificata",standard,
account_740100,740100,Vendita Immobiliz. Mater in Corso,income,False,,0,0,"azienda_ordinaria,professionista,forfetario,semplificata",standard,
account_740101,740101,Vendita Acconti a Fornitori Imm. Mat,income,False,,0,0,"azienda_ordinaria,professionista,forfetario,semplificata",standard,
account_740102,740102,Vendita Acc. a Fornitori Imm. Strumen.,income,False,,0,0,"azienda_ordinaria,professionista,forfetario,semplificata",standard,
account_740103,740103,Compensi Professionali a Privati,income,False,,0,0,"azienda_ordinaria,professionista,forfetario,semplificata",standard,
account_740104,740104,Prestazioni Prof. Sostitut. Imposta,income,False,,0,0,"azienda_ordinaria,professionista,forfetario,semplificata",standard,
account_740105,740105,Contributo 4%(gestione Separatainps),income,False,,0,0,"azienda_ordinaria,professionista,forfetario,semplificata",standard,
account_740106,740106,Altri Ricavi Prestazioni Profess.,income,False,,0,0,"azienda_ordinaria,professionista,forfetario,semplificata",standard,
account_600062,600062,C/sosp. Compensi Profess. a Privati,expense,False,,0,0,professionista,standard,
account_600063,600063,C/sosp. Prest. Prof. a Sost. Imposta,expense,False,,0,0,professionista,standard,
account_600064,600064,C/sosp. Contributo 4%(gest. Sep. INPS),expense,False,,0,0,professionista,standard,
account_600065,600065,C/sosp. Altri Ricavi Professionali,expense,False,,0,0,professionista,standard,
account_600066,600066,C/sosp. Rimb. Spese Bancarie a Clienti,expense,False,,0,0,professionista,standard,
account_600067,600067,C/sosp. Spese Bolli Addeb. a Clienti,expense,False,,0,0,professionista,standard,
account_600068,600068,C/sosp. Materie Prime C/acquisti,expense,False,,0,0,professionista,standard,
account_600069,600069,C/sosp. Beni Produz. Servizi,expense,False,,0,0,professionista,standard,
account_600070,600070,C/sosp. Materie Prime C/acq. Forfett.,expense,False,,0,0,forfetario,standard,
account_600071,600071,C/sosp. Materie Sussidiarie C/acquist,expense,False,,0,0,professionista,standard,
account_600072,600072,C/sosp. Semilavorati C/acquisti,expense,False,,0,0,professionista,standard,
account_600073,600073,C/sosp. Componenti C/acquisti,expense,False,,0,0,professionista,standard,
account_600074,600074,C/sosp. Materie di Consumo C/acquisti,expense,False,,0,0,professionista,standard,
account_600075,600075,C/sosp. Imballaggi C/acquisti,expense,False,,0,0,professionista,standard,
account_600076,600076,C/sosp. Resi su Acquisti,expense,False,,0,0,professionista,standard,
account_600077,600077,C/sosp. Sconti-abbuoni su Acquisti,expense,False,,0,0,professionista,standard,
account_600078,600078,C/sosp. Premi su Acquisti,expense,False,,0,0,professionista,standard,
account_600079,600079,C/sosp. Oneri Access(trasp-imbal-assi,expense,False,,0,0,professionista,standard,
account_600080,600080,C/sosp. Merci C/acquisti,expense,False,,0,0,professionista,standard,
account_600081,600081,C/sosp. Resi Acquisti Merci,expense,False,,0,0,professionista,standard,
account_600082,600082,C/sosp. Sconti-abbuoni Acq. Merci,expense,False,,0,0,professionista,standard,
account_600083,600083,C/sosp. Premi Acquist0 Merci,expense,False,,0,0,professionista,standard,
account_600084,600084,C/sosp. Costi Black List,expense,False,,0,0,professionista,standard,
account_600085,600085,C/sosp. Errori non Ril. Merci,expense,False,,0,0,professionista,standard,
account_600086,600086,C/sosp. Generi Ricavo Fisso/aggio C/a,expense,False,,0,0,professionista,standard,
account_600087,600087,C/sosp. Oro Investimento-rev. Charge,expense,False,,0,0,professionista,standard,
account_600088,600088,C/sosp. Oro Industriale-rev. Charge,expense,False,,0,0,professionista,standard,
account_600089,600089,C/sosp. Rottami-rev. Charge,expense,False,,0,0,professionista,standard,
account_600090,600090,C/sosp. Metalli Ferrosi-rev. Charge,expense,False,,0,0,professionista,standard,
account_600091,600091,C/sosp. Semil. non Ferrosi-rev. Charge,expense,False,,0,0,professionista,standard,
account_600092,600092,C/sosp. Carta Macero-rev. Charge,expense,False,,0,0,professionista,standard,
account_600093,600093,C/sosp. Merci-rev. Charge,expense,False,,0,0,professionista,standard,
account_600094,600094,C/sosp. Componenti-rev. Charge,expense,False,,0,0,professionista,standard,
account_600095,600095,C/sosp. Immobili-rev. Charge,expense,False,,0,0,professionista,standard,
account_600096,600096,C/sosp. Materiali di Manutenzione,expense,False,,0,0,professionista,standard,
account_600097,600097,C/sosp. Materiale Pulizia,expense,False,,0,0,professionista,standard,
account_600098,600098,C/sosp. Cancelleria,expense,False,,0,0,professionista,standard,
account_600099,600099,C/sosp. Materiale Pubblicitario,expense,False,,0,0,professionista,standard,
account_600100,600100,C/sosp. Indumenti di Lavoro,expense,False,,0,0,professionista,standard,
account_600101,600101,C/sosp. Spese Accessorie su Acquisti,expense,False,,0,0,professionista,standard,
account_600102,600102,C/sosp. Altri Acquisti,expense,False,,0,0,professionista,standard,
account_600103,600103,C/sosp. Acq. Presidi Medici,expense,False,,0,0,professionista,standard,
account_600104,600104,"C/sosp. Acq. Beni Inf. a 516,46",expense,False,,0,0,professionista,standard,
account_600105,600105,"C/sosp. Acq. Beni Inf. 516,45 (50%)",expense,False,,0,0,professionista,standard,
account_600106,600106,"C/sosp. Acq. Beni Inf. 516,45 (80%)",expense,False,,0,0,professionista,standard,
account_600107,600107,C/sosp. Altri Acquisti-indeducibili,expense,False,,0,0,professionista,standard,
account_600108,600108,C/sosp. Beni Strum. Contr. Minimi,expense,False,,0,0,professionista,standard,
account_600109,600109,C/sosp. Beni Strum. Contr. Min.(50%),expense,False,,0,0,professionista,standard,
account_600110,600110,C/sosp. Riscaldamento,expense,False,,0,0,professionista,standard,
account_600111,600111,C/sosp. Acqua,expense,False,,0,0,professionista,standard,
account_600112,600112,C/sosp. Energia Elettrica,expense,False,,0,0,professionista,standard,
account_600113,600113,C/sosp. Servizi di Pulizia,expense,False,,0,0,professionista,standard,
account_600114,600114,C/sosp. Consul. Legali e Notarili,expense,False,,0,0,professionista,standard,
account_600115,600115,C/sosp. Spese Postali,expense,False,,0,0,professionista,standard,
account_600116,600116,C/sosp. Servizio Smaltimento Rifiuti,expense,False,,0,0,professionista,standard,
account_600117,600117,C/sosp. Servizi Bancari,expense,False,,0,0,professionista,standard,
account_600118,600118,C/sosp. Assicur. non Obbligatorie,expense,False,,0,0,professionista,standard,
account_600119,600119,C/sosp. Spese Condominiali,expense,False,,0,0,professionista,standard,
account_600120,600120,C/sosp. Spese Condominiali (50%),expense,False,,0,0,professionista,standard,
account_600121,600121,C/sosp. Vigilanza,expense,False,,0,0,professionista,standard,
account_600122,600122,C/sosp. Spese Telefoniche(80%),expense,False,,0,0,professionista,standard,
account_600123,600123,C/sosp. Cellulari (80%),expense,False,,0,0,professionista,standard,
account_600124,600124,C/sosp. Telefonia,expense,False,,0,0,professionista,standard,
account_600125,600125,C/sosp. Servizi Correlati a Ricavi,expense,False,,0,0,professionista,standard,
account_600126,600126,C/sosp. Servizi Black List,expense,False,,0,0,professionista,standard,
account_600127,600127,C/sosp. Acqua (50%),expense,False,,0,0,professionista,standard,
account_600128,600128,C/sosp. Energia Elettrica (50%),expense,False,,0,0,professionista,standard,
account_600129,600129,C/sosp. Riscaldamento (50%),expense,False,,0,0,professionista,standard,
account_600130,600130,C/sosp. Lavorazioni di Terzi,expense,False,,0,0,professionista,standard,
account_600131,600131,C/sosp. Consulenze Tecniche,expense,False,,0,0,professionista,standard,
account_600132,600132,C/sosp. Consul. Fiscali-libri Paga,expense,False,,0,0,professionista,standard,
account_600133,600133,C/sosp. Serv. Smaltim. Rifiuti (50%),expense,False,,0,0,professionista,standard,
account_600134,600134,C/sosp. Vigilanza (50%),expense,False,,0,0,professionista,standard,
account_600135,600135,C/sosp. Servizi di Pulizia (50%),expense,False,,0,0,professionista,standard,
account_600136,600136,C/sosp. Manut. Ordin. Fabb. non Strument,expense,False,,0,0,professionista,standard,
account_600137,600137,C/sosp. Manut. Straord. Fabb. non Strume,expense,False,,0,0,professionista,standard,
account_600138,600138,C/sosp. Costi Gestione Fabb. non Strum,expense,False,,0,0,professionista,standard,
account_600139,600139,C/sosp. Altri Servizi,expense,False,,0,0,professionista,standard,
account_600140,600140,C/sosp. Prest. in Subapp. Rev. Charge,expense,False,,0,0,professionista,standard,
account_600141,600141,C/sosp. Serv. Edifici Sett. Edile Rev. C,expense,False,,0,0,professionista,standard,
account_600142,600142,C/sosp. Servizi Edifici Rev. Charge,expense,False,,0,0,professionista,standard,
account_600143,600143,C/sosp. Servizi Edifici Rev. Charge(50,expense,False,,0,0,professionista,standard,
account_600144,600144,C/sosp. Altri Servizi Indeducibili,expense,False,,0,0,professionista,standard,
account_600145,600145,C/sosp. Collabo. Co. Co. Afferenti Attiv,expense,False,,0,0,professionista,standard,
account_600146,600146,C/sosp. Contr. INPS Co. Co. Co. Affer. Att,expense,False,,0,0,professionista,standard,
account_600147,600147,C/sosp. Contr. INAIL Co. Co. Co. Affer. At,expense,False,,0,0,professionista,standard,
account_600148,600148,C/sosp. Premio INAIL C/titolare,expense,False,,0,0,professionista,standard,
account_600149,600149,C/sosp. Premio INAIL Socio Lavoratore,expense,False,,0,0,professionista,standard,
account_600150,600150,C/sosp. Collaboratori Voucher (OCCASI,expense,False,,0,0,professionista,standard,
account_600151,600151,C/sosp. Contrib. INAIL Collab. Voucher,expense,False,,0,0,professionista,standard,
account_600152,600152,C/sosp. Contrib. INPS Collab. Voucher,expense,False,,0,0,professionista,standard,
account_600153,600153,C/sosp. Collab. Co. Co. Dilettanti,expense,False,,0,0,professionista,standard,
account_600154,600154,C/sosp. Lav. Auton. Occas. Dilettanti,expense,False,,0,0,professionista,standard,
account_600155,600155,C/sosp. Prestaz. Lav. Auton. Affer. Attiv,expense,False,,0,0,professionista,standard,
account_600156,600156,C/sosp. Utili Assoc. Partec. Lavoro,expense,False,,0,0,professionista,standard,
account_600157,600157,C/sosp. Prestaz. Lav. Occasion. Affer. At,expense,False,,0,0,professionista,standard,
account_600158,600158,C/sosp. Comp. Ammin. Profess-soci,expense,False,,0,0,professionista,standard,
account_600159,600159,C/sosp. Comp. Ammin. Profess-non Soci,expense,False,,0,0,professionista,standard,
account_600160,600160,C/sosp. Comp. Ammin. Co. Co. Co-soci,expense,False,,0,0,professionista,standard,
account_600161,600161,C/sosp. Comp. Ammin. Co. Co. Co-non Soci,expense,False,,0,0,professionista,standard,
account_600162,600162,C/sosp. Compensi Sindaci-revisori,expense,False,,0,0,professionista,standard,
account_600163,600163,C/sosp. Contr. INPS Ammin. Co. Co. Co-soc,expense,False,,0,0,professionista,standard,
account_600164,600164,C/sosp. Contr. INAIL Ammin. Co. Co. Co-so,expense,False,,0,0,professionista,standard,
account_600165,600165,C/sosp. Contr. INPS Ammin. Co. Co. Co-non,expense,False,,0,0,professionista,standard,
account_600166,600166,C/sosp. Contr. INAIL Ammin. Co. Co. Co-no,expense,False,,0,0,professionista,standard,
account_600167,600167,C/sosp. Carburanti-lubrificanti,expense,False,,0,0,professionista,standard,
account_600168,600168,C/sosp. Carburan. Lubr. non Assegnati,expense,False,,0,0,professionista,standard,
account_600169,600169,C/sosp. Carburan-lubr. Assegnati,expense,False,,0,0,professionista,standard,
account_600170,600170,C/sosp. Carburan-produz. Servizi,expense,False,,0,0,professionista,standard,
account_600171,600171,C/sosp. Carburan. Lubr-indeducibili,expense,False,,0,0,professionista,standard,
account_600172,600172,C/sosp. Carbu. Autotrazione Forfett.,expense,False,,0,0,forfetario,standard,
account_600173,600173,C/sosp. Carbu. Autotraz. Forfett. (50%),expense,False,,0,0,forfetario,standard,
account_600174,600174,C/sosp. Carburan-lubr. Agenti(80%),expense,False,,0,0,professionista,standard,
account_600175,600175,C/sosp. Assicurazioni Rca,expense,False,,0,0,professionista,standard,
account_600176,600176,C/sosp. Assicuraz. Rca non Assegnata,expense,False,,0,0,professionista,standard,
account_600177,600177,C/sosp. Assicuraz. Rca Assegnata,expense,False,,0,0,professionista,standard,
account_600178,600178,C/sosp. Assicuraz. Rca-indeducibili,expense,False,,0,0,professionista,standard,
account_600179,600179,C/sosp. Assicuraz. Rca Agenti(80%),expense,False,,0,0,professionista,standard,
account_600180,600180,C/sosp. Tasse Proprieta Autoveicoli,expense,False,,0,0,professionista,standard,
account_600181,600181,C/sosp. Tasse Prop. Auto non Assegnata,expense,False,,0,0,professionista,standard,
account_600182,600182,C/sosp. Tasse Prop. Auto Assegnata,expense,False,,0,0,professionista,standard,
account_600183,600183,C/sosp. Tasse Proprieta Auto-indeduc.,expense,False,,0,0,professionista,standard,
account_600184,600184,C/sosp. Tasse Propr. Auto Agenti(80%),expense,False,,0,0,professionista,standard,
account_600185,600185,C/sosp. Pedaggi Autostradali,expense,False,,0,0,professionista,standard,
account_600186,600186,C/sosp. Pedaggi Autost. non Assegnati,expense,False,,0,0,professionista,standard,
account_600187,600187,C/sosp. Pedaggi Autost. Assegnati,expense,False,,0,0,professionista,standard,
account_600188,600188,C/sosp. Pedaggi Autost-indeducibili,expense,False,,0,0,professionista,standard,
account_600189,600189,C/sosp. Pedaggi Autost. Agenti(80%),expense,False,,0,0,professionista,standard,
account_600190,600190,C/sosp. Altri Oneri Autoveicoli,expense,False,,0,0,professionista,standard,
account_600191,600191,C/sosp. Altri Oneri Auto non Assegnat,expense,False,,0,0,professionista,standard,
account_600192,600192,C/sosp. Altri Oneri Auto Assegnata,expense,False,,0,0,professionista,standard,
account_600193,600193,C/sosp. Altri Oneri Auto-indeducibili,expense,False,,0,0,professionista,standard,
account_600194,600194,C/sosp. Altri Oneri Auto Agenti(80%),expense,False,,0,0,professionista,standard,
account_600195,600195,C/sosp. Canoni Leasing Autoveicoli,expense,False,,0,0,professionista,standard,
account_600196,600196,C/sosp. Canoni Leasing Auto non Asseg,expense,False,,0,0,professionista,standard,
account_600197,600197,C/sosp. Canoni Leasing Auto Assegnata,expense,False,,0,0,professionista,standard,
account_600198,600198,C/sosp. Canoni Leasing Auto-indeducib,expense,False,,0,0,professionista,standard,
account_600199,600199,C/sosp. Cano. Leasing Auto Agenti(80%),expense,False,,0,0,professionista,standard,
account_600200,600200,C/sosp. Noleggio Veicoli,expense,False,,0,0,professionista,standard,
account_600201,600201,C/sosp. Noleggio Auto non Assegnata,expense,False,,0,0,professionista,standard,
account_600202,600202,C/sosp. Noleggio Auto Assegnata,expense,False,,0,0,professionista,standard,
account_600203,600203,C/sosp. Noleggi Veicoli-indeducibili,expense,False,,0,0,professionista,standard,
account_600204,600204,C/sosp. Noleggio Veicoli Agenti(80%),expense,False,,0,0,professionista,standard,
account_600205,600205,C/sosp. Assic. non Obb. Auto non Assegn,expense,False,,0,0,professionista,standard,
account_600206,600206,C/sosp. Assic. non Obb. Auto Assegnata,expense,False,,0,0,professionista,standard,
account_600207,600207,C/sosp. Assic. non Obb. Auto-indeducib.,expense,False,,0,0,professionista,standard,
account_600208,600208,C/sosp. Assic. non Obb. Autoveicoli,expense,False,,0,0,professionista,standard,
account_600209,600209,C/sosp. Assic. non Obb. Auto Agenti(80%,expense,False,,0,0,professionista,standard,
account_600210,600210,C/sosp. Inter. Finanziam. Veicoli,expense,False,,0,0,professionista,standard,
account_600211,600211,C/sosp. Inter. Finanziam. Auto non Asse,expense,False,,0,0,professionista,standard,
account_600212,600212,C/sosp. Inter. Finanziam. Auto Assegnat,expense,False,,0,0,professionista,standard,
account_600213,600213,C/sosp. Inter. Finanziam. Auto-indeduc.,expense,False,,0,0,professionista,standard,
account_600214,600214,C/sosp. Inter. Finanz. Auto Agenti(80%),expense,False,,0,0,professionista,standard,
account_600215,600215,C/sosp. Manutenzione-riparazione Beni,expense,False,,0,0,professionista,standard,
account_600216,600216,C/sosp. Manutenzione Autoveicoli,expense,False,,0,0,professionista,standard,
account_600217,600217,C/sosp. Manutenzioni non Assegnate,expense,False,,0,0,professionista,standard,
account_600218,600218,C/sosp. Manutenz. Auto-indeducibili,expense,False,,0,0,professionista,standard,
account_600219,600219,C/sosp. Manutenzioni Assegnate,expense,False,,0,0,professionista,standard,
account_600220,600220,C/sosp. Manutenz. Auto Agenti(80%),expense,False,,0,0,professionista,standard,
account_600221,600221,C/sosp. Manutenzione Auto Autotraspor,expense,False,,0,0,professionista,standard,
account_600222,600222,C/sosp. Manutenz. Impian. Telef(80%),expense,False,,0,0,professionista,standard,
account_600223,600223,C/sosp. Altre Manutenzioni-indeducibi,expense,False,,0,0,professionista,standard,
account_600224,600224,C/sosp. Addestramento-formazione,expense,False,,0,0,professionista,standard,
account_600225,600225,C/sosp. Trasporti su Vendite,expense,False,,0,0,professionista,standard,
account_600226,600226,C/sosp. Trasporti su Acquisti,expense,False,,0,0,professionista,standard,
account_600227,600227,C/sosp. Dazi su Acquisti,expense,False,,0,0,professionista,standard,
account_600228,600228,C/sosp. Oneri Dipend. Distaccati,expense,False,,0,0,professionista,standard,
account_600229,600229,C/sosp. Ricerca di Base,expense,False,,0,0,professionista,standard,
account_600230,600230,C/sosp. Manutenz. Ripar. Beni di Terzi,expense,False,,0,0,professionista,standard,
account_600231,600231,C/sosp. Manutenz. Periodiche-contratto,expense,False,,0,0,professionista,standard,
account_600232,600232,C/sosp. Manutenz. Auto Assegn. di Terzi,expense,False,,0,0,professionista,standard,
account_600233,600233,C/sosp. Manut. Auto non Assegn. di Terz,expense,False,,0,0,professionista,standard,
account_600234,600234,C/sosp. Manutenz. Auto Agenti di Terzi,expense,False,,0,0,professionista,standard,
account_600235,600235,C/sosp. Rappresentanza,expense,False,,0,0,professionista,standard,
account_600236,600236,C/sosp. Rappresentanza-indeducibili,expense,False,,0,0,professionista,standard,
account_600237,600237,C/sosp. Rappresentanza(75%),expense,False,,0,0,professionista,standard,
account_600238,600238,C/sosp. Vitto-alloggio-art.95-comma3,expense,False,,0,0,professionista,standard,
account_600239,600239,C/sosp. Vitto-alloggio-inded. Art.95-c,expense,False,,0,0,professionista,standard,
account_600240,600240,C/sosp. Viaggi-bigl. Aerei-ferr-taxi,expense,False,,0,0,professionista,standard,
account_600241,600241,C/sosp. Rimborsi Pie Lista,expense,False,,0,0,professionista,standard,
account_600242,600242,C/sosp. Altre Spese Documentate,expense,False,,0,0,professionista,standard,
account_600243,600243,C/sosp. Rimb. Pie Lista-indeducibili,expense,False,,0,0,professionista,standard,
account_600244,600244,C/sosp. Rimb. Chilom-art.95-comma3,expense,False,,0,0,professionista,standard,
account_600245,600245,C/sosp. Rimb. Chilom-inded. Art.95-comm,expense,False,,0,0,professionista,standard,
account_600246,600246,C/sosp. Pubblicita'(no Rateizzaz.),expense,False,,0,0,professionista,standard,
account_600247,600247,C/sosp. Mostre e Fiere,expense,False,,0,0,professionista,standard,
account_600248,600248,C/sosp. Vitto-alloggio(75%),expense,False,,0,0,professionista,standard,
account_600249,600249,C/sosp. Vitto-alloggio per Autonomi,expense,False,,0,0,professionista,standard,
account_600250,600250,C/sosp. Provvigioni Intermediari,expense,False,,0,0,professionista,standard,
account_600251,600251,C/sosp. Contributi Enasarco,expense,False,,0,0,professionista,standard,
account_600252,600252,C/sosp. Rimb. Pie Lista Soci Snc-sas(7,expense,False,,0,0,professionista,standard,
account_600253,600253,C/sosp. Rimb. Chilom. Soci Snc-sas,expense,False,,0,0,professionista,standard,
account_600254,600254,C/sosp. Altri Serv. Presidi Medici,expense,False,,0,0,professionista,standard,
account_600255,600255,C/sosp. Altri Servizi-indeducibili,expense,False,,0,0,professionista,standard,
account_600256,600256,C/sosp. Errori non Ril. Costi Serv.,expense,False,,0,0,professionista,standard,
account_600257,600257,C/sosp. Manutenzioni Contrib. Minimi,expense,False,,0,0,professionista,standard,
account_600258,600258,C/sosp. Manutenz. Contrib. Minimi(50%),expense,False,,0,0,professionista,standard,
account_600259,600259,C/sosp. Fitti Passivi,expense,False,,0,0,professionista,standard,
account_600260,600260,C/sosp. Noleggio Impianti-macchinari,expense,False,,0,0,professionista,standard,
account_600261,600261,C/sosp. Altri Noleggi,expense,False,,0,0,professionista,standard,
account_600262,600262,C/sosp. Fitti Passivi(50%),expense,False,,0,0,professionista,standard,
account_600263,600263,C/sosp. Condominiali Affitto,expense,False,,0,0,professionista,standard,
account_600264,600264,C/sosp. Condominiali Affitto (50%),expense,False,,0,0,professionista,standard,
account_600265,600265,C/sosp. Cano. Loc. Fin. Immob. Strum.,expense,False,,0,0,professionista,standard,
account_600266,600266,C/sosp. Cano. Loc. Nonfin. Immob. Strum.,expense,False,,0,0,professionista,standard,
account_600267,600267,C/sosp. Can. Loc. Finan. Beni Mobi. Strum,expense,False,,0,0,professionista,standard,
account_600268,600268,C/sosp. Cano. Loc. Nonfin. Beni Mobili S,expense,False,,0,0,professionista,standard,
account_600269,600269,C/sosp. Cano. Loc. Fin. Immob. Str(80%),expense,False,,0,0,professionista,standard,
account_600270,600270,C/sosp. Canon. Loc. non Fin. Immob. Strum,expense,False,,0,0,professionista,standard,
account_600271,600271,C/sosp. Canoni Locazione Finan. Inded.,expense,False,,0,0,professionista,standard,
account_600272,600272,C/sosp. Cano. Loc. Fin. Immob. Str(70%),expense,False,,0,0,professionista,standard,
account_600273,600273,C/sosp. Cano. Loc. Nonfin. Immob. Str(70%,expense,False,,0,0,professionista,standard,
account_600274,600274,C/sosp. Noleggi Telefonia (80%),expense,False,,0,0,professionista,standard,
account_600275,600275,C/sosp. Noleggi Beni Mobili (50%),expense,False,,0,0,professionista,standard,
account_600276,600276,"C/sosp. Royalties,dir. Autore Brev. Ese",expense,False,,0,0,professionista,standard,
account_600277,600277,C/sosp. Licenza Uso Software Eserciz.,expense,False,,0,0,professionista,standard,
account_600278,600278,C/sosp. Altri Costi Godim. Beni Terzi,expense,False,,0,0,professionista,standard,
account_600279,600279,C/sosp. Utili Assoc. Partec. Privato,expense,False,,0,0,professionista,standard,
account_600280,600280,C/sosp. Cano. Loc. Fin. Telef. (80%),expense,False,,0,0,professionista,standard,
account_600281,600281,C/sosp. Cano. Loc. Fin. Beni Mob.(50%),expense,False,,0,0,professionista,standard,
account_600282,600282,C/sosp. Godimento Beni Forfettari,expense,False,,0,0,forfetario,standard,
account_600283,600283,C/sosp. Godimento Beni Forfett.(50%),expense,False,,0,0,forfetario,standard,
account_600284,600284,C/sosp. Errori non Ril. C. di Terzi,expense,False,,0,0,professionista,standard,
account_600285,600285,C/sosp. Inter. Can. Leas. Telef.(80%),expense,False,,0,0,professionista,standard,
account_600286,600286,C/sosp. Inter Can. Leas Beni Mob.(50%),expense,False,,0,0,professionista,standard,
account_600287,600287,C/sosp. Salari-stipendi,expense,False,,0,0,professionista,standard,
account_600288,600288,C/sosp. Salari-stipendi Formaz. Lavoro,expense,False,,0,0,professionista,standard,
account_600289,600289,C/sosp. Salari-stipendi Appren.-disab,expense,False,,0,0,professionista,standard,
account_600290,600290,C/sosp. Salari-stipendi Ricerca-svilu,expense,False,,0,0,professionista,standard,
account_600291,600291,C/sosp. Salari e Stipendi Dilettanti,expense,False,,0,0,professionista,standard,
account_600292,600292,C/sosp. Salari Tempo Determ.,expense,False,,0,0,professionista,standard,
account_600293,600293,C/sosp. Sussidi Occasionali,expense,False,,0,0,professionista,standard,
account_600294,600294,C/sosp. Indenn. Trasferta Autotrasport,expense,False,,0,0,professionista,standard,
account_600295,600295,C/sosp. Oneri Sociali INPS Determ.,expense,False,,0,0,professionista,standard,
account_600296,600296,C/sosp. Oneri Soc. INPS Formaz.-lavoro,expense,False,,0,0,professionista,standard,
account_600297,600297,C/sosp. Oneri Soc. INPS Appren.-disab.,expense,False,,0,0,professionista,standard,
account_600298,600298,C/sosp. Oneri Soc. INPS Ricerca-svilup,expense,False,,0,0,professionista,standard,
account_600299,600299,C/sosp. Oneri Soc. INPS Lav. Indeterm.,expense,False,,0,0,professionista,standard,
account_600300,600300,C/sosp. Oneri Sociali INAIL,expense,False,,0,0,professionista,standard,
account_600301,600301,C/sosp. Oneri Soc. INAIL Formaz.-lavor,expense,False,,0,0,professionista,standard,
account_600302,600302,C/sosp. Oneri Soc. INAIL Appren.-disab,expense,False,,0,0,professionista,standard,
account_600303,600303,C/sosp. Oneri Soc. INAIL Ricerca-svil.,expense,False,,0,0,professionista,standard,
account_600304,600304,C/sosp. Oneri Soc. INAIL Determ.,expense,False,,0,0,professionista,standard,
account_600305,600305,C/sosp. Altri Oneri Sociali,expense,False,,0,0,professionista,standard,
account_600306,600306,C/sosp. Altri Oneri Soc. Formaz.-lavor,expense,False,,0,0,professionista,standard,
account_600307,600307,C/sosp. Altri Oneri Soc. Appren.-disab,expense,False,,0,0,professionista,standard,
account_600308,600308,C/sosp. Altri Oneri Soc. Ricerca-svil.,expense,False,,0,0,professionista,standard,
account_600309,600309,C/sosp. Acc. TFR,expense,False,,0,0,professionista,standard,
account_600310,600310,C/sosp. TFR Licenziamenti Corso Anno,expense,False,,0,0,professionista,standard,
account_600311,600311,C/sosp. Acc. TFR Tempo Determ.,expense,False,,0,0,professionista,standard,
account_600312,600312,C/sosp. Altri Costi Personale,expense,False,,0,0,professionista,standard,
account_600313,600313,C/sosp. Altri Costi Pers. Formaz. Lavor,expense,False,,0,0,professionista,standard,
account_600314,600314,C/sosp. Altri Costi Pers. Apprend-disa,expense,False,,0,0,professionista,standard,
account_600315,600315,C/sosp. Altri Costi Pers. Ricerca-svil,expense,False,,0,0,professionista,standard,
account_600316,600316,C/sosp. Altri Costi Pers. Coop. Sociali,expense,False,,0,0,professionista,standard,
account_600317,600317,C/sosp. Errori non Ril. Costi Pers.,expense,False,,0,0,professionista,standard,
account_600318,600318,C/sosp. Imposta di Bollo,expense,False,,0,0,professionista,standard,
account_600319,600319,C/sosp. Imposta di Fabbricazione,expense,False,,0,0,professionista,standard,
account_600320,600320,C/sosp. Imposta di Registro,expense,False,,0,0,professionista,standard,
account_600321,600321,C/sosp. Ipotecarie e Catastali,expense,False,,0,0,professionista,standard,
account_600322,600322,C/sosp. Invim,expense,False,,0,0,professionista,standard,
account_600323,600323,C/sosp. Tassa Concessione Governativa,expense,False,,0,0,professionista,standard,
account_600324,600324,C/sosp. Tassa Concess. Governat(80%),expense,False,,0,0,professionista,standard,
account_600325,600325,C/sosp. Tassa sui Rifiuti,expense,False,,0,0,professionista,standard,
account_600326,600326,C/sosp. Diritti Camerali,expense,False,,0,0,professionista,standard,
account_600327,600327,C/sosp. Altre Imposte Tasse,expense,False,,0,0,professionista,standard,
account_600328,600328,C/sosp. Imposta su Immobili (INDEDUCI,expense,False,,0,0,professionista,standard,
account_600329,600329,C/sosp. Imposta Munic. Unica-imu-,expense,False,,0,0,professionista,standard,
account_600330,600330,C/sosp. Altre Imposte Tasse-indeducib,expense,False,,0,0,professionista,standard,
account_600331,600331,C/sosp. Tassa Vidimazione Libri Socia,expense,False,,0,0,professionista,standard,
account_600332,600332,C/sosp. Perdite su Crediti,expense,False,,0,0,professionista,standard,
account_600333,600333,C/sosp. Utilizzo F.do Svalut. Crediti,expense,False,,0,0,professionista,standard,
account_600334,600334,C/sosp. Contributi Sindacali Pagati,expense,False,,0,0,professionista,standard,
account_600335,600335,C/sosp. Cancel. Abbon. Riv. Giorn.-libri,expense,False,,0,0,professionista,standard,
account_600336,600336,C/sosp. Minusvalenze Ordinarie,expense,False,,0,0,professionista,standard,
account_600337,600337,C/sosp. Soprav. Passive Ordinarie,expense,False,,0,0,professionista,standard,
account_600338,600338,C/sosp. Omaggi Clienti Art. Prom.(<50€,expense,False,,0,0,professionista,standard,
account_600339,600339,C/sosp. Omaggi Clienti Rappres.(>50€),expense,False,,0,0,professionista,standard,
account_600340,600340,C/sosp. Abbuoni Arrotondam. Passivi,expense,False,,0,0,professionista,standard,
account_600341,600341,C/sosp. Sconti Passivi,expense,False,,0,0,professionista,standard,
account_600342,600342,C/sosp. Banche Dati,expense,False,,0,0,professionista,standard,
account_600343,600343,C/sosp. Erogazioni Liberali,expense,False,,0,0,professionista,standard,
account_600344,600344,C/sosp. Altri Oneri Gestione,expense,False,,0,0,professionista,standard,
account_600345,600345,C/sosp. Utili Assoc. Partec. Beni Propr,expense,False,,0,0,professionista,standard,
account_600346,600346,C/sosp. Minusval. Ordin. Indeducibili,expense,False,,0,0,professionista,standard,
account_600347,600347,C/sosp. Oneri Inded. No IRAP Art.5,expense,False,,0,0,professionista,standard,
account_600348,600348,C/sosp. Altri Oneri Gest-indeducibili,expense,False,,0,0,professionista,standard,
account_600349,600349,C/sosp. Contrib. Previd. Contr. Minimi,expense,False,,0,0,professionista,standard,
account_600350,600350,C/sosp. Commiss. Disponibilita'fondi,expense,False,,0,0,professionista,standard,
account_600351,600351,C/sosp. Commiss. Istruttoria Veloce,expense,False,,0,0,professionista,standard,
account_600352,600352,C/sosp. Commiss. Fidejussioni Bancarie,expense,False,,0,0,professionista,standard,
account_600353,600353,C/sosp. Commiss. Bancarie per Protesti,expense,False,,0,0,professionista,standard,
account_600354,600354,C/sosp. Commiss. Massimo Scoperto,expense,False,,0,0,professionista,standard,
account_600355,600355,C/sosp. Commiss. Factoring,expense,False,,0,0,professionista,standard,
account_600356,600356,C/sosp. Commiss. Pos/carte Credito,expense,False,,0,0,professionista,standard,
account_600357,600357,C/sosp. Commiss. Fidejussioni Assicur.,expense,False,,0,0,professionista,standard,
account_600358,600358,C/sosp. Altri Oneri Bancari,expense,False,,0,0,professionista,standard,
account_600359,600359,C/sosp. Utili Assoc. Partec. Capitale,expense,False,,0,0,professionista,standard,
account_600360,600360,C/sosp. Interessi Passivi Dilettanti,expense,False,,0,0,professionista,standard,
account_600361,600361,C/sosp. Merci C/acq. Istituz. Sez. A),expense,False,,0,0,professionista,standard,
account_600362,600362,C/sosp. Mat. Consumo Istituz. Sez. A),expense,False,,0,0,professionista,standard,
account_600363,600363,C/sosp. Cancelleria Istituz. Sez. A),expense,False,,0,0,professionista,standard,
account_600364,600364,C/sosp. Costi Serv. Istituz. Sez. A),expense,False,,0,0,professionista,standard,
account_600365,600365,C/sosp. Telefonia Istituz. Sez. A),expense,False,,0,0,professionista,standard,
account_600366,600366,C/sosp. Riscaldam. Istituz. Sez. A),expense,False,,0,0,professionista,standard,
account_600367,600367,C/sosp. En. Elettrica Istituz. Sez. A),expense,False,,0,0,professionista,standard,
account_600368,600368,C/sosp. Serv. Banc. Istituz. Sez. A),expense,False,,0,0,professionista,standard,
account_600369,600369,C/sosp. Cons. Legali Istituz. Sez. A),expense,False,,0,0,professionista,standard,
account_600370,600370,C/sosp. Cons. Fiscali Istituz. Sez. A),expense,False,,0,0,professionista,standard,
account_600371,600371,C/sosp. Cons. Profess. Istituz. Sez. A),expense,False,,0,0,professionista,standard,
account_600372,600372,C/sosp. Coll. Cococo Istituz. Sez. A),expense,False,,0,0,professionista,standard,
account_600373,600373,C/sosp. Col. INPS Cococo Ist. Sez. A),expense,False,,0,0,professionista,standard,
account_600374,600374,C/sosp. Coll. INAIL Cococo Ist. Sez. a,expense,False,,0,0,professionista,standard,
account_600375,600375,C/sosp. Man. Ripar. Istituz. Sez. A),expense,False,,0,0,professionista,standard,
account_600376,600376,C/sosp. Viaggi-big-taxi Ist. Sez. A),expense,False,,0,0,professionista,standard,
account_600377,600377,C/sosp. Ass. non Obbli. Istituz. Sez. A),expense,False,,0,0,professionista,standard,
account_600378,600378,C/sosp. Godim. Beni Terzi Ist. Sez. A),expense,False,,0,0,professionista,standard,
account_600379,600379,C/sosp. Salari Stip. Istituz. Sez. A),expense,False,,0,0,professionista,standard,
account_600380,600380,C/sosp. On. Soc. INPS Istituz. Sez. A),expense,False,,0,0,professionista,standard,
account_600381,600381,C/sosp. On. Soc. INAIL Istituz. Sez. A),expense,False,,0,0,professionista,standard,
account_600382,600382,C/sosp. TFR Istituz. Sez. A),expense,False,,0,0,professionista,standard,
account_600383,600383,C/sosp. Altri Costi Pers. Ist. Sez. A),expense,False,,0,0,professionista,standard,
account_600384,600384,C/sosp. Ammortamenti Istituz. Sez. A),expense,False,,0,0,professionista,standard,
account_600385,600385,C/sosp. Sval. Immob. Istituz. Sez. A),expense,False,,0,0,professionista,standard,
account_600386,600386,C/sosp. Acc. Rischi Istituz. Sez. A),expense,False,,0,0,professionista,standard,
account_600387,600387,C/sosp. Oneri Div. Gest. Istit. Sez. A),expense,False,,0,0,professionista,standard,
account_600388,600388,C/sosp. Rim. Iniz. Istituz. Sez. A),expense,False,,0,0,professionista,standard,
account_600389,600389,C/sosp. Mat. Prime C/acq. Sez. B),expense,False,,0,0,professionista,standard,
account_600390,600390,C/sosp. Mat. Sussid. C/acq. Sez. B),expense,False,,0,0,professionista,standard,
account_600391,600391,C/sosp. Mat. Consumo C/acq. Sez. B),expense,False,,0,0,professionista,standard,
account_600392,600392,C/sosp. Merci C/acquisti Sez. B),expense,False,,0,0,professionista,standard,
account_600393,600393,C/sosp. Acqua Sez. B),expense,False,,0,0,professionista,standard,
account_600394,600394,C/sosp. Gas e Riscaldam. Sez. B),expense,False,,0,0,professionista,standard,
account_600395,600395,C/sosp. Energia Elettr. Sez. B),expense,False,,0,0,professionista,standard,
account_600396,600396,C/sosp. Serv. Smal. Rifiuti Sez. B),expense,False,,0,0,professionista,standard,
account_600397,600397,C/sosp. Ass. non Obbligatorie Sez. B),expense,False,,0,0,professionista,standard,
account_600398,600398,C/sosp. Serv. Vigilanza Sez. B),expense,False,,0,0,professionista,standard,
account_600399,600399,C/sosp. Consul. Fiscali Sez. B),expense,False,,0,0,professionista,standard,
account_600400,600400,C/sosp. Consul. Tecniche Sez. B),expense,False,,0,0,professionista,standard,
account_600401,600401,C/sosp. Altri Servizi Sez. B),expense,False,,0,0,professionista,standard,
account_600402,600402,C/sosp. Altri Serv. Inded. Sez. B),expense,False,,0,0,professionista,standard,
account_600403,600403,C/sosp. Spese Postali Sez. B),expense,False,,0,0,professionista,standard,
account_600404,600404,C/sosp. Man. Period.-contratto Sez. B),expense,False,,0,0,professionista,standard,
account_600405,600405,C/sosp. Altre Sp. Documentate Sez. B),expense,False,,0,0,professionista,standard,
account_600406,600406,C/sosp. Collab. Cococo Dilet. Sez. B),expense,False,,0,0,professionista,standard,
account_600407,600407,C/sosp. Prest. Lav. Auton. Dilet. Sez. B,expense,False,,0,0,professionista,standard,
account_600408,600408,C/sosp. Comp. Sindaci Revisori Sez. B),expense,False,,0,0,professionista,standard,
account_600409,600409,C/sosp. Coll. Cococo Aff. Att. Sez. B),expense,False,,0,0,professionista,standard,
account_600410,600410,C/sosp. Contr. INPS Coco Af. Att. Sez. B,expense,False,,0,0,professionista,standard,
account_600411,600411,C/sosp. Contr. INAIL Coco Af. Att. Sez. B,expense,False,,0,0,professionista,standard,
account_600412,600412,C/sosp. Carb.-lubrific. Sez. B),expense,False,,0,0,professionista,standard,
account_600413,600413,C/sosp. Assicuraz. Rca Sez. B),expense,False,,0,0,professionista,standard,
account_600414,600414,C/sosp. Tassa Propr. Autoveic. Sez. B),expense,False,,0,0,professionista,standard,
account_600415,600415,C/sosp. Pedaggi Autostr. Sez. B),expense,False,,0,0,professionista,standard,
account_600416,600416,C/sosp. Altri On. Autoveic. Sez. B),expense,False,,0,0,professionista,standard,
account_600417,600417,C/sosp. Noleggio Veicoli Sez. B),expense,False,,0,0,professionista,standard,
account_600418,600418,C/sosp. Nol. Veicoli Inded. Sez. B),expense,False,,0,0,professionista,standard,
account_600419,600419,C/sosp. Assic. non Obbl. Veic. Sez. B),expense,False,,0,0,professionista,standard,
account_600420,600420,C/sosp. Fitti Passivi Sez. B),expense,False,,0,0,professionista,standard,
account_600421,600421,C/sosp. Noleg. Imp.-macch. Sez. B),expense,False,,0,0,professionista,standard,
account_600422,600422,C/sosp. Altri Noleggi Sez. B),expense,False,,0,0,professionista,standard,
account_600423,600423,C/sosp. Noleg. Telef. (80%) Sez. B),expense,False,,0,0,professionista,standard,
account_600424,600424,C/sosp. Altri C. Godim. Terzi Sez. B),expense,False,,0,0,professionista,standard,
account_600425,600425,C/sosp. Salari e Stipendi Sez. B),expense,False,,0,0,professionista,standard,
account_600426,600426,C/sosp. Sal. e Stip. Dilett. Sez. B),expense,False,,0,0,professionista,standard,
account_600427,600427,C/sosp. On. Soc. INPS (sez. B),expense,False,,0,0,professionista,standard,
account_600428,600428,C/sosp. On. Soc. INAIL Sez. B),expense,False,,0,0,professionista,standard,
account_600429,600429,C/sosp. Altri On. Sociali Sez. B),expense,False,,0,0,professionista,standard,
account_600430,600430,C/sosp. Altre Imp. e Tasse Sez. B),expense,False,,0,0,professionista,standard,
account_600431,600431,C/sosp. Imp. e Tasse Inded- Sez. B),expense,False,,0,0,professionista,standard,
account_600432,600432,"C/sosp. Altri On,. Gestione Sez. B)",expense,False,,0,0,professionista,standard,
account_600433,600433,C/sosp. Altri On. Gest. Inded. Sez. B),expense,False,,0,0,professionista,standard,
account_600434,600434,C/sosp. Racc. Fondi Abit. Sez. C),expense,False,,0,0,professionista,standard,
account_600435,600435,C/sosp. Costi Rac. Fondi Occ. Sez. C),expense,False,,0,0,professionista,standard,
account_600436,600436,C/sosp. Altri On. Rac. Fondi Sez. C),expense,False,,0,0,professionista,standard,
account_600437,600437,C/sosp. On. Fin. da Pat. Edil. Sez. D),expense,False,,0,0,professionista,standard,
account_600438,600438,C/sosp. On. Fin. Al. Beni Patr. Sez. D),expense,False,,0,0,professionista,standard,
account_600439,600439,C/sosp. On. Fin. su Rap. Banc. Sez. D),expense,False,,0,0,professionista,standard,
account_600440,600440,C/sosp. On. Fin. su Prestiti Sez. D),expense,False,,0,0,professionista,standard,
account_600441,600441,C/sosp. Altri On. Fin. Vari Sez. D),expense,False,,0,0,professionista,standard,
account_600442,600442,C/sosp. Mat. Prime C/acq. Sez. E),expense,False,,0,0,professionista,standard,
account_600443,600443,C/sosp. Mat. Sussid. C/acq. Sez. E),expense,False,,0,0,professionista,standard,
account_600444,600444,C/sosp. Mat. Cons. C/acq. Sez. E),expense,False,,0,0,professionista,standard,
account_600445,600445,C/sosp. Merci C/acq. Sez. E),expense,False,,0,0,professionista,standard,
account_600446,600446,C/sosp. Altri Servizi Sez. E),expense,False,,0,0,professionista,standard,
account_600447,600447,C/sosp. Altri Serv. Inded. Sez. E),expense,False,,0,0,professionista,standard,
account_600448,600448,C/sosp. Coll. Aff. Att. A' Sez. E),expense,False,,0,0,professionista,standard,
account_600449,600449,C/sosp. Altri C. Godim. Terzi Sez. E),expense,False,,0,0,professionista,standard,
account_600450,600450,C/sosp. Altri C. Godim. Inded. Sez. E),expense,False,,0,0,professionista,standard,
account_600451,600451,"C/sosp. Costi del Personale Sez, E)",expense,False,,0,0,professionista,standard,
account_600452,600452,C/sosp. Altri On. Gestione Sez. E),expense,False,,0,0,professionista,standard,
account_600453,600453,C/sosp. Altri On. Gest. Inded. Sez. E),expense,False,,0,0,professionista,standard,
account_600454,600454,C/sosp. Locaz. Immob. Strum. Promisc.50%,expense,False,,0,0,professionista,standard,
account_600455,600455,C/sosp. Riscaldamen.-imm. Promisc.50%,expense,False,,0,0,professionista,standard,
account_600456,600456,C/sosp. Acqua-immob. Promisc.(50%),expense,False,,0,0,professionista,standard,
account_600457,600457,C/sosp. Altre Spese Immobile Strument,expense,False,,0,0,professionista,standard,
account_600458,600458,C/sosp. Altre Spese Immob. Promis.50%,expense,False,,0,0,professionista,standard,
account_600459,600459,C/sosp. Leas. Immob. Strum. Ante 14/6/90,expense,False,,0,0,professionista,standard,
account_600460,600460,C/sosp. Leas. Imm. Str. Ante14/6/90(50%),expense,False,,0,0,professionista,standard,
account_600461,600461,C/sosp. Energia Elettrica(50%),expense,False,,0,0,professionista,standard,
account_600462,600462,C/sosp. Manutenzione Immobili,expense,False,,0,0,professionista,standard,
account_600463,600463,C/sosp. Ammodernamento Immobili,expense,False,,0,0,professionista,standard,
account_600464,600464,C/sosp. Ristrutturazione Immobili,expense,False,,0,0,professionista,standard,
account_600465,600465,C/sosp. Comp. a Terzi Prest. non Occas.,expense,False,,0,0,professionista,standard,
account_600466,600466,C/sosp. Costi Utiliz. Strutture Terzi,expense,False,,0,0,professionista,standard,
account_600467,600467,C/sosp. Servizi Segreteria,expense,False,,0,0,professionista,standard,
account_600468,600468,C/sosp. Compensi Lav. Autonomo Occas.,expense,False,,0,0,professionista,standard,
account_600469,600469,C/sosp. Pasti e Soggiorni,expense,False,,0,0,professionista,standard,
account_600470,600470,C/sosp. Pasti-sogg. Commit. per Prof,expense,False,,0,0,professionista,standard,
account_600471,600471,C/sosp. Rimb. Trasferte Profess. Assoc.,expense,False,,0,0,professionista,standard,
account_600472,600472,C/sosp. Rimb. Chilometr. Profess. Assoc.,expense,False,,0,0,professionista,standard,
account_600473,600473,C/sosp. Rimb. Chilom. Prof. Assoc.(ind),expense,False,,0,0,professionista,standard,
account_600474,600474,C/sosp. Vitto-alloggio(art.54 C.6),expense,False,,0,0,professionista,standard,
account_600475,600475,C/sosp. Vitto-allogg. Ind.(art.54 C.6),expense,False,,0,0,professionista,standard,
account_600476,600476,C/sosp. Spese Aggiorn. Prof.(50%),expense,False,,0,0,professionista,standard,
account_600477,600477,C/sosp. Spese Antic. Nome-conto Client,expense,False,,0,0,professionista,standard,
account_600478,600478,C/sosp. Pasti-sogg. Aggior. Prof.(75%),expense,False,,0,0,professionista,standard,
account_600479,600479,C/sosp. Rappresentanza-altre Spese,expense,False,,0,0,professionista,standard,
account_600480,600480,C/sosp. Rappresentanza(75%),expense,False,,0,0,professionista,standard,
account_600481,600481,C/sosp. Assicurazioni Professionali,expense,False,,0,0,professionista,standard,
account_600482,600482,C/sosp. Spese Aggior.-manut. Software,expense,False,,0,0,professionista,standard,
account_600483,600483,C/sosp. Contr. Annuale Iscriz. Ord. Prof,expense,False,,0,0,professionista,standard,
account_600484,600484,C/sosp. Carb. Lubrif. Motocic. Ciclomot.,expense,False,,0,0,professionista,standard,
account_600485,600485,C/sosp. Manutenz. Telef. Mobile(80%),expense,False,,0,0,professionista,standard,
account_600486,600486,C/sosp. Manut.-ripar. Auto Profession.,expense,False,,0,0,professionista,standard,
account_600487,600487,C/sosp. Manut. Auto non Assegnate,expense,False,,0,0,professionista,standard,
account_600488,600488,C/sosp. Manut. Auto Assegnate,expense,False,,0,0,professionista,standard,
account_600489,600489,C/sosp. Manut.-ripar. Auto (50%),expense,False,,0,0,professionista,standard,
account_600490,600490,C/sosp. Utile Perdite su Cambi,expense,False,,0,0,professionista,standard,
account_600491,600491,C/sosp. IVA su Acquisti,expense,False,,0,0,professionista,standard,
account_600492,600492,C/sosp. IVA su Compensi,expense,False,,0,0,professionista,standard,
account_600493,600493,C/sosp. Ritenute Effettuate,expense,False,,0,0,professionista,standard,
account_600494,600494,C/sosp. IVA Esigib. Diff su Vendite,expense,False,,0,0,professionista,standard,
account_600495,600495,C/sosp. Cassa Professionisti,expense,False,,0,0,professionista,standard,
account_600496,600496,C/sosp. Debiti V/INPS (gest. Sep.),expense,False,,0,0,professionista,standard,
account_600497,600497,C/sosp. Contr. INPS Co. Co. Co. Afferenti,expense,False,,0,0,professionista,standard,
account_600498,600498,C/sosp. Ritenute Subite,expense,False,,0,0,professionista,standard,
account_600499,600499,IVA a Esigibilita' Diff. su Acquisti,expense,False,,0,0,"azienda_ordinaria,professionista,semplificata",standard,
account_600500,600500,C/sosp. Titol. C/prelev. Ditte Individ.,expense,False,,0,0,professionista,standard,
account_600501,600501,Conto Automatismi Programma per Ps,expense,False,,0,0,"azienda_ordinaria,professionista,semplificata",standard,
account_600502,600502,C/sosp. ENPAM C/contributi,expense,False,,0,0,professionista,standard,
account_600503,600503,C/sosp. ENPALS C/contributi,expense,False,,0,0,professionista,standard,
account_400001,400001,Beni di Terzi,off_balance,False,,0,0,"azienda_ordinaria,professionista,forfetario,semplificata",standard,
account_400002,400002,Beni di Terzi in Lavorazione,off_balance,False,,0,0,"azienda_ordinaria,professionista,forfetario,semplificata",standard,
account_400003,400003,Beni di Terzi in Riparazione,off_balance,False,,0,0,"azienda_ordinaria,professionista,forfetario,semplificata",standard,
account_400004,400004,Beni di Terzi in Prova,off_balance,False,,0,0,"azienda_ordinaria,professionista,forfetario,semplificata",standard,
account_400005,400005,Beni di Terzi in Garanzia,off_balance,False,,0,0,"azienda_ordinaria,professionista,forfetario,semplificata",standard,
account_400006,400006,Titoli di Terzi in Garanzia,off_balance,False,,0,0,"azienda_ordinaria,professionista,forfetario,semplificata",standard,
account_400007,400007,Titoli di Terzi in Custodia,off_balance,False,,0,0,"azienda_ordinaria,professionista,forfetario,semplificata",standard,
account_400008,400008,Titoli di Terzi a Cauzione,off_balance,False,,0,0,"azienda_ordinaria,professionista,forfetario,semplificata",standard,
account_400009,400009,Ipoteche a Favore di Terzi,off_balance,False,,0,0,"azienda_ordinaria,professionista,forfetario,semplificata",standard,
account_400010,400010,Pegni a Favore di Terzi,off_balance,False,,0,0,"azienda_ordinaria,professionista,forfetario,semplificata",standard,
account_400011,400011,Depositari Beni,off_balance,False,,0,0,"azienda_ordinaria,professionista,forfetario,semplificata",standard,
account_400012,400012,Depositari Beni in Lavorazione,off_balance,False,,0,0,"azienda_ordinaria,professionista,forfetario,semplificata",standard,
account_400013,400013,Depositari Beni in Riparazione,off_balance,False,,0,0,"azienda_ordinaria,professionista,forfetario,semplificata",standard,
account_400014,400014,Depositari Beni in Prova,off_balance,False,,0,0,"azienda_ordinaria,professionista,forfetario,semplificata",standard,
account_400015,400015,Depositari Beni in Garanzia,off_balance,False,,0,0,"azienda_ordinaria,professionista,forfetario,semplificata",standard,
account_400016,400016,Depositari Titoli in Garanzia,off_balance,False,,0,0,"azienda_ordinaria,professionista,forfetario,semplificata",standard,
account_400017,400017,Depositari Titoli in Custodia,off_balance,False,,0,0,"azienda_ordinaria,professionista,forfetario,semplificata",standard,
account_400018,400018,Depositari Titoli a Cauzione,off_balance,False,,0,0,"azienda_ordinaria,professionista,forfetario,semplificata",standard,
account_400019,400019,Fidejussioni Prestate a Terzi,off_balance,False,,0,0,"azienda_ordinaria,professionista,forfetario,semplificata",standard,
account_400020,400020,Beni di Terzi a Noleggio,off_balance,False,,0,0,"azienda_ordinaria,professionista,forfetario,semplificata",standard,
account_400021,400021,Beni di Terzi in Locazione,off_balance,False,,0,0,"azienda_ordinaria,professionista,forfetario,semplificata",standard,
account_400022,400022,Beni di Terzi in Affitto,off_balance,False,,0,0,"azienda_ordinaria,professionista,forfetario,semplificata",standard,
account_400023,400023,Beni di Terzi in Leasing,off_balance,False,,0,0,"azienda_ordinaria,professionista,forfetario,semplificata",standard,
account_400024,400024,Beni di Terzi in Comodato,off_balance,False,,0,0,"azienda_ordinaria,professionista,forfetario,semplificata",standard,
account_400025,400025,Clienti C/beni a Noleggio,off_balance,False,,0,0,"azienda_ordinaria,professionista,forfetario,semplificata",standard,
account_400026,400026,Clienti C/beni in Locazione,off_balance,False,,0,0,"azienda_ordinaria,professionista,forfetario,semplificata",standard,
account_400027,400027,Clienti C/beni in Affitto,off_balance,False,,0,0,"azienda_ordinaria,professionista,forfetario,semplificata",standard,
account_400028,400028,Clienti C/beni in Leasing,off_balance,False,,0,0,"azienda_ordinaria,professionista,forfetario,semplificata",standard,
account_400029,400029,Clienti C/beni in Comodato,off_balance,False,,0,0,"azienda_ordinaria,professionista,forfetario,semplificata",standard,
account_400030,400030,Contratti di Leasing,off_balance,False,,0,0,"azienda_ordinaria,professionista,forfetario,semplificata",standard,
account_400031,400031,Beni da Ricevere,off_balance,False,,0,0,"azienda_ordinaria,professionista,forfetario,semplificata",standard,
account_400032,400032,Clienti C/impegni,off_balance,False,,0,0,"azienda_ordinaria,professionista,forfetario,semplificata",standard,
account_400033,400033,Titoli da Ricevere,off_balance,False,,0,0,"azienda_ordinaria,professionista,forfetario,semplificata",standard,
account_400034,400034,Debitori per Titoli da Ricevere,off_balance,False,,0,0,"azienda_ordinaria,professionista,forfetario,semplificata",standard,
account_400035,400035,Fidejussioni Ricevute da Terzi,off_balance,False,,0,0,"azienda_ordinaria,professionista,forfetario,semplificata",standard,
account_400036,400036,Avalli Ricevuti da Terzi,off_balance,False,,0,0,"azienda_ordinaria,professionista,forfetario,semplificata",standard,
account_400037,400037,Rischi per Effetti Scontati,off_balance,False,,0,0,"azienda_ordinaria,professionista,forfetario,semplificata",standard,
account_400038,400038,Compagnia di Assicurazione C/rischi,off_balance,False,,0,0,"azienda_ordinaria,professionista,forfetario,semplificata",standard,
account_400039,400039,Avalli Prestati a Terzi,off_balance,False,,0,0,"azienda_ordinaria,professionista,forfetario,semplificata",standard,
account_400040,400040,Garanzie Personali Prest. a Terzi,off_balance,False,,0,0,"azienda_ordinaria,professionista,forfetario,semplificata",standard,
account_400041,400041,Beni di Terzi in Deposito,off_balance,False,,0,0,"azienda_ordinaria,professionista,forfetario,semplificata",standard,
account_400042,400042,Depositanti Beni,off_balance,False,,0,0,"azienda_ordinaria,professionista,forfetario,semplificata",standard,
account_400043,400043,Depositanti Beni in Lavorazione,off_balance,False,,0,0,"azienda_ordinaria,professionista,forfetario,semplificata",standard,
account_400044,400044,Depositanti Beni in Riparazione,off_balance,False,,0,0,"azienda_ordinaria,professionista,forfetario,semplificata",standard,
account_400045,400045,Depositanti Beni in Prova,off_balance,False,,0,0,"azienda_ordinaria,professionista,forfetario,semplificata",standard,
account_400046,400046,Depositanti Beni in Garanzia,off_balance,False,,0,0,"azienda_ordinaria,professionista,forfetario,semplificata",standard,
account_400047,400047,Depositanti Titoli in Garanzia,off_balance,False,,0,0,"azienda_ordinaria,professionista,forfetario,semplificata",standard,
account_400048,400048,Depositanti Titoli in Custodia,off_balance,False,,0,0,"azienda_ordinaria,professionista,forfetario,semplificata",standard,
account_400049,400049,Depositanti Titoli a Cauzione,off_balance,False,,0,0,"azienda_ordinaria,professionista,forfetario,semplificata",standard,
account_400050,400050,Beni Presso Terzi in Deposito,off_balance,False,,0,0,"azienda_ordinaria,professionista,forfetario,semplificata",standard,
account_400051,400051,Beni Presso Terzi in Lavorazione,off_balance,False,,0,0,"azienda_ordinaria,professionista,forfetario,semplificata",standard,
account_400052,400052,Beni Presso Terzi in Riparazone,off_balance,False,,0,0,"azienda_ordinaria,professionista,forfetario,semplificata",standard,
account_400053,400053,Beni Presso Terzi in Prova,off_balance,False,,0,0,"azienda_ordinaria,professionista,forfetario,semplificata",standard,
account_400054,400054,Beni Presso Terzi in Garanzia,off_balance,False,,0,0,"azienda_ordinaria,professionista,forfetario,semplificata",standard,
account_400055,400055,Titoli Presso Terzi in Garanzia,off_balance,False,,0,0,"azienda_ordinaria,professionista,forfetario,semplificata",standard,
account_400056,400056,Titoli Presso Terzi in Custodia,off_balance,False,,0,0,"azienda_ordinaria,professionista,forfetario,semplificata",standard,
account_400057,400057,Titoli Presso Terzi a Cauzione,off_balance,False,,0,0,"azienda_ordinaria,professionista,forfetario,semplificata",standard,
account_400058,400058,Beni a Noleggio C/clienti,off_balance,False,,0,0,"azienda_ordinaria,professionista,forfetario,semplificata",standard,
account_400059,400059,Beni in Locazione C/clienti,off_balance,False,,0,0,"azienda_ordinaria,professionista,forfetario,semplificata",standard,
account_400060,400060,Beni in Affitto C/clienti,off_balance,False,,0,0,"azienda_ordinaria,professionista,forfetario,semplificata",standard,
account_400061,400061,Beni in Leasing C/clienti,off_balance,False,,0,0,"azienda_ordinaria,professionista,forfetario,semplificata",standard,
account_400062,400062,Beni in Comodato C/clienti,off_balance,False,,0,0,"azienda_ordinaria,professionista,forfetario,semplificata",standard,
account_400063,400063,Locatori C/leasing,off_balance,False,,0,0,"azienda_ordinaria,professionista,forfetario,semplificata",standard,
account_400064,400064,Beni Presso Terzi a Noleggio,off_balance,False,,0,0,"azienda_ordinaria,professionista,forfetario,semplificata",standard,
account_400065,400065,Beni Presso Terzi in Locazione,off_balance,False,,0,0,"azienda_ordinaria,professionista,forfetario,semplificata",standard,
account_400066,400066,Beni Presso Terzi in Affitto,off_balance,False,,0,0,"azienda_ordinaria,professionista,forfetario,semplificata",standard,
account_400067,400067,Beni Presso Terzi in Leasing,off_balance,False,,0,0,"azienda_ordinaria,professionista,forfetario,semplificata",standard,
account_400068,400068,Beni Presso Terzi in Comodato,off_balance,False,,0,0,"azienda_ordinaria,professionista,forfetario,semplificata",standard,
account_400069,400069,Fornitori C/impegni,off_balance,False,,0,0,"azienda_ordinaria,professionista,forfetario,semplificata",standard,
account_400070,400070,Beni da Consegnare,off_balance,False,,0,0,"azienda_ordinaria,professionista,forfetario,semplificata",standard,
account_400071,400071,Creditori per Titoli da Consegnare,off_balance,False,,0,0,"azienda_ordinaria,professionista,forfetario,semplificata",standard,
account_400072,400072,Titoli da Consegnare,off_balance,False,,0,0,"azienda_ordinaria,professionista,forfetario,semplificata",standard,
account_400073,400073,Creditori per Fidejussioni,off_balance,False,,0,0,"azienda_ordinaria,professionista,forfetario,semplificata",standard,
account_400074,400074,Creditori per Avalli,off_balance,False,,0,0,"azienda_ordinaria,professionista,forfetario,semplificata",standard,
account_400075,400075,Banche per Effetti Scontati,off_balance,False,,0,0,"azienda_ordinaria,professionista,forfetario,semplificata",standard,
account_400076,400076,Rischi Trasferiti a Terzi,off_balance,False,,0,0,"azienda_ordinaria,professionista,forfetario,semplificata",standard,
account_400077,400077,Bilancio di Chiusura,off_balance,False,,0,0,"azienda_ordinaria,professionista,forfetario,semplificata",standard,
account_400078,400078,Bilancio di Apertura,off_balance,False,,0,0,"azienda_ordinaria,professionista,forfetario,semplificata",standard,
account_400079,400079,Controp. Bilanciamento-semplificate,off_balance,False,,0,0,"azienda_ordinaria,semplificata",standard,
account_400080,400080,Conto Riserv. Automatismi Programma,off_balance,False,,0,0,"azienda_ordinaria,professionista,forfetario,semplificata",standard,
account_400081,400081,Manutenzioni da Ammortizzare,off_balance,False,,0,0,"azienda_ordinaria,professionista,forfetario,semplificata",standard,
account_400082,400082,C/sosp. Prodotti Finiti C/vendite,off_balance,False,,0,0,professionista,standard,
account_400083,400083,C/sosp. Merci C/vendite,off_balance,False,,0,0,professionista,standard,
account_400084,400084,C/sosp. Imballaggi C/vendite,off_balance,False,,0,0,professionista,standard,
account_400085,400085,C/sosp. Materie Prime/semil. C/vendite,off_balance,False,,0,0,professionista,standard,
account_400086,400086,C/sosp. Altri Ricavi delle Vendite,off_balance,False,,0,0,professionista,standard,
account_400087,400087,C/sosp. Passaggi Interni Beni,off_balance,False,,0,0,professionista,standard,
account_400088,400088,C/sosp. Rimborsi Spese Beni(imballi),off_balance,False,,0,0,professionista,standard,
account_400089,400089,C/sosp. Merci C/vendite Forfettari,off_balance,False,,0,0,forfetario,standard,
account_400090,400090,C/sosp. Ricavi Vendite non Imp.,off_balance,False,,0,0,professionista,standard,
account_400091,400091,C/sosp. Merci C/vendite Dpi,off_balance,False,,0,0,professionista,standard,
account_400092,400092,C/sosp. Ricavi Prestazioni Servizi,off_balance,False,,0,0,professionista,standard,
account_400093,400093,C/sosp. Lavorazioni C/terzi,off_balance,False,,0,0,professionista,standard,
account_400094,400094,C/sosp. Provvigioni Attive,off_balance,False,,0,0,professionista,standard,
account_400095,400095,C/sosp. Altri Ricavi delle Prestazion,off_balance,False,,0,0,professionista,standard,
account_400096,400096,C/sosp. Passaggi Interni Servizi,off_balance,False,,0,0,professionista,standard,
account_400097,400097,C/sosp. Rimborsi Spese Servizi(trasp.,off_balance,False,,0,0,professionista,standard,
account_400098,400098,C/sosp. Ricavi Servizi Forfett.,off_balance,False,,0,0,forfetario,standard,
account_400099,400099,C/sosp. Altre Prestaz. non Imponib.,off_balance,False,,0,0,professionista,standard,
account_400100,400100,C/sosp. Resi su Vendite,off_balance,False,,0,0,professionista,standard,
account_400101,400101,C/sosp. Sconti su Vendite,off_balance,False,,0,0,professionista,standard,
account_400102,400102,C/sosp. Abbuoni su Vendite,off_balance,False,,0,0,professionista,standard,
account_400103,400103,C/sosp. Premi su Vendite,off_balance,False,,0,0,professionista,standard,
account_400104,400104,C/sosp. Ricavi Generi a Ricavo Fisso/,off_balance,False,,0,0,professionista,standard,
account_400105,400105,C/sosp. Fitti Attivi Fabb. Strum. Soc. i,off_balance,False,,0,0,professionista,standard,
account_400106,400106,C/sosp. Fitti Attivi Fabb. non Strum. S,off_balance,False,,0,0,professionista,standard,
account_400107,400107,C/sosp. Fitti Attivi Terreni Soc. Immo,off_balance,False,,0,0,professionista,standard,
account_400108,400108,C/sosp. Fitti Attivi Fabb. Civili Soc.,off_balance,False,,0,0,professionista,standard,
account_400109,400109,C/sosp. Fitto Ramo Azienda Gest. Carat,off_balance,False,,0,0,professionista,standard,
account_400110,400110,C/sosp. Canoni Attivi,off_balance,False,,0,0,professionista,standard,
account_400111,400111,C/sosp. Omaggi da Fornitori,off_balance,False,,0,0,professionista,standard,
account_400112,400112,C/sosp. Proventi per Liberalita',off_balance,False,,0,0,professionista,standard,
account_400113,400113,"C/sosp. Proventi Royalties,marchi,ecc",off_balance,False,,0,0,professionista,standard,
account_400114,400114,C/sosp. Abbuoni/arroton. Attivi,off_balance,False,,0,0,professionista,standard,
account_400115,400115,C/sosp. Rimborsi Spese,off_balance,False,,0,0,professionista,standard,
account_400116,400116,C/sosp. Altri Ricavi e Proventi Vari,off_balance,False,,0,0,professionista,standard,
account_400117,400117,C/sosp. Affitti Attivi D'azienda,off_balance,False,,0,0,professionista,standard,
account_400118,400118,C/sosp. Arroton. su Convers. Valute,off_balance,False,,0,0,professionista,standard,
account_400119,400119,C/sosp. Fitti Attivi Fabb. Strumentali,off_balance,False,,0,0,professionista,standard,
account_400120,400120,C/sosp. Fitti Attivi Fabb. non Strum.,off_balance,False,,0,0,professionista,standard,
account_400121,400121,C/sosp. Fitti Attivi Terreni,off_balance,False,,0,0,professionista,standard,
account_400122,400122,C/sosp. Errori non Ril. Ricavi,off_balance,False,,0,0,professionista,standard,
account_400123,400123,C/sosp. Contrib. Covid No Ires/IRAP,off_balance,False,,0,0,professionista,standard,
account_400124,400124,C/sosp. Contributo Covid,off_balance,False,,0,0,professionista,standard,
account_400125,400125,C/sosp. Contrib. Cr. Imposta No Imp.,off_balance,False,,0,0,professionista,standard,
account_400126,400126,C/sosp. Rimb. Spese Addebitate Clienti,off_balance,False,,0,0,professionista,standard,
account_400127,400127,C/sosp. Rimb. Spese Trasporto Addeb. Cl,off_balance,False,,0,0,professionista,standard,
account_400128,400128,C/sosp. Rimb. Spese Bancarie Addeb. Cli,off_balance,False,,0,0,professionista,standard,
account_400129,400129,C/sosp. Rimb. Spese Bolli Addeb. Client,off_balance,False,,0,0,professionista,standard,
account_400130,400130,C/sosp. Quote Associative Sez. A),off_balance,False,,0,0,professionista,standard,
account_400131,400131,C/sosp. Ricavi App. Fondatori Sez. A),off_balance,False,,0,0,professionista,standard,
account_400132,400132,C/sosp. Prov. Asso. Att. Mut. Sez. A),off_balance,False,,0,0,professionista,standard,
account_400133,400133,C/sosp. Ric. Servizi Assoc. Sez. A),off_balance,False,,0,0,professionista,standard,
account_400134,400134,C/sosp. Ric. Serv. Fondat. Sez. A),off_balance,False,,0,0,professionista,standard,
account_400135,400135,C/sosp. Merci C/vend. Assoc. Sez. A),off_balance,False,,0,0,professionista,standard,
account_400136,400136,C/sosp. Merci C/vend. Fond. Sez. A),off_balance,False,,0,0,professionista,standard,
account_400137,400137,C/sosp. Ric. Erog. Lib Sez. A),off_balance,False,,0,0,professionista,standard,
account_400138,400138,C/sosp. Prov. 5 per Mille Sez. A),off_balance,False,,0,0,professionista,standard,
account_400139,400139,C/sosp. Contr. Sogg. Priv. Sez. A),off_balance,False,,0,0,professionista,standard,
account_400140,400140,C/sosp. Contr. Enti Pubb. Sez. A),off_balance,False,,0,0,professionista,standard,
account_400141,400141,C/sosp. Prov. Contr. da En. Pubb. Sez. A),off_balance,False,,0,0,professionista,standard,
account_400142,400142,C/sosp. Altri Ric. e Pro. Gen. Sez. A),off_balance,False,,0,0,professionista,standard,
account_400143,400143,C/sosp. Ric. Serv. a Terzi Sez. A),off_balance,False,,0,0,professionista,standard,
account_400144,400144,C/sosp. Merci C/vend a Terzi Sez. A),off_balance,False,,0,0,professionista,standard,
account_400145,400145,C/sosp. Ric. Ass. Fondat. Sez. B),off_balance,False,,0,0,professionista,standard,
account_400146,400146,C/sosp. Mer. C/vend. Ass. Fond. Sez. B,off_balance,False,,0,0,professionista,standard,
account_400147,400147,C/sosp. Contr. da Sogg. Priv. Sez. B),off_balance,False,,0,0,professionista,standard,
account_400148,400148,C/sosp. Ric. Serv. a Terzi Sez. B),off_balance,False,,0,0,professionista,standard,
account_400149,400149,C/sosp. Contr. da En. Pubb. Sez. B),off_balance,False,,0,0,professionista,standard,
account_400150,400150,C/sosp. Prov. da Cont. En. Pub. Sez. B,off_balance,False,,0,0,professionista,standard,
account_400151,400151,C/sosp. M. C/vendite da Terzi Sez. B),off_balance,False,,0,0,professionista,standard,
account_400152,400152,C/sosp. Altri Ric. e Prov. Sez. B),off_balance,False,,0,0,professionista,standard,
account_400153,400153,C/sosp. Prov. Racc. Fondi Abit. Sez. C),off_balance,False,,0,0,professionista,standard,
account_400154,400154,C/sosp. Prov. Racc. Fondi Occ. Sez. C),off_balance,False,,0,0,professionista,standard,
account_400155,400155,C/sosp. Altri Prov. Racc. Fdi Sez. C),off_balance,False,,0,0,professionista,standard,
account_400156,400156,C/sosp. Prov. Fin. Patr. Edil. Sez. D),off_balance,False,,0,0,professionista,standard,
account_400157,400157,C/sosp. Pro. Fin. Al. Beni Pat. Sez. D),off_balance,False,,0,0,professionista,standard,
account_400158,400158,C/sosp. Al. Prov. Fin. Racc. Fdi Sez. D),off_balance,False,,0,0,professionista,standard,
account_400159,400159,C/sosp. Prov. Fin. da Rapp. Banc. Sez. D),off_balance,False,,0,0,professionista,standard,
account_400160,400160,C/sosp. Prov. Fin. da Al. Inves. Sez. D),off_balance,False,,0,0,professionista,standard,
account_400161,400161,C/sosp. Prov. Dist. Pers. Sez. E),off_balance,False,,0,0,professionista,standard,
account_400162,400162,C/sosp. Al. Prov. Supp. Gener. Sez. E),off_balance,False,,0,0,professionista,standard,
